-- Uh Oh
local Players = game:GetService('Players')
local RunService = game:GetService('RunService')

local player = Players.LocalPlayer
local camera = workspace.CurrentCamera

local root = player.Character:WaitForChild('HumanoidRootPart')

camera.CameraType = Enum.CameraType.Scriptable

local frames = {
	{cf=CFrame.new(-0.054871,9.409546,16.837742,1.000000,0.000215,-0.000448,-0.000000,0.901396,0.432995,0.000497,-0.432995,0.901396),fov=70.000000,dt=0.016458},
	{cf=CFrame.new(-0.056671,9.407684,16.833900,1.000000,0.000215,-0.000448,-0.000000,0.901396,0.432995,0.000497,-0.432995,0.901396),fov=70.000000,dt=0.021519},
	{cf=CFrame.new(-0.058411,9.405884,16.830021,1.000000,0.000215,-0.000448,-0.000000,0.901396,0.432995,0.000497,-0.432995,0.901396),fov=70.000000,dt=0.013327},
	{cf=CFrame.new(-0.060181,9.404114,16.825954,1.000000,0.000215,-0.000448,-0.000000,0.901396,0.432995,0.000497,-0.432995,0.901396),fov=70.000000,dt=0.015795},
	{cf=CFrame.new(-0.061951,9.402374,16.821747,1.000000,0.000215,-0.000448,-0.000000,0.901396,0.432995,0.000497,-0.432995,0.901396),fov=70.000000,dt=0.016248},
	{cf=CFrame.new(-0.063751,9.400726,16.817345,1.000000,0.000215,-0.000448,-0.000000,0.901396,0.432995,0.000497,-0.432995,0.901396),fov=70.000000,dt=0.017597},
	{cf=CFrame.new(-0.065674,9.399109,16.812370,1.000000,0.000215,-0.000448,-0.000000,0.901396,0.432995,0.000497,-0.432995,0.901396),fov=70.000000,dt=0.032445},
	{cf=CFrame.new(-0.067688,9.397552,16.806812,1.000000,0.000215,-0.000448,-0.000000,0.901396,0.432995,0.000497,-0.432995,0.901396),fov=70.000000,dt=0.023551},
	{cf=CFrame.new(-0.069763,9.396057,16.801083,1.000000,0.000215,-0.000448,-0.000000,0.901396,0.432995,0.000497,-0.432995,0.901396),fov=70.000000,dt=0.021888},
	{cf=CFrame.new(-0.070160,9.397552,16.796749,1.000000,0.000215,-0.000448,-0.000000,0.901396,0.432995,0.000497,-0.432995,0.901396),fov=70.000000,dt=0.019263},
	{cf=CFrame.new(-0.068695,9.401001,16.794960,1.000000,0.000215,-0.000448,-0.000000,0.901396,0.432995,0.000497,-0.432995,0.901396),fov=70.000000,dt=0.016420},
	{cf=CFrame.new(-0.064850,9.405457,16.796947,1.000000,0.000215,-0.000448,-0.000000,0.901396,0.432995,0.000497,-0.432995,0.901396),fov=70.000000,dt=0.016400},
	{cf=CFrame.new(-0.058167,9.410004,16.804100,1.000000,0.000215,-0.000448,-0.000000,0.901396,0.432995,0.000497,-0.432995,0.901396),fov=70.000000,dt=0.015138},
	{cf=CFrame.new(-0.048004,9.413696,16.817966,1.000000,0.000215,-0.000448,-0.000000,0.901396,0.432995,0.000497,-0.432995,0.901396),fov=70.000000,dt=0.018136},
	{cf=CFrame.new(-0.033508,9.414978,16.841614,1.000000,0.000215,-0.000448,-0.000000,0.901396,0.432995,0.000497,-0.432995,0.901396),fov=70.000000,dt=0.019356},
	{cf=CFrame.new(-0.018463,9.413483,16.867592,1.000000,0.000215,-0.000448,-0.000000,0.901396,0.432995,0.000497,-0.432995,0.901396),fov=70.000000,dt=0.018296},
	{cf=CFrame.new(-0.002380,9.408691,16.897202,1.000000,0.000215,-0.000448,-0.000000,0.901396,0.432995,0.000497,-0.432995,0.901396),fov=70.000000,dt=0.020632},
	{cf=CFrame.new(0.014648,9.400848,16.930386,1.000000,0.000215,-0.000448,-0.000000,0.901396,0.432995,0.000497,-0.432995,0.901396),fov=70.000000,dt=0.021631},
	{cf=CFrame.new(0.033051,9.389435,16.968613,1.000000,0.000215,-0.000448,-0.000000,0.901396,0.432995,0.000497,-0.432995,0.901396),fov=70.000000,dt=0.025946},
	{cf=CFrame.new(0.050812,9.377533,17.009060,1.000000,0.000215,-0.000448,-0.000000,0.901396,0.432995,0.000497,-0.432995,0.901396),fov=70.000000,dt=0.021828},
	{cf=CFrame.new(0.066467,9.367401,17.047100,1.000000,0.000215,-0.000448,-0.000000,0.901396,0.432995,0.000497,-0.432995,0.901396),fov=70.000000,dt=0.013018},
	{cf=CFrame.new(0.080261,9.359039,17.083633,1.000000,0.000215,-0.000448,-0.000000,0.901396,0.432995,0.000497,-0.432995,0.901396),fov=70.000000,dt=0.015756},
	{cf=CFrame.new(0.092407,9.352234,17.118877,1.000000,0.000215,-0.000448,-0.000000,0.901396,0.432995,0.000497,-0.432995,0.901396),fov=70.000000,dt=0.015960},
	{cf=CFrame.new(0.103088,9.346771,17.153080,1.000000,0.000215,-0.000448,-0.000000,0.901396,0.432995,0.000497,-0.432995,0.901396),fov=70.000000,dt=0.016312},
	{cf=CFrame.new(0.112183,9.342651,17.184944,1.000000,0.000215,-0.000448,-0.000000,0.901396,0.432995,0.000497,-0.432995,0.901396),fov=70.000000,dt=0.016864},
	{cf=CFrame.new(0.118561,9.340637,17.212910,1.000000,0.000215,-0.000448,-0.000000,0.901396,0.432995,0.000497,-0.432995,0.901396),fov=70.000000,dt=0.014878},
	{cf=CFrame.new(0.122498,9.340485,17.237316,1.000000,0.000215,-0.000448,-0.000000,0.901396,0.432995,0.000497,-0.432995,0.901396),fov=70.000000,dt=0.017767},
	{cf=CFrame.new(0.123383,9.342773,17.258186,1.000000,0.000215,-0.000448,-0.000000,0.901396,0.432995,0.000497,-0.432995,0.901396),fov=70.000000,dt=0.022117},
	{cf=CFrame.new(0.122009,9.346741,17.276001,1.000000,0.000215,-0.000448,-0.000000,0.901396,0.432995,0.000497,-0.432995,0.901396),fov=70.000000,dt=0.024297},
	{cf=CFrame.new(0.118225,9.352478,17.290810,1.000000,0.000215,-0.000448,-0.000000,0.901396,0.432995,0.000497,-0.432995,0.901396),fov=70.000000,dt=0.020352},
	{cf=CFrame.new(0.112396,9.358337,17.301014,1.000000,0.000215,-0.000448,-0.000000,0.901396,0.432995,0.000497,-0.432995,0.901396),fov=70.000000,dt=0.020463},
	{cf=CFrame.new(0.103149,9.363464,17.303238,1.000000,0.000215,-0.000448,-0.000000,0.901396,0.432995,0.000497,-0.432995,0.901396),fov=70.000000,dt=0.022933},
	{cf=CFrame.new(0.089996,9.367676,17.296822,1.000000,0.000215,-0.000448,-0.000000,0.901396,0.432995,0.000497,-0.432995,0.901396),fov=70.000000,dt=0.023146},
	{cf=CFrame.new(0.074982,9.368347,17.281136,1.000000,0.000215,-0.000448,-0.000000,0.901396,0.432995,0.000497,-0.432995,0.901396),fov=70.000000,dt=0.022972},
	{cf=CFrame.new(0.058197,9.359802,17.250233,1.000000,0.000215,-0.000448,-0.000000,0.901396,0.432995,0.000497,-0.432995,0.901396),fov=70.000000,dt=0.023241},
	{cf=CFrame.new(0.038300,9.341980,17.206219,1.000000,0.000215,-0.000448,-0.000000,0.901396,0.432995,0.000497,-0.432995,0.901396),fov=70.000000,dt=0.023087},
	{cf=CFrame.new(0.013489,9.321167,17.150120,1.000000,0.000215,-0.000448,-0.000000,0.901396,0.432995,0.000497,-0.432995,0.901396),fov=70.000000,dt=0.016948},
	{cf=CFrame.new(-0.025146,9.298920,17.077114,1.000000,0.000215,-0.000448,-0.000000,0.901396,0.432995,0.000497,-0.432995,0.901396),fov=70.000000,dt=0.022424},
	{cf=CFrame.new(-0.096100,9.382965,16.947382,0.999999,-0.000621,-0.001398,0.001171,0.898589,0.438791,0.000983,-0.438792,0.898588),fov=70.000000,dt=0.019443},
	{cf=CFrame.new(0.036652,9.288361,16.907654,0.999945,-0.005352,0.009013,0.000898,0.900408,0.435045,-0.010443,-0.435013,0.900363),fov=70.000000,dt=0.016110},
	{cf=CFrame.new(16.639448,9.211334,-0.500977,-0.032848,-0.431242,0.901639,-0.000307,0.902130,0.431465,-0.999461,0.013896,-0.029765),fov=70.000000,dt=0.046506},
	{cf=CFrame.new(7.990753,5.797455,8.995026,0.675657,-0.117321,0.727821,-0.072180,0.971985,0.223685,-0.733675,-0.203668,0.648260),fov=64.417770,dt=0.138771},
	{cf=CFrame.new(6.335327,3.534698,6.122162,0.517824,-0.077609,0.851960,-0.074083,0.988067,0.135036,-0.852274,-0.133040,0.505896),fov=60.636860,dt=0.064920},
	{cf=CFrame.new(3.293762,2.249054,5.121619,0.506126,-0.063129,0.860147,-0.084031,0.988963,0.122028,-0.858357,-0.134041,0.495235),fov=58.429668,dt=0.044815},
	{cf=CFrame.new(3.519531,1.507721,3.976858,0.424086,-0.030801,0.905098,-0.098933,0.991864,0.080109,-0.900202,-0.123517,0.417588),fov=57.234882,dt=0.035736},
	{cf=CFrame.new(3.597412,1.244965,3.581133,0.395938,-0.016505,0.918130,-0.106960,0.992204,0.063962,-0.912027,-0.123528,0.391085),fov=56.816097,dt=0.017726},
	{cf=CFrame.new(3.651367,1.064362,3.309886,0.376030,-0.011356,0.926538,-0.103947,0.993096,0.054359,-0.920759,-0.116752,0.372253),fov=56.528454,dt=0.021668},
	{cf=CFrame.new(3.709747,0.871674,3.020497,0.353899,-0.012875,0.935195,-0.087723,0.995040,0.046896,-0.931161,-0.098634,0.351015),fov=56.221409,dt=0.018350},
	{cf=CFrame.new(3.766632,0.681030,2.740022,0.332632,-0.015474,0.942930,-0.068225,0.996851,0.040426,-0.940586,-0.077778,0.330528),fov=55.920269,dt=0.022897},
	{cf=CFrame.new(3.817719,0.505920,2.490429,0.314066,-0.019509,0.949201,-0.045701,0.998319,0.035640,-0.948301,-0.054573,0.312647),fov=55.647270,dt=0.033065},
	{cf=CFrame.new(3.850616,0.389282,2.331380,0.302616,-0.023749,0.952817,-0.026721,0.999085,0.033389,-0.952738,-0.035564,0.301705),fov=55.468750,dt=0.024310},
	{cf=CFrame.new(3.880219,0.296692,2.178503,0.292836,-0.027547,0.955766,-0.006984,0.999497,0.030947,-0.956138,-0.015737,0.292496),fov=55.294304,dt=0.034872},
	{cf=CFrame.new(3.898102,0.246796,2.079845,0.287743,-0.031333,0.957195,0.010381,0.999508,0.029598,-0.957652,0.001420,0.287927),fov=55.176155,dt=0.027479},
	{cf=CFrame.new(3.903900,0.231873,2.046564,0.286521,-0.033514,0.957488,0.018829,0.999392,0.029346,-0.957889,0.009620,0.286977),fov=55.133423,dt=0.021629},
	{cf=CFrame.new(3.909424,0.219269,2.012275,0.285970,-0.037080,0.957521,0.031248,0.999080,0.029357,-0.957729,0.021525,0.286866),fov=55.085236,dt=0.019631},
	{cf=CFrame.new(3.908661,0.215118,1.998621,0.287647,-0.037538,0.957001,0.036904,0.998924,0.028090,-0.957026,0.027237,0.288722),fov=55.052105,dt=0.029966},
	{cf=CFrame.new(3.893402,0.218994,2.015539,0.294795,-0.028360,0.955140,0.025450,0.999438,0.021821,-0.955222,0.017875,0.295351),fov=55.022423,dt=0.034179},
	{cf=CFrame.new(3.883514,0.225464,2.031909,0.299311,-0.023363,0.953870,0.018929,0.999649,0.018544,-0.953968,0.012505,0.299648),fov=55.013092,dt=0.023977},
	{cf=CFrame.new(3.867950,0.211700,2.069987,0.317846,-0.051453,0.946746,0.018997,0.998672,0.047897,-0.947953,0.002761,0.318401),fov=55.004799,dt=0.035179},
	{cf=CFrame.new(3.851410,0.200806,2.112775,0.336925,-0.079205,0.938195,0.019574,0.996829,0.077125,-0.941328,-0.007621,0.337407),fov=55.001366,dt=0.029353},
	{cf=CFrame.new(3.838745,0.193604,2.146433,0.351443,-0.099733,0.930883,0.020382,0.994889,0.098896,-0.935988,-0.015783,0.351679),fov=55.000408,dt=0.025506},
	{cf=CFrame.new(3.826538,0.193054,2.176075,0.358939,-0.101537,0.927822,0.015119,0.994567,0.102993,-0.933239,-0.022940,0.358524),fov=55.000114,dt=0.025561},
	{cf=CFrame.new(3.802795,0.198456,2.231085,0.366763,-0.086550,0.926280,-0.001730,0.995598,0.093712,-0.930313,-0.035973,0.364999),fov=55.000004,dt=0.038300},
	{cf=CFrame.new(3.784271,0.202698,2.273961,0.372755,-0.074838,0.924908,-0.014855,0.996133,0.086588,-0.927812,-0.046015,0.370202),fov=55.000000,dt=0.024525},
	{cf=CFrame.new(3.773682,0.205109,2.298470,0.376139,-0.068124,0.924056,-0.022361,0.996336,0.082555,-0.926294,-0.051715,0.373238),fov=55.000000,dt=0.014989},
	{cf=CFrame.new(3.758240,0.212067,2.333559,0.381786,-0.059082,0.922361,-0.029982,0.996638,0.076250,-0.923765,-0.056766,0.378731),fov=55.000000,dt=0.024417},
	{cf=CFrame.new(3.745056,0.235565,2.360289,0.390568,-0.055381,0.918907,-0.019448,0.997470,0.068381,-0.920369,-0.044578,0.388503),fov=55.000000,dt=0.026778},
	{cf=CFrame.new(3.729614,0.263000,2.391521,0.400891,-0.051223,0.914693,-0.007292,0.998225,0.059097,-0.916098,-0.030361,0.399806),fov=55.000000,dt=0.026739},
	{cf=CFrame.new(3.716370,0.286530,2.418285,0.409799,-0.047799,0.910924,0.003009,0.998692,0.051051,-0.912172,-0.018180,0.409406),fov=55.000000,dt=0.025059},
	{cf=CFrame.new(3.706085,0.304504,2.439776,0.415690,-0.044237,0.908431,0.012918,0.999003,0.042736,-0.909416,-0.006030,0.415847),fov=55.000000,dt=0.027961},
	{cf=CFrame.new(3.698883,0.316040,2.457960,0.415465,-0.037471,0.908838,0.028445,0.999198,0.028193,-0.909165,0.014138,0.416198),fov=55.000000,dt=0.019817},
	{cf=CFrame.new(3.687317,0.334503,2.487057,0.415654,-0.026645,0.909133,0.053273,0.998568,0.004910,-0.907962,0.046392,0.416478),fov=55.000000,dt=0.026434},
	{cf=CFrame.new(3.682922,0.341400,2.497983,0.415898,-0.022590,0.909131,0.062570,0.998033,-0.003824,-0.907257,0.058475,0.416494),fov=55.000000,dt=0.013488},
	{cf=CFrame.new(3.678619,0.348328,2.508874,0.416238,-0.018542,0.909067,0.071857,0.997336,-0.012559,-0.906413,0.070550,0.416461),fov=55.000000,dt=0.014170},
	{cf=CFrame.new(3.672821,0.357544,2.523446,0.416837,-0.013157,0.908887,0.084217,0.996153,-0.024204,-0.905072,0.086633,0.416342),fov=55.000000,dt=0.019445},
	{cf=CFrame.new(3.664490,0.348022,2.556751,0.431865,-0.033612,0.901313,0.088585,0.996055,-0.005300,-0.897578,0.082132,0.433138),fov=55.000000,dt=0.032540},
	{cf=CFrame.new(3.660828,0.343781,2.571554,0.438519,-0.042637,0.897711,0.090620,0.995881,0.003033,-0.894143,0.080021,0.440576),fov=55.000000,dt=0.015611},
	{cf=CFrame.new(3.657104,0.339539,2.586340,0.445155,-0.051619,0.893965,0.092713,0.995628,0.011323,-0.890641,0.077842,0.447995),fov=55.000000,dt=0.017309},
	{cf=CFrame.new(3.653412,0.335297,2.601161,0.451774,-0.060557,0.890076,0.094863,0.995298,0.019567,-0.887075,0.075596,0.455394),fov=55.000000,dt=0.016559},
	{cf=CFrame.new(3.648804,0.329987,2.619661,0.460020,-0.071666,0.885012,0.097631,0.994776,0.029807,-0.882525,0.072693,0.464614),fov=55.000000,dt=0.021735},
	{cf=CFrame.new(3.644379,0.323730,2.638095,0.464593,-0.070993,0.882675,0.092143,0.995246,0.031548,-0.880718,0.066675,0.468926),fov=55.000000,dt=0.019875},
	{cf=CFrame.new(3.640961,0.318207,2.652806,0.466278,-0.064189,0.882307,0.083309,0.996118,0.028442,-0.880707,0.060242,0.469816),fov=55.000000,dt=0.017621},
	{cf=CFrame.new(3.636688,0.311310,2.671178,0.468343,-0.055672,0.881792,0.072258,0.997083,0.024572,-0.880588,0.052208,0.470999),fov=55.000000,dt=0.020626},
	{cf=CFrame.new(3.632385,0.304413,2.689584,0.470360,-0.047140,0.881216,0.061198,0.997911,0.020717,-0.880351,0.044184,0.472262),fov=55.000000,dt=0.022652},
	{cf=CFrame.new(3.628082,0.297516,2.707971,0.472330,-0.038595,0.880577,0.050130,0.998600,0.016879,-0.879996,0.036171,0.473603),fov=55.000000,dt=0.023245},
	{cf=CFrame.new(3.623810,0.290619,2.726357,0.474251,-0.030038,0.879878,0.039057,0.999152,0.013058,-0.879523,0.028173,0.475022),fov=55.000000,dt=0.017849},
	{cf=CFrame.new(3.617828,0.295288,2.744364,0.474902,-0.025592,0.879667,0.036090,0.999302,0.009588,-0.879299,0.027194,0.475495),fov=55.000000,dt=0.022067},
	{cf=CFrame.new(3.611420,0.302856,2.762259,0.475243,-0.022176,0.879576,0.035149,0.999363,0.006204,-0.879153,0.027968,0.475720),fov=55.000000,dt=0.020488},
	{cf=CFrame.new(3.603729,0.311920,2.783741,0.475653,-0.018077,0.879448,0.034018,0.999419,0.002144,-0.878976,0.028897,0.475992),fov=55.000000,dt=0.024184},
	{cf=CFrame.new(3.594757,0.322540,2.808819,0.476134,-0.013297,0.879273,0.032697,0.999462,-0.002591,-0.878765,0.029983,0.476313),fov=55.000000,dt=0.030543},
	{cf=CFrame.new(3.584534,0.334625,2.837480,0.476201,-0.007017,0.879309,0.037095,0.999238,-0.012115,-0.878555,0.038387,0.476099),fov=55.000000,dt=0.035128},
	{cf=CFrame.new(3.572968,0.348267,2.869694,0.475055,0.002833,0.879953,0.061994,0.997402,-0.036679,-0.877771,0.071976,0.473645),fov=55.000000,dt=0.036567},
	{cf=CFrame.new(3.562714,0.360382,2.898374,0.474607,0.011602,0.880122,0.084102,0.994741,-0.058465,-0.876172,0.101768,0.471135),fov=55.000000,dt=0.028917},
	{cf=CFrame.new(3.556305,0.367950,2.916270,0.474600,0.017077,0.880037,0.097890,0.992585,-0.072052,-0.874742,0.120343,0.469409),fov=55.000000,dt=0.021394},
	{cf=CFrame.new(3.552460,0.372467,2.927035,0.474697,0.020356,0.879915,0.106148,0.991111,-0.080193,-0.873726,0.131468,0.468317),fov=55.000000,dt=0.015315},
	{cf=CFrame.new(3.546051,0.380035,2.944915,0.475026,0.025806,0.879594,0.119878,0.988353,-0.093737,-0.871769,0.149972,0.466400),fov=55.000000,dt=0.019827},
	{cf=CFrame.new(3.539673,0.387604,2.962830,0.466497,-0.014450,0.884406,0.130912,0.989983,-0.052877,-0.874783,0.140446,0.463715),fov=55.000000,dt=0.023636},
	{cf=CFrame.new(-5.340424,-1.445526,2.508920,0.448852,-0.172767,-0.876747,-0.010321,0.980065,-0.198410,0.893547,0.098105,0.438121),fov=55.000000,dt=0.036474},
	{cf=CFrame.new(-5.347321,-1.441742,2.508103,0.447780,-0.176292,-0.876593,-0.004023,0.979964,-0.199136,0.894135,0.092696,0.438099),fov=55.000000,dt=0.017421},
	{cf=CFrame.new(-5.355957,-1.437012,2.507071,0.446430,-0.180690,-0.876386,0.003852,0.979779,-0.200045,0.894811,0.085930,0.438099),fov=55.000000,dt=0.021595},
	{cf=CFrame.new(-5.362885,-1.433197,2.506273,0.445340,-0.184201,-0.876210,0.010154,0.979586,-0.200772,0.895305,0.080514,0.438119),fov=55.000000,dt=0.014684},
	{cf=CFrame.new(-5.368073,-1.430359,2.505656,0.444517,-0.186830,-0.876071,0.014882,0.979413,-0.201317,0.895647,0.076452,0.438146),fov=55.000000,dt=0.014655},
	{cf=CFrame.new(-5.374969,-1.426575,2.504842,0.443413,-0.190330,-0.875877,0.021186,0.979147,-0.202045,0.896068,0.071033,0.438199),fov=55.000000,dt=0.015860},
	{cf=CFrame.new(-5.381836,-1.420563,2.504608,0.443288,-0.189256,-0.876173,0.020195,0.979318,-0.201318,0.896153,0.071547,0.437941),fov=55.000000,dt=0.016691},
	{cf=CFrame.new(-5.388641,-1.413849,2.504567,0.443486,-0.186657,-0.876630,0.016772,0.979631,-0.200104,0.896125,0.074041,0.437583),fov=55.000000,dt=0.016570},
	{cf=CFrame.new(-5.395416,-1.407104,2.504510,0.443680,-0.184057,-0.877082,0.013348,0.979931,-0.198888,0.896087,0.076536,0.437232),fov=55.000000,dt=0.017076},
	{cf=CFrame.new(-5.402252,-1.400391,2.504503,0.443868,-0.181456,-0.877528,0.009924,0.980218,-0.197671,0.896038,0.079031,0.436889),fov=55.000000,dt=0.016444},
	{cf=CFrame.new(-5.409058,-1.393646,2.504446,0.444053,-0.178854,-0.877969,0.006500,0.980492,-0.196451,0.895977,0.081528,0.436553),fov=55.000000,dt=0.016942},
	{cf=CFrame.new(-5.415894,-1.386902,2.504423,0.444234,-0.176250,-0.878404,0.003076,0.980753,-0.195230,0.895906,0.084026,0.436226),fov=55.000000,dt=0.016509},
	{cf=CFrame.new(-5.422668,-1.380188,2.504397,0.444411,-0.173644,-0.878833,-0.000348,0.981000,-0.194007,0.895824,0.086525,0.435907),fov=55.000000,dt=0.016435},
	{cf=CFrame.new(-5.429504,-1.373444,2.504341,0.444582,-0.171038,-0.879258,-0.003772,0.981234,-0.192782,0.895731,0.089024,0.435594),fov=55.000000,dt=0.017086},
	{cf=CFrame.new(-5.436584,-1.361542,2.505142,0.440246,-0.169431,-0.881747,-0.004572,0.981599,-0.190901,0.897866,0.088075,0.431370),fov=55.000000,dt=0.016884},
	{cf=CFrame.new(-5.443756,-1.347900,2.506214,0.434392,-0.168142,-0.884892,-0.004484,0.982006,-0.188797,0.900714,0.085979,0.425822),fov=55.000000,dt=0.016219},
	{cf=CFrame.new(-5.450897,-1.334229,2.507283,0.428522,-0.166836,-0.887996,-0.004380,0.982409,-0.186688,0.903522,0.083889,0.420253),fov=55.000000,dt=0.016674},
	{cf=CFrame.new(-5.458038,-1.320587,2.508352,0.422634,-0.165513,-0.891059,-0.004259,0.982809,-0.184576,0.906291,0.081803,0.414664),fov=55.000000,dt=0.017754},
	{cf=CFrame.new(-5.465210,-1.306946,2.509439,0.416731,-0.164172,-0.894083,-0.004124,0.983205,-0.182459,0.909021,0.079723,0.409055),fov=55.000000,dt=0.016013},
	{cf=CFrame.new(-5.474152,-1.289886,2.510756,0.409330,-0.162472,-0.897805,-0.003931,0.983694,-0.179808,0.912379,0.077130,0.402016),fov=55.000000,dt=0.019649},
	{cf=CFrame.new(-5.481323,-1.276245,2.511844,0.403391,-0.161093,-0.900737,-0.003760,0.984081,-0.177683,0.915021,0.075062,0.396363),fov=55.000000,dt=0.019800},
	{cf=CFrame.new(-5.490143,-1.255890,2.515879,0.397279,-0.160767,-0.903507,-0.001580,0.984414,-0.175858,0.917697,0.071292,0.390833),fov=55.000000,dt=0.021438},
	{cf=CFrame.new(-5.494263,-1.239105,2.523287,0.396882,-0.163441,-0.903201,0.003400,0.984274,-0.176617,0.917864,0.067025,0.391197),fov=55.000000,dt=0.020393},
	{cf=CFrame.new(-5.496796,-1.229034,2.527735,0.396642,-0.165044,-0.903015,0.006388,0.984177,-0.177072,0.917952,0.064466,0.391421),fov=55.000000,dt=0.015636},
	{cf=CFrame.new(-5.500092,-1.215607,2.533646,0.396320,-0.167180,-0.902764,0.010373,0.984034,-0.177677,0.918055,0.061053,0.391726),fov=55.000000,dt=0.014575},
	{cf=CFrame.new(-5.502625,-1.205536,2.538094,0.396076,-0.168782,-0.902573,0.013361,0.983916,-0.178130,0.918121,0.058494,0.391961),fov=55.000000,dt=0.013480},
	{cf=CFrame.new(-5.505096,-1.195465,2.542539,0.395830,-0.170383,-0.902380,0.016349,0.983789,-0.178582,0.918179,0.055935,0.392199),fov=55.000000,dt=0.013051},
	{cf=CFrame.new(-5.507599,-1.185394,2.546987,0.395583,-0.171983,-0.902185,0.019338,0.983653,-0.179034,0.918227,0.053376,0.392442),fov=55.000000,dt=0.012797},
	{cf=CFrame.new(-5.510895,-1.171967,2.552913,0.395251,-0.174115,-0.901921,0.023322,0.983457,-0.179634,0.918278,0.049966,0.392773),fov=55.000000,dt=0.015452},
	{cf=CFrame.new(-5.514252,-1.158539,2.558828,0.394916,-0.176245,-0.901654,0.027307,0.983245,-0.180234,0.918312,0.046556,0.393111),fov=55.000000,dt=0.016336},
	{cf=CFrame.new(-5.518311,-1.148041,2.563158,0.396289,-0.178704,-0.900567,0.028091,0.982776,-0.182656,0.917697,0.047087,0.394483),fov=55.000000,dt=0.017482},
	{cf=CFrame.new(-5.522614,-1.138489,2.566922,0.398234,-0.181266,-0.899196,0.027816,0.982216,-0.185683,0.916863,0.048934,0.396194),fov=55.000000,dt=0.016046},
	{cf=CFrame.new(-5.526917,-1.128967,2.570705,0.400181,-0.183821,-0.897812,0.027548,0.981647,-0.188707,0.916023,0.050784,0.397900),fov=55.000000,dt=0.016607},
	{cf=CFrame.new(-5.531250,-1.119446,2.574503,0.402131,-0.186368,-0.896415,0.027287,0.981069,-0.191727,0.915176,0.052639,0.399603),fov=55.000000,dt=0.016769},
	{cf=CFrame.new(-5.535583,-1.109894,2.578286,0.404082,-0.188907,-0.895004,0.027033,0.980482,-0.194744,0.914324,0.054498,0.401302),fov=55.000000,dt=0.016547},
	{cf=CFrame.new(-5.539886,-1.100372,2.582050,0.406035,-0.191439,-0.893581,0.026787,0.979885,-0.197757,0.913465,0.056360,0.402996),fov=55.000000,dt=0.019143},
	{cf=CFrame.new(-5.544220,-1.090851,2.585848,0.407992,-0.193963,-0.892145,0.026548,0.979279,-0.200766,0.912600,0.058226,0.404687),fov=55.000000,dt=0.014401},
	{cf=CFrame.new(-5.548523,-1.081299,2.589631,0.409949,-0.196479,-0.890696,0.026316,0.978665,-0.203772,0.911730,0.060096,0.406373),fov=55.000000,dt=0.017373},
	{cf=CFrame.new(-5.552826,-1.071777,2.593410,0.411908,-0.198988,-0.889234,0.026092,0.978041,-0.206774,0.910852,0.061970,0.408055),fov=55.000000,dt=0.016598},
	{cf=CFrame.new(-5.559082,-1.060272,2.595181,0.412779,-0.197440,-0.889175,0.023486,0.978206,-0.206306,0.910529,0.064276,0.408420),fov=55.000000,dt=0.015731},
	{cf=CFrame.new(-5.567688,-1.045074,2.596533,0.413408,-0.193815,-0.889680,0.019234,0.978724,-0.204276,0.910343,0.067337,0.408341),fov=55.000000,dt=0.020043},
	{cf=CFrame.new(-5.574585,-1.032898,2.597610,0.413906,-0.190912,-0.890076,0.015832,0.979123,-0.202650,0.910183,0.069786,0.408288),fov=55.000000,dt=0.019096},
	{cf=CFrame.new(-5.583160,-1.017700,2.598977,0.414521,-0.187281,-0.890561,0.011579,0.979601,-0.200616,0.909967,0.072848,0.408234),fov=55.000000,dt=0.018323},
	{cf=CFrame.new(-5.590057,-1.005554,2.600071,0.415007,-0.184373,-0.890942,0.008176,0.979968,-0.198988,0.909782,0.075297,0.408201),fov=55.000000,dt=0.017390},
	{cf=CFrame.new(-5.598663,-0.990356,2.601439,0.415608,-0.180736,-0.891407,0.003922,0.980405,-0.196952,0.909536,0.078359,0.408173),fov=55.000000,dt=0.019373},
	{cf=CFrame.new(-5.605560,-0.978210,2.602515,0.416084,-0.177824,-0.891770,0.000518,0.980739,-0.195323,0.909327,0.080809,0.408161),fov=55.000000,dt=0.017967},
	{cf=CFrame.new(-5.615082,-0.963135,2.602692,0.414072,-0.174800,-0.893303,-0.000462,0.981347,-0.192243,0.910245,0.080015,0.406268),fov=55.000000,dt=0.019622},
	{cf=CFrame.new(-5.621124,-0.954132,2.602320,0.411826,-0.173227,-0.894647,0.000267,0.981789,-0.189977,0.911263,0.077998,0.404372),fov=55.000000,dt=0.015354},
	{cf=CFrame.new(-5.629242,-0.942139,2.601828,0.408832,-0.171117,-0.896424,0.001249,0.982368,-0.186953,0.912609,0.075312,0.401838),fov=55.000000,dt=0.017362},
	{cf=CFrame.new(-5.639343,-0.927155,2.601227,0.405092,-0.168463,-0.898622,0.002494,0.983078,-0.183171,0.914273,0.071960,0.398658),fov=55.000000,dt=0.019324},
	{cf=CFrame.new(-5.649475,-0.912170,2.600592,0.401355,-0.165789,-0.900794,0.003758,0.983772,-0.179386,0.915916,0.068612,0.395465),fov=55.000000,dt=0.023101},
	{cf=CFrame.new(-5.661591,-0.894196,2.599867,0.396873,-0.162554,-0.903365,0.005299,0.984582,-0.174841,0.917859,0.064603,0.391616),fov=55.000000,dt=0.020964},
	{cf=CFrame.new(-5.671722,-0.879211,2.599251,0.393142,-0.159837,-0.905479,0.006604,0.985240,-0.171050,0.919455,0.061268,0.388395),fov=55.000000,dt=0.022679},
	{cf=CFrame.new(-5.681824,-0.864227,2.598616,0.389414,-0.157101,-0.907566,0.007927,0.985882,-0.167257,0.921029,0.057938,0.385162),fov=55.000000,dt=0.019611},
	{cf=CFrame.new(-5.688812,-0.850067,2.601829,0.389505,-0.158832,-0.907226,0.011552,0.985783,-0.167626,0.920952,0.054811,0.385803),fov=55.000000,dt=0.021543},
	{cf=CFrame.new(-5.695801,-0.835907,2.605007,0.389595,-0.160563,-0.906883,0.015178,0.985672,-0.167992,0.920862,0.051685,0.386450),fov=55.000000,dt=0.019530},
	{cf=CFrame.new(-5.702789,-0.821777,2.608220,0.389683,-0.162294,-0.906537,0.018803,0.985547,-0.168356,0.920758,0.048560,0.387102),fov=55.000000,dt=0.025633},
	{cf=CFrame.new(-5.711182,-0.804779,2.612049,0.389786,-0.164371,-0.906118,0.023152,0.985380,-0.168790,0.920615,0.044813,0.387893),fov=55.000000,dt=0.022553},
	{cf=CFrame.new(-5.716766,-0.793457,2.614576,0.389853,-0.165756,-0.905837,0.026051,0.985258,-0.169077,0.920509,0.042317,0.388424),fov=55.000000,dt=0.016813},
	{cf=CFrame.new(-5.725159,-0.776489,2.618424,0.389951,-0.167833,-0.905412,0.030400,0.985060,-0.169504,0.920334,0.038574,0.389228),fov=55.000000,dt=0.024852},
	{cf=CFrame.new(-5.728210,-0.769287,2.623266,0.389838,-0.169806,-0.905093,0.034235,0.984845,-0.170023,0.920248,0.035296,0.389743),fov=55.000000,dt=0.017809},
	{cf=CFrame.new(-5.731049,-0.761993,2.630275,0.389619,-0.172516,-0.904675,0.039418,0.984523,-0.170767,0.920133,0.030874,0.390389),fov=55.000000,dt=0.019494},
	{cf=CFrame.new(-5.733276,-0.756134,2.635875,0.389441,-0.174683,-0.904336,0.043563,0.984245,-0.171359,0.920021,0.027338,0.390915),fov=55.000000,dt=0.014414},
	{cf=CFrame.new(-5.734955,-0.751770,2.640084,0.389305,-0.176308,-0.904079,0.046672,0.984025,-0.171802,0.919927,0.024688,0.391315),fov=55.000000,dt=0.014805},
	{cf=CFrame.new(-5.737213,-0.745911,2.645700,0.389122,-0.178474,-0.903733,0.050817,0.983717,-0.172389,0.919784,0.021156,0.391855),fov=55.000000,dt=0.015777},
	{cf=CFrame.new(-5.739441,-0.740082,2.651299,0.388935,-0.180638,-0.903383,0.054960,0.983392,-0.172975,0.919625,0.017626,0.392403),fov=55.000000,dt=0.017271},
	{cf=CFrame.new(-5.741669,-0.734253,2.656899,0.388745,-0.182802,-0.903029,0.059103,0.983049,-0.173557,0.919448,0.014098,0.392960),fov=55.000000,dt=0.016486},
	{cf=CFrame.new(-5.743927,-0.728394,2.662499,0.388553,-0.184965,-0.902672,0.063245,0.982688,-0.174137,0.919254,0.010572,0.393524),fov=55.000000,dt=0.016670},
	{cf=CFrame.new(-5.746185,-0.722565,2.668132,0.388357,-0.187126,-0.902310,0.067386,0.982311,-0.174714,0.919043,0.007049,0.394097),fov=55.000000,dt=0.016727},
	{cf=CFrame.new(-5.746521,-0.715515,2.676401,0.388284,-0.190381,-0.901661,0.067062,0.981671,-0.178396,0.919097,0.008801,0.393935),fov=55.000000,dt=0.016953},
	{cf=CFrame.new(-5.746277,-0.708069,2.685560,0.388267,-0.193998,-0.900897,0.065251,0.980925,-0.183109,0.919235,0.012311,0.393519),fov=55.000000,dt=0.016049},
	{cf=CFrame.new(-5.746002,-0.700623,2.694720,0.388265,-0.197612,-0.900112,0.063441,0.980153,-0.187819,0.919362,0.015819,0.393095),fov=55.000000,dt=0.016930},
	{cf=CFrame.new(-5.745758,-0.693176,2.703880,0.388278,-0.201222,-0.899306,0.061631,0.979355,-0.192523,0.919480,0.019327,0.392663),fov=55.000000,dt=0.016315},
	{cf=CFrame.new(-5.745514,-0.685730,2.713058,0.388307,-0.204828,-0.898479,0.059823,0.978532,-0.197223,0.919587,0.022834,0.392224),fov=55.000000,dt=0.017150},
	{cf=CFrame.new(-5.745239,-0.678284,2.722233,0.388352,-0.208431,-0.897631,0.058016,0.977682,-0.201919,0.919684,0.026339,0.391778),fov=55.000000,dt=0.016585},
	{cf=CFrame.new(-5.744995,-0.670837,2.731393,0.388413,-0.212029,-0.896761,0.056210,0.976807,-0.206609,0.919770,0.029843,0.391323),fov=55.000000,dt=0.016543},
	{cf=CFrame.new(-5.744720,-0.663391,2.740553,0.388490,-0.215624,-0.895870,0.054405,0.975907,-0.211295,0.919846,0.033346,0.390861),fov=55.000000,dt=0.016540},
	{cf=CFrame.new(-5.744476,-0.655945,2.749712,0.388582,-0.219214,-0.894959,0.052602,0.974981,-0.215976,0.919912,0.036848,0.390391),fov=55.000000,dt=0.016855},
	{cf=CFrame.new(-5.747772,-0.649933,2.753973,0.389650,-0.216707,-0.895105,0.049064,0.975426,-0.214794,0.919656,0.039777,0.390707),fov=55.000000,dt=0.016591},
	{cf=CFrame.new(-5.752289,-0.644440,2.756613,0.391031,-0.212162,-0.895591,0.044945,0.976309,-0.211660,0.919280,0.042514,0.391303),fov=55.000000,dt=0.020309},
	{cf=CFrame.new(-5.760193,-0.634796,2.761230,0.393425,-0.204194,-0.896394,0.037729,0.977787,-0.206176,0.918583,0.047295,0.392390),fov=55.000000,dt=0.026867},
	{cf=CFrame.new(-5.764679,-0.629303,2.763870,0.394780,-0.199633,-0.896826,0.033601,0.978593,-0.203044,0.918162,0.050023,0.393037),fov=55.000000,dt=0.016714},
	{cf=CFrame.new(-5.769196,-0.623810,2.766510,0.396125,-0.195067,-0.897238,0.029470,0.979371,-0.199912,0.917724,0.052748,0.393702),fov=55.000000,dt=0.016182},
	{cf=CFrame.new(-5.773682,-0.618286,2.769131,0.397460,-0.190495,-0.897629,0.025337,0.980120,-0.196782,0.917270,0.055470,0.394385),fov=55.000000,dt=0.015550},
	{cf=CFrame.new(-5.778229,-0.612793,2.771770,0.398786,-0.185917,-0.898001,0.021201,0.980841,-0.193653,0.916800,0.058187,0.395087),fov=55.000000,dt=0.017359},
	{cf=CFrame.new(-5.782715,-0.607269,2.774410,0.400101,-0.181334,-0.898353,0.017062,0.981534,-0.190525,0.916313,0.060901,0.395807),fov=55.000000,dt=0.017860},
	{cf=CFrame.new(-5.787415,-0.603088,2.776526,0.401251,-0.177374,-0.898631,0.013909,0.982138,-0.187647,0.915863,0.062794,0.396552),fov=55.000000,dt=0.017763},
	{cf=CFrame.new(-5.793488,-0.599518,2.778526,0.402489,-0.173207,-0.898890,0.011200,0.982795,-0.184360,0.915357,0.064135,0.397504),fov=55.000000,dt=0.016314},
	{cf=CFrame.new(-5.797119,-0.597382,2.779711,0.403228,-0.170705,-0.899037,0.009573,0.983180,-0.182388,0.915050,0.064937,0.398080),fov=55.000000,dt=0.016906},
	{cf=CFrame.new(-5.803192,-0.593811,2.781696,0.404457,-0.166533,-0.899268,0.006860,0.983806,-0.179103,0.914532,0.066271,0.399050),fov=55.000000,dt=0.016605},
	{cf=CFrame.new(-5.808075,-0.590942,2.783289,0.405435,-0.163193,-0.899440,0.004686,0.984294,-0.176477,0.914112,0.067335,0.399832),fov=55.000000,dt=0.018733},
	{cf=CFrame.new(-5.812927,-0.588074,2.784882,0.406411,-0.159852,-0.899599,0.002511,0.984768,-0.173851,0.913687,0.068396,0.400623),fov=55.000000,dt=0.014855},
	{cf=CFrame.new(-5.817932,-0.584808,2.784576,0.406907,-0.158463,-0.899621,0.002638,0.985038,-0.172316,0.913466,0.067743,0.401238),fov=55.000000,dt=0.014524},
	{cf=CFrame.new(-5.825562,-0.579742,2.783157,0.407416,-0.157359,-0.899584,0.003980,0.985340,-0.170557,0.913235,0.065907,0.402069),fov=55.000000,dt=0.017442},
	{cf=CFrame.new(-5.833160,-0.574677,2.781734,0.407927,-0.156255,-0.899545,0.005321,0.985637,-0.168796,0.913000,0.064070,0.402899),fov=55.000000,dt=0.015843},
	{cf=CFrame.new(-5.840729,-0.569611,2.780312,0.408442,-0.155152,-0.899503,0.006661,0.985929,-0.167035,0.912761,0.062233,0.403728),fov=55.000000,dt=0.015156},
	{cf=CFrame.new(-5.848358,-0.564545,2.778908,0.408959,-0.154050,-0.899457,0.007999,0.986216,-0.165272,0.912519,0.060395,0.404554),fov=55.000000,dt=0.016722},
	{cf=CFrame.new(-5.857849,-0.558197,2.777106,0.409610,-0.152674,-0.899395,0.009671,0.986567,-0.163068,0.912210,0.058096,0.405584),fov=55.000000,dt=0.022282},
	{cf=CFrame.new(-5.867371,-0.551880,2.775353,0.410266,-0.151300,-0.899328,0.011341,0.986912,-0.160861,0.911896,0.055797,0.406612),fov=55.000000,dt=0.020857},
	{cf=CFrame.new(-5.879395,-0.539673,2.773443,0.409863,-0.154788,-0.898919,0.021452,0.986859,-0.160150,0.911895,0.046356,0.407798),fov=55.000000,dt=0.022574},
	{cf=CFrame.new(-5.889435,-0.529510,2.771854,0.409527,-0.157692,-0.898567,0.029878,0.986738,-0.159548,0.911809,0.038492,0.408808),fov=55.000000,dt=0.021711},
	{cf=CFrame.new(-5.899445,-0.519348,2.770264,0.409192,-0.160594,-0.898206,0.038303,0.986545,-0.158939,0.911645,0.030632,0.409837),fov=55.000000,dt=0.021147},
	{cf=CFrame.new(-5.907959,-0.509338,2.770609,0.409016,-0.162813,-0.897886,0.045648,0.986373,-0.158065,0.911385,0.023665,0.410875),fov=55.000000,dt=0.022350},
	{cf=CFrame.new(-5.910278,-0.499817,2.778716,0.409483,-0.162313,-0.897764,0.048671,0.986531,-0.156162,0.911019,0.020250,0.411868),fov=55.000000,dt=0.022636},
	{cf=CFrame.new(-5.913544,-0.486511,2.790049,0.410145,-0.161615,-0.897587,0.052901,0.986733,-0.153493,0.910485,0.015471,0.413254),fov=55.000000,dt=0.024395},
	{cf=CFrame.new(-4.458405,1.224579,2.248685,0.518244,0.105494,-0.848702,0.248432,0.931002,0.267424,0.818355,-0.349436,0.456279),fov=55.000000,dt=0.018655},
	{cf=CFrame.new(-0.083588,6.332184,0.608866,0.999110,0.040636,0.011364,-0.014802,0.085334,0.996242,0.039513,-0.995524,0.085860),fov=55.000000,dt=0.023348},
	{cf=CFrame.new(-0.079559,6.317505,0.608460,0.998771,0.048183,0.011637,-0.015656,0.083901,0.996351,0.047030,-0.995309,0.084552),fov=55.000000,dt=0.019598},
	{cf=CFrame.new(-0.074524,6.299164,0.607995,0.998268,0.057603,0.012039,-0.016754,0.082093,0.996484,0.056413,-0.994959,0.082916),fov=55.000000,dt=0.019700},
	{cf=CFrame.new(-0.069458,6.280823,0.607512,0.997675,0.067011,0.012505,-0.017883,0.080267,0.996613,0.065780,-0.994519,0.081278),fov=55.000000,dt=0.018224},
	{cf=CFrame.new(-0.065430,6.266144,0.607106,0.997465,0.070166,0.011916,-0.017435,0.078573,0.996756,0.069002,-0.994437,0.079597),fov=55.000000,dt=0.019975},
	{cf=CFrame.new(-0.061401,6.251465,0.606734,0.998152,0.060209,0.008347,-0.012933,0.076191,0.997009,0.059393,-0.995274,0.076829),fov=55.000000,dt=0.017034},
	{cf=CFrame.new(-0.056366,6.233124,0.606251,0.998854,0.047718,0.003951,-0.007439,0.073157,0.997293,0.047300,-0.996179,0.073428),fov=55.000000,dt=0.017655},
	{cf=CFrame.new(-0.051331,6.214752,0.605786,0.999382,0.035180,-0.000371,-0.002096,0.070063,0.997540,0.035120,-0.996923,0.070093),fov=55.000000,dt=0.022875},
	{cf=CFrame.new(-0.047302,6.200073,0.605381,0.999678,0.025117,-0.003774,0.002070,0.067545,0.997714,0.025315,-0.997401,0.067471),fov=55.000000,dt=0.018577},
	{cf=CFrame.new(-0.041229,6.178070,0.604819,0.999912,0.009972,-0.008787,0.008134,0.063703,0.997936,0.010511,-0.997919,0.063616),fov=55.000000,dt=0.024582},
	{cf=CFrame.new(-0.037201,6.163391,0.604432,0.999928,-0.000156,-0.012067,0.012054,0.061098,0.998059,0.000581,-0.998132,0.061096),fov=55.000000,dt=0.015931},
	{cf=CFrame.new(-0.033173,6.148712,0.604042,0.999866,-0.008401,-0.014132,0.014614,0.060398,0.998067,-0.007531,-0.998140,0.060512),fov=55.000000,dt=0.017721},
	{cf=CFrame.new(-0.029144,6.134033,0.603654,0.999861,-0.010917,-0.012682,0.013370,0.065501,0.997763,-0.010062,-0.997793,0.065638),fov=55.000000,dt=0.017565},
	{cf=CFrame.new(-0.024109,6.115692,0.603171,0.999843,-0.014216,-0.010677,0.011672,0.071895,0.997344,-0.013411,-0.997312,0.072049),fov=55.000000,dt=0.019276},
	{cf=CFrame.new(-0.020081,6.101013,0.602799,0.999819,-0.016685,-0.009233,0.010492,0.077021,0.996974,-0.015923,-0.996890,0.077182),fov=55.000000,dt=0.017365},
	{cf=CFrame.new(-0.015015,6.082672,0.602316,0.999778,-0.019741,-0.007435,0.009058,0.083443,0.996471,-0.019051,-0.996318,0.083603),fov=55.000000,dt=0.020318},
	{cf=CFrame.new(-0.008942,6.060669,0.601739,0.999714,-0.023365,-0.005286,0.007396,0.091167,0.995808,-0.022786,-0.995562,0.091313),fov=55.000000,dt=0.027271},
	{cf=CFrame.new(-0.003937,6.042297,0.601260,0.999647,-0.026350,-0.003502,0.006060,0.097618,0.995205,-0.025882,-0.994876,0.097744),fov=55.000000,dt=0.018247},
	{cf=CFrame.new(0.002136,6.020294,0.600698,0.999648,-0.026342,0.003458,-0.000818,0.099560,0.995031,-0.026555,-0.994683,0.099504),fov=55.000000,dt=0.024423},
	{cf=CFrame.new(0.006165,6.005615,0.600293,0.999638,-0.025130,0.009700,-0.007170,0.098908,0.995071,-0.025965,-0.994780,0.098692),fov=55.000000,dt=0.013558},
	{cf=CFrame.new(0.009155,5.994598,0.600014,0.999604,-0.024208,0.014378,-0.011930,0.098413,0.995074,-0.025504,-0.994852,0.098085),fov=55.000000,dt=0.015513},
	{cf=CFrame.new(0.013184,5.979919,0.599642,0.999525,-0.022963,0.020609,-0.018271,0.097743,0.995044,-0.024864,-0.994947,0.097277),fov=55.000000,dt=0.016416},
	{cf=CFrame.new(0.017242,5.965240,0.599236,0.999405,-0.021700,0.026834,-0.024608,0.097064,0.994974,-0.024196,-0.995042,0.096472),fov=55.000000,dt=0.015783},
	{cf=CFrame.new(0.021271,5.950562,0.598865,0.999246,-0.020418,0.033052,-0.030937,0.096374,0.994864,-0.023499,-0.995137,0.095670),fov=55.000000,dt=0.016491},
	{cf=CFrame.new(0.025299,5.935913,0.598474,0.999047,-0.019118,0.039262,-0.037260,0.095674,0.994715,-0.022773,-0.995230,0.094871),fov=55.000000,dt=0.017040},
	{cf=CFrame.new(0.029327,5.921234,0.598102,0.998808,-0.017800,0.045464,-0.043577,0.094964,0.994526,-0.022020,-0.995322,0.094075),fov=55.000000,dt=0.016809},
	{cf=CFrame.new(0.033386,5.906555,0.597712,0.998765,-0.016879,0.046739,-0.045007,0.091498,0.994788,-0.021067,-0.995663,0.090625),fov=55.000000,dt=0.016419},
	{cf=CFrame.new(0.037415,5.891876,0.597322,0.998796,-0.016083,0.046365,-0.044794,0.087115,0.995191,-0.020045,-0.996069,0.086290),fov=55.000000,dt=0.017094},
	{cf=CFrame.new(0.041443,5.877197,0.596950,0.998826,-0.015277,0.045983,-0.044568,0.082733,0.995574,-0.019014,-0.996455,0.081955),fov=55.000000,dt=0.016976},
	{cf=CFrame.new(0.045502,5.862518,0.596544,0.998856,-0.014459,0.045594,-0.044327,0.078352,0.995940,-0.017973,-0.996821,0.077622),fov=55.000000,dt=0.016805},
	{cf=CFrame.new(0.049500,5.847839,0.596172,0.998886,-0.013629,0.045198,-0.044071,0.073971,0.996286,-0.016922,-0.997168,0.073289),fov=55.000000,dt=0.016107},
	{cf=CFrame.new(0.053558,5.833160,0.595766,0.998915,-0.012788,0.044795,-0.043801,0.069592,0.996613,-0.015862,-0.997494,0.068956),fov=55.000000,dt=0.016669},
	{cf=CFrame.new(0.057556,5.818481,0.595394,0.998944,-0.011935,0.044384,-0.043515,0.065213,0.996922,-0.014792,-0.997801,0.064625),fov=55.000000,dt=0.016845},
	{cf=CFrame.new(0.061615,5.803802,0.595004,0.998972,-0.011070,0.043966,-0.043214,0.060836,0.997212,-0.013714,-0.998087,0.060296),fov=55.000000,dt=0.016686},
	{cf=CFrame.new(0.066650,5.785461,0.594554,0.998997,-0.016167,0.041777,-0.040761,0.058741,0.997441,-0.018580,-0.998143,0.058023),fov=55.000000,dt=0.020078},
	{cf=CFrame.new(0.069672,5.774445,0.594242,0.998989,-0.020146,0.040197,-0.038970,0.057980,0.997557,-0.022428,-0.998115,0.057136),fov=55.000000,dt=0.013279},
	{cf=CFrame.new(0.073700,5.759766,0.593870,0.998952,-0.025440,0.038066,-0.036568,0.056953,0.997707,-0.027550,-0.998054,0.055962),fov=55.000000,dt=0.017231},
	{cf=CFrame.new(0.077759,5.745087,0.593479,0.998883,-0.030721,0.035907,-0.034151,0.055910,0.997852,-0.032663,-0.997964,0.054799),fov=55.000000,dt=0.016339},
	{cf=CFrame.new(0.081757,5.730408,0.593092,0.998784,-0.035988,0.033721,-0.031718,0.054854,0.997990,-0.037765,-0.997846,0.053646),fov=55.000000,dt=0.016224},
	{cf=CFrame.new(0.085815,5.715729,0.592702,0.998653,-0.041242,0.031509,-0.029271,0.053782,0.998123,-0.042859,-0.997701,0.052503),fov=55.000000,dt=0.016792},
	{cf=CFrame.new(0.089844,5.701050,0.592330,0.998491,-0.046481,0.029269,-0.026809,0.052696,0.998251,-0.047942,-0.997529,0.051370),fov=55.000000,dt=0.016418},
	{cf=CFrame.new(0.093903,5.686401,0.591939,0.998298,-0.051707,0.027003,-0.024333,0.051595,0.998372,-0.053016,-0.997329,0.050249),fov=55.000000,dt=0.016457},
	{cf=CFrame.new(0.097900,5.671722,0.591568,0.998074,-0.056917,0.024710,-0.021842,0.050478,0.998486,-0.058078,-0.997102,0.049138),fov=55.000000,dt=0.017211},
	{cf=CFrame.new(0.103973,5.649689,0.590976,0.997775,-0.063191,0.021282,-0.018186,0.049172,0.998625,-0.064150,-0.996790,0.047914),fov=55.000000,dt=0.025083},
	{cf=CFrame.new(0.110016,5.627686,0.590400,0.997920,-0.061877,0.018134,-0.015057,0.049838,0.998644,-0.062697,-0.996840,0.048802),fov=55.000000,dt=0.027504},
	{cf=CFrame.new(0.116028,5.605652,0.589842,0.998053,-0.060562,0.014984,-0.011929,0.050505,0.998652,-0.061237,-0.996886,0.049684),fov=55.000000,dt=0.025466},
	{cf=CFrame.new(0.123108,5.579987,0.589172,0.998193,-0.059028,0.011310,-0.008282,0.051287,0.998649,-0.059528,-0.996938,0.050706),fov=55.000000,dt=0.025863},
	{cf=CFrame.new(0.129150,5.557953,0.588581,0.998301,-0.057712,0.008159,-0.005158,0.051961,0.998636,-0.058057,-0.996981,0.051575),fov=55.000000,dt=0.025552},
	{cf=CFrame.new(0.136230,5.532288,0.587912,0.998412,-0.056174,0.004482,-0.001515,0.052750,0.998607,-0.056333,-0.997027,0.052581),fov=55.000000,dt=0.032347},
	{cf=CFrame.new(0.143280,5.506592,0.587227,0.998507,-0.054637,0.000805,0.002125,0.053543,0.998563,-0.054602,-0.997070,0.053578),fov=55.000000,dt=0.026874},
	{cf=CFrame.new(0.148315,5.488251,0.586778,0.998369,-0.057078,0.001817,0.001665,0.060907,0.998142,-0.057082,-0.996511,0.060902),fov=55.000000,dt=0.020112},
	{cf=CFrame.new(0.153351,5.469910,0.586279,0.998226,-0.059483,0.002816,0.001254,0.068278,0.997666,-0.059536,-0.995892,0.068231),fov=55.000000,dt=0.021523},
	{cf=CFrame.new(0.159424,5.447876,0.585702,0.998049,-0.062322,0.003994,0.000826,0.077131,0.997021,-0.062444,-0.995072,0.077032),fov=55.000000,dt=0.023555},
	{cf=CFrame.new(0.164429,5.429535,0.585222,0.997896,-0.064649,0.004960,0.000522,0.084516,0.996422,-0.064837,-0.994323,0.084372),fov=55.000000,dt=0.020602},
	{cf=CFrame.new(0.168488,5.414856,0.584832,0.997772,-0.066486,0.005722,0.000314,0.090427,0.995903,-0.066731,-0.993682,0.090246),fov=55.000000,dt=0.018763},
	{cf=CFrame.new(0.174561,5.392853,0.584256,0.997580,-0.069199,0.006847,0.000058,0.099298,0.995058,-0.069536,-0.992649,0.099062),fov=55.000000,dt=0.022839},
	{cf=CFrame.new(0.179565,5.374512,0.583791,0.997417,-0.071420,0.007766,-0.000102,0.106694,0.994292,-0.071841,-0.991724,0.106411),fov=55.000000,dt=0.020177},
	{cf=CFrame.new(0.184631,5.356140,0.583307,0.997671,-0.066755,0.014034,-0.006959,0.105072,0.994440,-0.067859,-0.992222,0.104363),fov=55.000000,dt=0.019962},
	{cf=CFrame.new(0.187653,5.345154,0.583028,0.997796,-0.063942,0.017785,-0.011056,0.104083,0.994507,-0.065442,-0.992512,0.103146),fov=55.000000,dt=0.016691},
	{cf=CFrame.new(0.193695,5.323120,0.582437,0.997981,-0.058287,0.025262,-0.019215,0.102065,0.994592,-0.060550,-0.993069,0.100739),fov=55.000000,dt=0.020868},
	{cf=CFrame.new(0.197723,5.308441,0.582047,0.998057,-0.054494,0.030229,-0.024627,0.100692,0.994613,-0.057245,-0.993425,0.099155),fov=55.000000,dt=0.019678},
	{cf=CFrame.new(0.201752,5.293762,0.581675,0.998095,-0.050685,0.035182,-0.030016,0.099297,0.994605,-0.053905,-0.993767,0.097586),fov=55.000000,dt=0.014229},
	{cf=CFrame.new(0.204773,5.282776,0.581396,0.998100,-0.047815,0.038886,-0.034043,0.098235,0.994581,-0.051376,-0.994015,0.096420),fov=55.000000,dt=0.012611},
	{cf=CFrame.new(0.208832,5.268097,0.581005,0.998072,-0.043975,0.043812,-0.039392,0.096799,0.994524,-0.047975,-0.994332,0.094881),fov=55.000000,dt=0.015254},
	{cf=CFrame.new(0.211823,5.257080,0.580711,0.998027,-0.041084,0.047497,-0.043388,0.095708,0.994463,-0.045402,-0.994562,0.093737),fov=55.000000,dt=0.014778},
	{cf=CFrame.new(0.215881,5.242401,0.580321,0.997933,-0.037214,0.052397,-0.048695,0.094234,0.994359,-0.041942,-0.994855,0.092226),fov=55.000000,dt=0.017408},
	{cf=CFrame.new(0.219910,5.227722,0.579949,0.997802,-0.033327,0.057281,-0.053978,0.092736,0.994226,-0.038447,-0.995133,0.090733),fov=55.000000,dt=0.017298},
	{cf=CFrame.new(0.224945,5.209381,0.579450,0.997587,-0.029575,0.062820,-0.059950,0.089561,0.994175,-0.035028,-0.995543,0.087572),fov=55.000000,dt=0.019999},
	{cf=CFrame.new(0.229004,5.194702,0.579060,0.997398,-0.030171,0.065488,-0.062793,0.082939,0.994574,-0.035439,-0.996099,0.080828),fov=55.000000,dt=0.013930},
	{cf=CFrame.new(0.233002,5.180023,0.578688,0.997203,-0.030759,0.068125,-0.065616,0.076303,0.994923,-0.035801,-0.996611,0.074071),fov=55.000000,dt=0.017483},
	{cf=CFrame.new(0.236023,5.169006,0.578409,0.997054,-0.031195,0.070085,-0.067720,0.071318,0.995152,-0.036042,-0.996966,0.068996),fov=55.000000,dt=0.014966},
	{cf=CFrame.new(0.240082,5.154327,0.578019,0.996851,-0.031768,0.072672,-0.070506,0.064662,0.995413,-0.036322,-0.997402,0.062218),fov=55.000000,dt=0.015937},
	{cf=CFrame.new(0.244110,5.139648,0.577647,0.996643,-0.032334,0.075229,-0.073271,0.057993,0.995624,-0.036555,-0.997794,0.055430),fov=55.000000,dt=0.016135},
	{cf=CFrame.new(0.248138,5.124969,0.577256,0.996430,-0.032891,0.077758,-0.076014,0.051314,0.995786,-0.036742,-0.998142,0.048630),fov=55.000000,dt=0.016388},
	{cf=CFrame.new(0.252167,5.110321,0.576885,0.996214,-0.033438,0.080258,-0.078735,0.044623,0.995896,-0.036882,-0.998445,0.041822),fov=55.000000,dt=0.015511},
	{cf=CFrame.new(0.256195,5.095642,0.576494,0.995993,-0.033977,0.082729,-0.081433,0.037922,0.995957,-0.036977,-0.998703,0.035003),fov=55.000000,dt=0.018981},
	{cf=CFrame.new(0.260223,5.080963,0.576107,0.995769,-0.034508,0.085170,-0.084105,0.031212,0.995968,-0.037027,-0.998917,0.028178),fov=55.000000,dt=0.014137},
	{cf=CFrame.new(0.264282,5.066284,0.575716,0.995937,-0.041222,0.080075,-0.078782,0.032084,0.996375,-0.043641,-0.998635,0.028706),fov=55.000000,dt=0.016899},
	{cf=CFrame.new(0.267273,5.055267,0.575438,0.996019,-0.046237,0.076228,-0.074759,0.032712,0.996665,-0.048576,-0.998395,0.029125),fov=55.000000,dt=0.015824},
	{cf=CFrame.new(0.271332,5.040588,0.575032,0.996069,-0.052897,0.071063,-0.069352,0.033518,0.997029,-0.055122,-0.998038,0.029717),fov=55.000000,dt=0.016188},
	{cf=CFrame.new(0.275330,5.025909,0.574660,0.996052,-0.059526,0.065860,-0.063898,0.034285,0.997367,-0.061627,-0.997638,0.030346),fov=55.000000,dt=0.018337},
	{cf=CFrame.new(0.282410,5.000214,0.573991,0.995863,-0.071048,0.056662,-0.054242,0.035535,0.997895,-0.072912,-0.996840,0.031534),fov=55.000000,dt=0.026382},
	{cf=CFrame.new(0.285461,4.989227,0.573693,0.995719,-0.075955,0.052684,-0.050061,0.036034,0.998096,-0.077708,-0.996460,0.032078),fov=55.000000,dt=0.013959},
	{cf=CFrame.new(0.288452,4.978210,0.573414,0.995538,-0.080843,0.048686,-0.045855,0.036513,0.998281,-0.082482,-0.996059,0.032642),fov=55.000000,dt=0.012073},
	{cf=CFrame.new(0.293518,4.959869,0.572916,0.995152,-0.088947,0.041975,-0.038788,0.037260,0.998553,-0.090382,-0.995340,0.033629),fov=55.000000,dt=0.018386},
	{cf=CFrame.new(0.297516,4.945190,0.572544,0.994769,-0.095391,0.036566,-0.033086,0.037814,0.998737,-0.096653,-0.994722,0.034461),fov=55.000000,dt=0.018200},
	{cf=CFrame.new(0.302582,4.926849,0.572076,0.994646,-0.098613,0.030937,-0.027000,0.041011,0.998794,-0.099763,-0.994281,0.038129),fov=55.000000,dt=0.019592},
	{cf=CFrame.new(0.306610,4.912170,0.571689,0.995047,-0.095443,0.027810,-0.023440,0.046615,0.998638,-0.096609,-0.994344,0.044147),fov=55.000000,dt=0.018909},
	{cf=CFrame.new(0.310638,4.897491,0.571283,0.995429,-0.092272,0.024645,-0.019880,0.052211,0.998438,-0.093415,-0.994365,0.050138),fov=55.000000,dt=0.015188},
	{cf=CFrame.new(0.314667,4.882812,0.570911,0.995792,-0.089102,0.021443,-0.016323,0.057799,0.998195,-0.090180,-0.994345,0.056102),fov=55.000000,dt=0.015803},
	{cf=CFrame.new(0.318726,4.868134,0.570521,0.996136,-0.085931,0.018203,-0.012768,0.063380,0.997908,-0.086905,-0.994284,0.062038),fov=55.000000,dt=0.018061},
	{cf=CFrame.new(0.322754,4.853455,0.570149,0.996458,-0.082762,0.014925,-0.009215,0.068952,0.997577,-0.083590,-0.994182,0.067945),fov=55.000000,dt=0.015759},
	{cf=CFrame.new(0.326782,4.838776,0.569758,0.996761,-0.079592,0.011610,-0.005665,0.074515,0.997204,-0.080235,-0.994039,0.073823),fov=55.000000,dt=0.017649},
	{cf=CFrame.new(0.330811,4.824097,0.569386,0.997042,-0.076424,0.008258,-0.002118,0.080070,0.996787,-0.076840,-0.993856,0.079672),fov=55.000000,dt=0.018950},
	{cf=CFrame.new(0.337860,4.798401,0.568717,0.997475,-0.070986,0.002414,0.003986,0.089870,0.995946,-0.070916,-0.993421,0.089926),fov=55.000000,dt=0.026522},
	{cf=CFrame.new(0.341919,4.783752,0.568312,0.997681,-0.068057,0.001554,0.004825,0.093453,0.995612,-0.067904,-0.993295,0.093565),fov=55.000000,dt=0.014750},
	{cf=CFrame.new(0.344910,4.772736,0.568033,0.997788,-0.066163,0.006475,-0.000392,0.091548,0.995801,-0.066478,-0.993601,0.091319),fov=55.000000,dt=0.013472},
	{cf=CFrame.new(0.347961,4.761719,0.567735,0.997869,-0.064260,0.011391,-0.005597,0.089629,0.995960,-0.065021,-0.993901,0.089078),fov=55.000000,dt=0.013738},
	{cf=CFrame.new(0.354279,4.741394,0.567691,0.997901,-0.061557,0.020117,-0.014728,0.086768,0.996119,-0.063064,-0.994325,0.085680),fov=55.000000,dt=0.019056},
	{cf=CFrame.new(3.561493,-0.187164,1.632116,0.263684,0.064781,0.962432,0.089791,0.991762,-0.091355,-0.960422,0.110506,0.255695),fov=55.000000,dt=0.020360},
	{cf=CFrame.new(3.540070,-0.192230,1.715491,0.304969,0.095690,0.947543,0.067339,0.990283,-0.121680,-0.949979,0.100915,0.295562),fov=55.000000,dt=0.022256},
	{cf=CFrame.new(3.522217,-0.196472,1.784972,0.338710,0.121316,0.933038,0.047863,0.988147,-0.145857,-0.939673,0.094061,0.328889),fov=55.000000,dt=0.022378},
	{cf=CFrame.new(3.504364,-0.200684,1.854457,0.371776,0.146759,0.916649,0.027740,0.985227,-0.168989,-0.927909,0.088254,0.362212),fov=55.000000,dt=0.022043},
	{cf=CFrame.new(3.486511,-0.204895,1.923938,0.402258,0.169769,0.899649,0.014764,0.981326,-0.191784,-0.915408,0.090429,0.392239),fov=55.000000,dt=0.019130},
	{cf=CFrame.new(3.468658,-0.209137,1.993420,0.425293,0.183341,0.886292,0.031963,0.975614,-0.217156,-0.904492,0.120683,0.409061),fov=55.000000,dt=0.021068},
	{cf=CFrame.new(3.454376,-0.212494,2.048993,0.443952,0.193493,0.874911,0.045077,0.970348,-0.237472,-0.894917,0.144865,0.422066),fov=55.000000,dt=0.016538},
	{cf=CFrame.new(3.440094,-0.215881,2.104581,0.462783,0.203001,0.862916,0.057598,0.964484,-0.257785,-0.884599,0.169001,0.434655),fov=55.000000,dt=0.017817},
	{cf=CFrame.new(3.422211,-0.220123,2.174066,0.486518,0.213960,0.847067,0.072392,0.956342,-0.283141,-0.870667,0.199074,0.449788),fov=55.000000,dt=0.017426},
	{cf=CFrame.new(3.404358,-0.224335,2.243532,0.510396,0.223859,0.830292,0.086211,0.947339,-0.308411,-0.855608,0.228992,0.464218),fov=55.000000,dt=0.023611},
	{cf=CFrame.new(3.384125,-0.210968,2.272644,0.491521,0.202905,0.846899,0.120445,0.947294,-0.296861,-0.862497,0.247918,0.441176),fov=55.000000,dt=0.026415},
	{cf=CFrame.new(3.363831,-0.197601,2.301759,0.472012,0.182091,0.862583,0.154543,0.946195,-0.284309,-0.867941,0.267503,0.418475),fov=55.000000,dt=0.023982},
	{cf=CFrame.new(3.343597,-0.184235,2.330885,0.450652,0.162082,0.877863,0.187863,0.944139,-0.270758,-0.872709,0.286936,0.395028),fov=55.000000,dt=0.022877},
	{cf=CFrame.new(3.330109,-0.175323,2.350288,0.436085,0.148857,0.887509,0.209942,0.942182,-0.261184,-0.875074,0.300224,0.379620),fov=55.000000,dt=0.018307},
	{cf=CFrame.new(3.313232,-0.164185,2.374563,0.417529,0.132473,0.898956,0.237361,0.939066,-0.248628,-0.877115,0.317187,0.360643),fov=55.000000,dt=0.021036},
	{cf=CFrame.new(3.292938,-0.150818,2.403693,0.394777,0.113049,0.911796,0.269958,0.934324,-0.232724,-0.878223,0.338021,0.338331),fov=55.000000,dt=0.026061},
	{cf=CFrame.new(3.272705,-0.137451,2.432789,0.378678,0.099345,0.920182,0.280279,0.935229,-0.216311,-0.882070,0.339819,0.326306),fov=55.000000,dt=0.021331},
	{cf=CFrame.new(3.259186,-0.128540,2.452226,0.372709,0.093777,0.923198,0.272406,0.939990,-0.205457,-0.887065,0.328061,0.324798),fov=55.000000,dt=0.019826},
	{cf=CFrame.new(3.238953,-0.115173,2.481338,0.363945,0.085219,0.927514,0.260367,0.946799,-0.189155,-0.894290,0.310337,0.322395),fov=55.000000,dt=0.023667},
	{cf=CFrame.new(3.225433,-0.106262,2.500741,0.358231,0.079379,0.930253,0.252192,0.951114,-0.178276,-0.898928,0.298466,0.320699),fov=55.000000,dt=0.015569},
	{cf=CFrame.new(3.215302,-0.099579,2.515306,0.354015,0.074931,0.932234,0.245984,0.954229,-0.170111,-0.902312,0.289536,0.319380),fov=55.000000,dt=0.016013},
	{cf=CFrame.new(3.201813,-0.090668,2.534708,0.348488,0.068910,0.934777,0.237607,0.958223,-0.159219,-0.906697,0.277596,0.317556),fov=55.000000,dt=0.016732},
	{cf=CFrame.new(3.188293,-0.081757,2.554130,0.343071,0.062790,0.937209,0.229119,0.962032,-0.148323,-0.910938,0.265617,0.315658),fov=55.000000,dt=0.015930},
	{cf=CFrame.new(3.174805,-0.072845,2.573548,0.337765,0.056572,0.939530,0.220522,0.965653,-0.137424,-0.915033,0.253604,0.313688),fov=55.000000,dt=0.016090},
	{cf=CFrame.new(3.161316,-0.063934,2.592950,0.332091,0.050416,0.941900,0.211945,0.969048,-0.126596,-0.919128,0.241672,0.311126),fov=55.000000,dt=0.016345},
	{cf=CFrame.new(3.144409,-0.052795,2.617209,0.325154,0.042582,0.944703,0.201071,0.973030,-0.113065,-0.924038,0.226716,0.307823),fov=55.000000,dt=0.020273},
	{cf=CFrame.new(3.124146,-0.039429,2.646340,0.317063,0.032986,0.947831,0.187808,0.977420,-0.096841,-0.929624,0.208715,0.303709),fov=55.000000,dt=0.024866},
	{cf=CFrame.new(3.103912,-0.026062,2.675452,0.309233,0.023185,0.950704,0.174321,0.981382,-0.080634,-0.934873,0.190663,0.299434),fov=55.000000,dt=0.028179},
	{cf=CFrame.new(3.087006,-0.014923,2.699726,0.302913,0.014867,0.952903,0.162918,0.984352,-0.067147,-0.938990,0.175585,0.295751),fov=55.000000,dt=0.018849},
	{cf=CFrame.new(3.073517,-0.006012,2.719162,0.296419,0.014898,0.954942,0.157003,0.985515,-0.064109,-0.942065,0.168932,0.289787),fov=55.000000,dt=0.017104},
	{cf=CFrame.new(3.059998,0.002899,2.738550,0.288364,0.021673,0.957276,0.154391,0.985610,-0.068823,-0.944992,0.167641,0.280869),fov=55.000000,dt=0.019313},
	{cf=CFrame.new(3.043121,0.014038,2.762824,0.278258,0.030150,0.960034,0.151172,0.985676,-0.074771,-0.948536,0.165936,0.269714),fov=55.000000,dt=0.016728},
	{cf=CFrame.new(3.029633,0.022949,2.782242,0.270145,0.036935,0.962112,0.148634,0.985685,-0.079574,-0.951279,0.164499,0.260788),fov=55.000000,dt=0.016410},
	{cf=CFrame.new(3.016113,0.031860,2.801648,0.262006,0.043724,0.964076,0.146129,0.985657,-0.084417,-0.953939,0.162997,0.251859),fov=55.000000,dt=0.016293},
	{cf=CFrame.new(3.002625,0.040771,2.821066,0.253844,0.050516,0.965926,0.143658,0.985590,-0.089297,-0.956518,0.161431,0.242930),fov=55.000000,dt=0.017967},
	{cf=CFrame.new(2.982361,0.054138,2.850178,0.241474,0.060545,0.968517,0.140078,0.985424,-0.096527,-0.960245,0.158976,0.229473),fov=55.000000,dt=0.024762},
	{cf=CFrame.new(2.968842,0.063049,2.869599,0.233189,0.067211,0.970107,0.137741,0.985267,-0.101371,-0.962627,0.157262,0.220496),fov=55.000000,dt=0.015097},
	{cf=CFrame.new(2.958740,0.069733,2.884146,0.226962,0.072210,0.971224,0.136012,0.985124,-0.105027,-0.964360,0.155935,0.213765),fov=55.000000,dt=0.015682},
	{cf=CFrame.new(2.941864,0.080872,2.908420,0.216558,0.080539,0.972943,0.133173,0.984838,-0.111166,-0.967145,0.153644,0.202549),fov=55.000000,dt=0.018361},
	{cf=CFrame.new(2.928314,0.089783,2.927841,0.208215,0.087201,0.974189,0.130942,0.984566,-0.116116,-0.969279,0.151739,0.193583),fov=55.000000,dt=0.019970},
	{cf=CFrame.new(2.911438,0.100922,2.952116,0.197761,0.095524,0.975586,0.128203,0.984172,-0.122352,-0.971831,0.149270,0.182384),fov=55.000000,dt=0.017132},
	{cf=CFrame.new(2.898163,0.136749,2.929059,0.180335,0.105893,0.977889,0.128314,0.983160,-0.130126,-0.975201,0.148943,0.163710),fov=55.000000,dt=0.018183},
	{cf=CFrame.new(2.881866,0.215088,2.847323,0.147239,0.123621,0.981346,0.131611,0.980888,-0.143310,-0.980306,0.150257,0.128155),fov=55.000000,dt=0.021338},
	{cf=CFrame.new(2.868835,0.277740,2.781940,0.120753,0.137931,0.983054,0.134591,0.978880,-0.153877,-0.983517,0.150892,0.099638),fov=55.000000,dt=0.017011},
	{cf=CFrame.new(2.855774,0.340424,2.716557,0.094285,0.152341,0.983821,0.137876,0.976701,-0.164452,-0.985952,0.151151,0.071084),fov=55.000000,dt=0.016151},
	{cf=CFrame.new(2.842743,0.403076,2.651173,0.067864,0.166840,0.983646,0.141467,0.974348,-0.175023,-0.987615,0.151032,0.042521),fov=55.000000,dt=0.019264},
	{cf=CFrame.new(2.823181,0.497070,2.553104,0.028377,0.188725,0.981621,0.147428,0.970486,-0.190846,-0.988666,0.150134,-0.000284),fov=55.000000,dt=0.021942},
	{cf=CFrame.new(2.810120,0.559753,2.487720,0.002110,0.203281,0.979119,0.151761,0.967714,-0.201240,-0.988416,0.149016,-0.028808),fov=55.000000,dt=0.018355},
	{cf=CFrame.new(2.798828,0.633942,2.424252,-0.011817,0.208057,0.978046,0.156585,0.966431,-0.203695,-0.987594,0.150740,-0.043999),fov=55.000000,dt=0.018029},
	{cf=CFrame.new(2.788086,0.824005,2.323243,0.028958,0.166431,0.985629,0.167343,0.971318,-0.168931,-0.985474,0.169830,0.000277),fov=55.000000,dt=0.026019},
	{cf=CFrame.new(2.781952,0.932617,2.265536,0.052270,0.142398,0.988429,0.174058,0.973332,-0.149428,-0.983348,0.179854,0.026091),fov=55.000000,dt=0.017699},
	{cf=CFrame.new(2.774261,1.068359,2.193380,0.080760,0.111499,0.990478,0.183206,0.975132,-0.124710,-0.979752,0.191533,0.058324),fov=55.000000,dt=0.022814},
	{cf=CFrame.new(2.763580,1.258423,2.092352,0.120494,0.067973,0.990385,0.197040,0.976166,-0.090970,-0.972963,0.206107,0.104229),fov=55.000000,dt=0.023862},
	{cf=CFrame.new(2.755920,1.394196,2.020212,0.148858,0.037532,0.988147,0.202180,0.977015,-0.067566,-0.967970,0.209841,0.137848),fov=55.000000,dt=0.035732},
	{cf=CFrame.new(2.742096,1.638550,1.890335,0.204902,-0.008033,0.978750,0.173296,0.984466,-0.028200,-0.963320,0.175392,0.203111),fov=55.000000,dt=0.026013},
	{cf=CFrame.new(2.734436,1.774323,1.818179,0.236221,-0.032322,0.971162,0.158261,0.987381,-0.005633,-0.958726,0.155028,0.238355),fov=55.000000,dt=0.021853},
	{cf=CFrame.new(2.735626,1.771820,1.761037,0.236990,-0.049804,0.970235,0.064700,0.997277,0.035389,-0.969356,0.054387,0.239567),fov=55.000000,dt=0.020489},
	{cf=CFrame.new(2.738312,1.742279,1.718285,0.235824,-0.063036,0.969750,-0.026691,0.997097,0.071304,-0.971430,-0.042699,0.233457),fov=55.000000,dt=0.021263},
	{cf=CFrame.new(2.741028,1.712738,1.675514,0.210354,-0.119904,0.970245,0.075466,0.991481,0.106166,-0.974709,0.050888,0.217611),fov=55.000000,dt=0.021378},
	{cf=CFrame.new(2.743195,1.689087,1.641325,0.174656,-0.183878,0.967309,0.258069,0.956613,0.135248,-0.950209,0.226010,0.214531),fov=55.000000,dt=0.017679},
	{cf=CFrame.new(0.763153,0.835358,1.862287,0.843352,-0.067239,0.533140,0.110723,0.992595,-0.049962,-0.525832,0.101166,0.844551),fov=55.000000,dt=0.016618},
	{cf=CFrame.new(-2.531067,-0.574860,2.243985,0.669220,0.101776,-0.736062,-0.147658,0.989035,0.002506,0.728246,0.107008,0.676911),fov=55.000000,dt=0.021382},
	{cf=CFrame.new(-2.541840,-0.570892,2.260163,0.623066,-0.098762,-0.775910,-0.017980,0.989926,-0.140441,0.781964,0.101455,0.615013),fov=55.000000,dt=0.019598},
	{cf=CFrame.new(-2.552582,-0.566925,2.276337,0.593231,-0.237403,-0.769232,0.074079,0.967573,-0.241486,0.801618,0.086273,0.591580),fov=55.000000,dt=0.020938},
	{cf=CFrame.new(-2.561188,-0.563782,2.289275,0.602191,-0.273017,-0.750219,0.108049,0.958934,-0.262242,0.791007,0.076859,0.606961),fov=55.000000,dt=0.018614},
	{cf=CFrame.new(-2.571960,-0.559814,2.305467,0.612120,-0.316819,-0.724525,0.150511,0.946161,-0.286575,0.776310,0.066369,0.626849),fov=55.000000,dt=0.019871},
	{cf=CFrame.new(-2.580597,-0.556641,2.318405,0.620839,-0.337364,-0.707634,0.159357,0.938129,-0.307441,0.767571,0.078105,0.636188),fov=55.000000,dt=0.017352},
	{cf=CFrame.new(-2.589203,-0.553497,2.331342,0.630095,-0.352797,-0.691749,0.160174,0.930725,-0.328779,0.759820,0.096361,0.642954),fov=55.000000,dt=0.016844},
	{cf=CFrame.new(-2.599945,-0.549530,2.347501,0.641818,-0.329148,-0.692628,0.127698,0.936464,-0.326693,0.756151,0.121230,0.643071),fov=55.000000,dt=0.020049},
	{cf=CFrame.new(-2.610748,-0.545563,2.363694,0.652614,-0.294431,-0.698145,0.086615,0.944361,-0.317302,0.752725,0.146605,0.641805),fov=55.000000,dt=0.017802},
	{cf=CFrame.new(-2.619324,-0.542419,2.376631,0.659983,-0.266258,-0.702517,0.053445,0.949362,-0.309605,0.749378,0.166788,0.640792),fov=55.000000,dt=0.017484},
	{cf=CFrame.new(-2.630096,-0.538452,2.392824,0.668102,-0.234987,-0.705990,0.019536,0.954034,-0.299060,0.743814,0.186010,0.641983),fov=55.000000,dt=0.020291},
	{cf=CFrame.new(-2.636566,-0.536072,2.402507,0.672370,-0.219979,-0.706774,0.005952,0.956397,-0.292010,0.740192,0.192132,0.644362),fov=55.000000,dt=0.013835},
	{cf=CFrame.new(-2.643036,-0.533691,2.412223,0.676389,-0.204907,-0.707469,-0.007680,0.958509,-0.284960,0.736506,0.198177,0.646751),fov=55.000000,dt=0.013834},
	{cf=CFrame.new(-2.651642,-0.530548,2.425160,0.681535,-0.184774,-0.708075,-0.025817,0.960924,-0.275605,0.731331,0.206115,0.650133),fov=55.000000,dt=0.014693},
	{cf=CFrame.new(-2.658112,-0.528168,2.434858,0.681337,-0.197976,-0.704689,-0.008249,0.960591,-0.277844,0.731924,0.195118,0.652853),fov=55.000000,dt=0.014092},
	{cf=CFrame.new(-2.666718,-0.524994,2.447796,0.680867,-0.215528,-0.699978,0.015186,0.959670,-0.280718,0.732250,0.180502,0.656681),fov=55.000000,dt=0.016276},
	{cf=CFrame.new(-2.675293,-0.521820,2.460733,0.679875,-0.233071,-0.695305,0.038611,0.958211,-0.283444,0.732312,0.165860,0.660463),fov=55.000000,dt=0.016787},
	{cf=CFrame.new(-2.683929,-0.518677,2.473671,0.678554,-0.250559,-0.690497,0.062021,0.956211,-0.286031,0.731929,0.151262,0.664381),fov=55.000000,dt=0.016637},
	{cf=CFrame.new(-2.692535,-0.515503,2.486609,0.677744,-0.256878,-0.688968,0.067195,0.954708,-0.289858,0.732222,0.150154,0.664309),fov=55.000000,dt=0.017120},
	{cf=CFrame.new(-2.701172,-0.512329,2.499546,0.677161,-0.259511,-0.688555,0.066329,0.953464,-0.294121,0.732840,0.153496,0.662862),fov=55.000000,dt=0.015908},
	{cf=CFrame.new(-2.709747,-0.509155,2.512484,0.676576,-0.262141,-0.688133,0.065460,0.952201,-0.298377,0.733458,0.156830,0.661396),fov=55.000000,dt=0.017043},
	{cf=CFrame.new(-2.718384,-0.506012,2.525455,0.675997,-0.264770,-0.687696,0.064587,0.950919,-0.302626,0.734069,0.160158,0.659919),fov=55.000000,dt=0.016768},
	{cf=CFrame.new(-2.727020,-0.502838,2.538393,0.674885,-0.260831,-0.690289,0.062337,0.952255,-0.298871,0.735286,0.158672,0.658922),fov=55.000000,dt=0.016601},
	{cf=CFrame.new(-2.735626,-0.499664,2.551330,0.673591,-0.254689,-0.693838,0.059644,0.954423,-0.292438,0.736695,0.155600,0.658081),fov=55.000000,dt=0.016355},
	{cf=CFrame.new(-2.744232,-0.496490,2.564268,0.672294,-0.248516,-0.697325,0.056965,0.956542,-0.285977,0.738090,0.152537,0.657234),fov=55.000000,dt=0.016543},
	{cf=CFrame.new(-2.752838,-0.493347,2.577205,0.670993,-0.242314,-0.700752,0.054299,0.958613,-0.279487,0.739473,0.149484,0.656380),fov=55.000000,dt=0.016596},
	{cf=CFrame.new(-2.761444,-0.490173,2.590158,0.671094,-0.238939,-0.701813,0.058453,0.960746,-0.271201,0.739065,0.140979,0.658718),fov=55.000000,dt=0.016844},
	{cf=CFrame.new(-2.770050,-0.487000,2.603096,0.671710,-0.236509,-0.702047,0.064856,0.962805,-0.262300,0.737971,0.130658,0.662064),fov=55.000000,dt=0.016356},
	{cf=CFrame.new(-2.778687,-0.483856,2.616033,0.672384,-0.234080,-0.702217,0.071250,0.964742,-0.253369,0.736767,0.120328,0.665355),fov=55.000000,dt=0.017070},
	{cf=CFrame.new(-2.787292,-0.480682,2.628971,0.673114,-0.231656,-0.702321,0.077634,0.966560,-0.244408,0.735454,0.109991,0.668589),fov=55.000000,dt=0.017029},
	{cf=CFrame.new(-2.795898,-0.477509,2.641909,0.672297,-0.226817,-0.704679,0.080120,0.968608,-0.235330,0.735934,0.101752,0.669364),fov=55.000000,dt=0.016423},
	{cf=CFrame.new(-2.804504,-0.474335,2.654846,0.670987,-0.221146,-0.707724,0.081340,0.970680,-0.226195,0.736995,0.094208,0.669301),fov=55.000000,dt=0.016547},
	{cf=CFrame.new(-2.813110,-0.471191,2.667799,0.669713,-0.215438,-0.710685,0.082582,0.972665,-0.217034,0.738015,0.086661,0.669197),fov=55.000000,dt=0.016481},
	{cf=CFrame.new(-2.821747,-0.468018,2.680737,0.668476,-0.209695,-0.713561,0.083845,0.974561,-0.207847,0.738994,0.079112,0.669052),fov=55.000000,dt=0.016626},
	{cf=CFrame.new(-2.830353,-0.464844,2.693674,0.667275,-0.203917,-0.716354,0.085130,0.976369,-0.198636,0.739931,0.071561,0.668867),fov=55.000000,dt=0.017122},
	{cf=CFrame.new(-2.838959,-0.461670,2.706612,0.666038,-0.198107,-0.719130,0.086424,0.978089,-0.189402,0.740895,0.063999,0.668566),fov=55.000000,dt=0.017110},
	{cf=CFrame.new(-2.847565,-0.458527,2.719549,0.664902,-0.190961,-0.722108,0.085464,0.979868,-0.180431,0.742026,0.058255,0.667837),fov=55.000000,dt=0.015783},
	{cf=CFrame.new(-2.856171,-0.455353,2.732502,0.663811,-0.183349,-0.725078,0.083771,0.981611,-0.171526,0.743194,0.053120,0.666964),fov=55.000000,dt=0.017081},
	{cf=CFrame.new(-2.864807,-0.452179,2.745440,0.662734,-0.175705,-0.727951,0.082094,0.983273,-0.162592,0.744342,0.047994,0.666072),fov=55.000000,dt=0.016006},
	{cf=CFrame.new(-2.873413,-0.449036,2.758377,0.661672,-0.168028,-0.730725,0.080434,0.984849,-0.153630,0.745468,0.042877,0.665162),fov=55.000000,dt=0.017060},
	{cf=CFrame.new(-2.882141,-0.447052,2.770184,0.661054,-0.161534,-0.732745,0.079849,0.986151,-0.145360,0.746078,0.037582,0.664798),fov=55.000000,dt=0.016224},
	{cf=CFrame.new(-2.890900,-0.445496,2.781597,0.660599,-0.155422,-0.734476,0.079624,0.987323,-0.137312,0.746506,0.032227,0.664599),fov=55.000000,dt=0.016868},
	{cf=CFrame.new(-2.899689,-0.443909,2.793014,0.660112,-0.149295,-0.736182,0.079400,0.988427,-0.129254,0.746960,0.026870,0.664327),fov=55.000000,dt=0.016895},
	{cf=CFrame.new(-2.908447,-0.442352,2.804446,0.659630,-0.143151,-0.737833,0.079182,0.989467,-0.121183,0.747409,0.021513,0.664017),fov=55.000000,dt=0.016435},
	{cf=CFrame.new(-2.917236,-0.440765,2.815863,0.659169,-0.136992,-0.739413,0.078971,0.990440,-0.113099,0.747838,0.016159,0.663686),fov=55.000000,dt=0.016866},
	{cf=CFrame.new(-2.925995,-0.439209,2.827311,0.658728,-0.130818,-0.740922,0.078768,0.991348,-0.105004,0.748247,0.010808,0.663333),fov=55.000000,dt=0.016841},
	{cf=CFrame.new(-2.934723,-0.437653,2.838709,0.658023,-0.124939,-0.742561,0.080629,0.992160,-0.095486,0.748670,0.002960,0.662938),fov=55.000000,dt=0.016936},
	{cf=CFrame.new(-2.943512,-0.436066,2.850141,0.657271,-0.119143,-0.744179,0.083181,0.992861,-0.085490,0.749051,-0.005712,0.662489),fov=55.000000,dt=0.016323},
	{cf=CFrame.new(-2.952271,-0.434509,2.861558,0.656570,-0.113327,-0.745703,0.085746,0.993454,-0.075482,0.749376,-0.014382,0.661990),fov=55.000000,dt=0.016761},
	{cf=CFrame.new(-2.961060,-0.432922,2.872990,0.655922,-0.107493,-0.747136,0.088321,0.993938,-0.065463,0.749644,-0.023049,0.661440),fov=55.000000,dt=0.018056},
	{cf=CFrame.new(-2.972015,-0.430969,2.887273,0.655185,-0.100178,-0.748798,0.091553,0.994393,-0.052928,0.749901,-0.033877,0.660683),fov=55.000000,dt=0.018900},
	{cf=CFrame.new(-2.980774,-0.429413,2.898671,0.654655,-0.094309,-0.750022,0.094148,0.994634,-0.042890,0.750043,-0.042535,0.660021),fov=55.000000,dt=0.018947},
	{cf=CFrame.new(-2.991425,-0.426147,2.913351,0.654000,-0.086905,-0.751488,0.097042,0.994810,-0.030591,0.750246,-0.052920,0.659039),fov=55.000000,dt=0.018664},
	{cf=CFrame.new(-2.998962,-0.419434,2.926238,0.653310,-0.080810,-0.752767,0.098225,0.994931,-0.021559,0.750693,-0.059856,0.657935),fov=55.000000,dt=0.017648},
	{cf=CFrame.new(-3.008423,-0.411072,2.942357,0.652498,-0.073172,-0.754250,0.099717,0.994963,-0.010260,0.751202,-0.068517,0.656508),fov=55.000000,dt=0.019100},
	{cf=CFrame.new(-3.017822,-0.402679,2.958472,0.651743,-0.065516,-0.755606,0.101221,0.994864,0.001046,0.751656,-0.077165,0.655027),fov=55.000000,dt=0.021824},
	{cf=CFrame.new(-3.025360,-0.395966,2.971344,0.651180,-0.059378,-0.756598,0.102432,0.994689,0.010097,0.751980,-0.084075,0.653803),fov=55.000000,dt=0.018320},
	{cf=CFrame.new(-3.034790,-0.387604,2.987478,0.650527,-0.051692,-0.757722,0.103956,0.994351,0.021414,0.752335,-0.092700,0.652227),fov=55.000000,dt=0.019302},
	{cf=CFrame.new(-3.044250,-0.379211,3.003597,0.649887,-0.043996,-0.758757,0.105487,0.993882,0.032721,0.752675,-0.101304,0.650552),fov=55.000000,dt=0.021672},
	{cf=CFrame.new(-3.053650,-0.370850,3.019713,0.649128,-0.036299,-0.759813,0.107020,0.993284,0.043977,0.753114,-0.109862,0.648653),fov=55.000000,dt=0.019476},
	{cf=CFrame.new(-3.063080,-0.362457,3.035832,0.648425,-0.028590,-0.760742,0.108564,0.992554,0.055234,0.753498,-0.118404,0.646701),fov=55.000000,dt=0.021045},
	{cf=CFrame.new(-3.070618,-0.355774,3.048734,0.647905,-0.022414,-0.761392,0.109805,0.991875,0.064239,0.753766,-0.125226,0.645102),fov=55.000000,dt=0.015814},
	{cf=CFrame.new(-3.078186,-0.349060,3.061640,0.647421,-0.016233,-0.761961,0.111051,0.991112,0.073243,0.754000,-0.132036,0.643469),fov=55.000000,dt=0.019538},
	{cf=CFrame.new(-3.090149,-0.337372,3.080575,0.646735,-0.004682,-0.762701,0.109329,0.990224,0.086627,0.754839,-0.139410,0.640924),fov=55.000000,dt=0.018483},
	{cf=CFrame.new(-3.100250,-0.327393,3.096281,0.646189,0.005322,-0.763160,0.107307,0.989408,0.097760,0.755597,-0.145063,0.638773),fov=55.000000,dt=0.015710},
	{cf=CFrame.new(-3.107819,-0.319885,3.108076,0.645796,0.012828,-0.763403,0.105795,0.988710,0.106110,0.756146,-0.149290,0.637148),fov=55.000000,dt=0.015509},
	{cf=CFrame.new(-3.120453,-0.307404,3.127724,0.645035,0.025313,-0.763735,0.103298,0.987389,0.119969,0.757140,-0.156276,0.634286),fov=55.000000,dt=0.020145},
	{cf=CFrame.new(-3.130524,-0.297424,3.143445,0.644427,0.035298,-0.763851,0.101311,0.986186,0.131043,0.757925,-0.161834,0.631949),fov=55.000000,dt=0.013987},
	{cf=CFrame.new(-3.138092,-0.289917,3.155241,0.643987,0.042786,-0.763840,0.099826,0.985199,0.139347,0.758496,-0.165988,0.630185),fov=55.000000,dt=0.015423},
	{cf=CFrame.new(-3.143494,-0.283447,3.172098,0.643473,0.052637,-0.763658,0.096420,0.984113,0.149078,0.759373,-0.169560,0.628175),fov=55.000000,dt=0.015842},
	{cf=CFrame.new(-3.147400,-0.278168,3.189353,0.642976,0.062441,-0.763337,0.092546,0.983034,0.158366,0.760275,-0.172470,0.626289),fov=55.000000,dt=0.016392},
	{cf=CFrame.new(-3.151245,-0.272858,3.206590,0.642477,0.072239,-0.762893,0.088676,0.981850,0.167652,0.761158,-0.175363,0.624410),fov=55.000000,dt=0.016852},
	{cf=CFrame.new(-3.155090,-0.267548,3.223811,0.641977,0.082030,-0.762324,0.084809,0.980562,0.176934,0.762020,-0.178239,0.622541),fov=55.000000,dt=0.016326},
	{cf=CFrame.new(-3.158966,-0.262268,3.241047,0.641474,0.091813,-0.761632,0.080944,0.979170,0.186211,0.762863,-0.181099,0.620680),fov=55.000000,dt=0.016720},
	{cf=CFrame.new(-3.162811,-0.256958,3.258284,0.640969,0.101585,-0.760815,0.077083,0.977673,0.195481,0.763687,-0.183943,0.618828),fov=55.000000,dt=0.016613},
	{cf=CFrame.new(-3.166656,-0.251648,3.275520,0.640463,0.111346,-0.759876,0.073225,0.976073,0.204743,0.764491,-0.186772,0.616985),fov=55.000000,dt=0.016692},
	{cf=CFrame.new(-3.170532,-0.246368,3.292776,0.639955,0.121093,-0.758811,0.069368,0.974368,0.213995,0.765275,-0.189585,0.615152),fov=55.000000,dt=0.017306},
	{cf=CFrame.new(-3.174408,-0.241058,3.309997,0.639446,0.130827,-0.757624,0.065514,0.972560,0.223237,0.766041,-0.192383,0.613329),fov=55.000000,dt=0.016137},
	{cf=CFrame.new(-3.176941,-0.222076,3.337113,0.616052,0.127086,-0.777386,0.071875,0.973713,0.216140,0.784420,-0.189029,0.590724),fov=55.000000,dt=0.017296},
	{cf=CFrame.new(-3.179077,-0.198608,3.367475,0.584218,0.118535,-0.802895,0.081238,0.975768,0.203169,0.807521,-0.183921,0.560432),fov=55.000000,dt=0.016306},
	{cf=CFrame.new(-3.181183,-0.175110,3.397852,0.551424,0.109578,-0.826998,0.090157,0.977702,0.189661,0.829340,-0.179144,0.529249),fov=55.000000,dt=0.017063},
	{cf=CFrame.new(-3.183319,-0.151611,3.428215,0.517729,0.100229,-0.849654,0.098610,0.979505,0.175633,0.849843,-0.174715,0.497235),fov=55.000000,dt=0.015999},
	{cf=CFrame.new(-3.185425,-0.128143,3.458592,0.483192,0.090503,-0.870825,0.106573,0.981167,0.161105,0.869004,-0.170651,0.464447),fov=55.000000,dt=0.017613},
	{cf=CFrame.new(-3.187561,-0.104645,3.488970,0.447875,0.080417,-0.890473,0.114026,0.982677,0.146095,0.886796,-0.166970,0.430947),fov=55.000000,dt=0.015584},
	{cf=CFrame.new(-3.189667,-0.081177,3.519332,0.411841,0.069988,-0.908565,0.120948,0.984027,0.130625,0.903194,-0.163686,0.396797),fov=55.000000,dt=0.019629},
	{cf=CFrame.new(-3.191803,-0.057678,3.549695,0.375152,0.059233,-0.925070,0.127320,0.985206,0.114717,0.918179,-0.160816,0.362060),fov=55.000000,dt=0.014844},
	{cf=CFrame.new(-3.193939,-0.034180,3.580091,0.337872,0.048171,-0.939959,0.133121,0.986204,0.098392,0.931731,-0.158372,0.326798),fov=55.000000,dt=0.015670},
	{cf=CFrame.new(-3.196075,-0.010712,3.610453,0.300069,0.036822,-0.953207,0.138335,0.987012,0.081676,0.943834,-0.156370,0.291078),fov=55.000000,dt=0.016395},
	{cf=CFrame.new(-3.199524,0.002716,3.660320,0.290812,0.032831,-0.956217,0.121492,0.990054,0.070941,0.949036,-0.136803,0.283931),fov=55.000000,dt=0.016772},
	{cf=CFrame.new(-3.203461,0.012817,3.716652,0.291298,0.031319,-0.956120,0.097432,0.993295,0.062221,0.951658,-0.111282,0.286294),fov=55.000000,dt=0.016922},
	{cf=CFrame.new(-3.207428,0.022888,3.772968,0.292044,0.029814,-0.955941,0.073315,0.995875,0.053457,0.953591,-0.085697,0.288653),fov=55.000000,dt=0.016280},
	{cf=CFrame.new(-3.211365,0.032990,3.829285,0.293050,0.028324,-0.955678,0.049163,0.997792,0.044648,0.954833,-0.060068,0.291011),fov=55.000000,dt=0.017079},
	{cf=CFrame.new(-3.215302,0.043091,3.885617,0.294315,0.026860,-0.955332,0.024997,0.999046,0.035790,0.955382,-0.034414,0.293363),fov=55.000000,dt=0.016490},
	{cf=CFrame.new(-3.219238,0.053162,3.941933,0.295838,0.025433,-0.954900,0.000837,0.999638,0.026883,0.955238,-0.008753,0.295710),fov=55.000000,dt=0.016908},
	{cf=CFrame.new(-3.223175,0.063263,3.998265,0.297618,0.024051,-0.954383,-0.023295,0.999568,0.017925,0.954401,0.016898,0.298050),fov=55.000000,dt=0.016292},
	{cf=CFrame.new(-3.227112,0.073364,4.054582,0.299651,0.022726,-0.953779,-0.047379,0.998837,0.008914,0.952872,0.042518,0.300380),fov=55.000000,dt=0.016832},
	{cf=CFrame.new(-3.231018,0.083466,4.110895,0.301937,0.021466,-0.953087,-0.071394,0.997448,-0.000152,0.950651,0.068091,0.302699),fov=55.000000,dt=0.016806},
	{cf=CFrame.new(-3.234985,0.093536,4.167212,0.304472,0.020283,-0.952306,-0.095319,0.995404,-0.009275,0.947741,0.093596,0.305006),fov=55.000000,dt=0.016773},
	{cf=CFrame.new(-3.238922,0.103638,4.223528,0.307254,0.019184,-0.951435,-0.119132,0.992707,-0.018456,0.944142,0.119017,0.307298),fov=55.000000,dt=0.017243},
	{cf=CFrame.new(-3.272675,0.094879,4.241570,0.302706,0.017978,-0.952915,-0.121334,0.992414,-0.019821,0.945330,0.121621,0.302591),fov=55.000000,dt=0.018674},
	{cf=CFrame.new(-3.327240,0.076172,4.248309,0.293914,0.016444,-0.955691,-0.115169,0.993177,-0.018330,0.948869,0.115453,0.293803),fov=55.000000,dt=0.017825},
	{cf=CFrame.new(-3.381744,0.057434,4.255049,0.285101,0.014967,-0.958381,-0.108967,0.993902,-0.016894,0.952284,0.109249,0.284993),fov=55.000000,dt=0.021127},
	{cf=CFrame.new(-3.436279,0.038727,4.261789,0.276267,0.013545,-0.960986,-0.102729,0.994588,-0.015515,0.955575,0.103008,0.276164),fov=55.000000,dt=0.018580},
	{cf=CFrame.new(-3.479919,0.023743,4.267179,0.269185,0.012447,-0.963009,-0.097714,0.995110,-0.014451,0.958119,0.097989,0.269085),fov=55.000000,dt=0.019120},
	{cf=CFrame.new(-3.523529,0.008759,4.272566,0.262093,0.011386,-0.964976,-0.092676,0.995606,-0.013424,0.960583,0.092948,0.261996),fov=55.000000,dt=0.017997},
	{cf=CFrame.new(-3.567169,-0.006195,4.277971,0.254988,0.010361,-0.966889,-0.087617,0.996077,-0.012433,0.962967,0.087886,0.254895),fov=55.000000,dt=0.014648},
	{cf=CFrame.new(-3.599884,-0.017456,4.281993,0.249652,0.009616,-0.968288,-0.083808,0.996413,-0.011713,0.964703,0.084075,0.249563),fov=55.000000,dt=0.014234},
	{cf=CFrame.new(-3.643524,-0.032410,4.287398,0.242530,0.008654,-0.970106,-0.078712,0.996839,-0.010786,0.966946,0.078974,0.242444),fov=55.000000,dt=0.014472},
	{cf=CFrame.new(-3.687134,-0.047394,4.292785,0.235398,0.007729,-0.971869,-0.073595,0.997239,-0.009895,0.969109,0.073853,0.235317),fov=55.000000,dt=0.016653},
	{cf=CFrame.new(-3.741638,-0.066101,4.299524,0.226470,0.006624,-0.973996,-0.067170,0.997703,-0.008833,0.971700,0.067424,0.226394),fov=55.000000,dt=0.020530},
	{cf=CFrame.new(-3.785278,-0.081085,4.304930,0.219319,0.005781,-0.975637,-0.062008,0.998043,-0.008025,0.973681,0.062257,0.219248),fov=55.000000,dt=0.017367},
	{cf=CFrame.new(-3.850708,-0.103546,4.313004,0.208578,0.004587,-0.977996,-0.054229,0.998505,-0.006882,0.976502,0.054471,0.208515),fov=55.000000,dt=0.023860},
	{cf=CFrame.new(-3.894348,-0.118530,4.318394,0.201409,0.003837,-0.979500,-0.049020,0.998779,-0.006167,0.978280,0.049257,0.201351),fov=55.000000,dt=0.018725},
	{cf=CFrame.new(-3.948853,-0.137268,4.325149,0.192439,0.002952,-0.981305,-0.042483,0.999083,-0.005325,0.980390,0.042713,0.192388),fov=55.000000,dt=0.018403},
	{cf=CFrame.new(-3.992493,-0.152222,4.330539,0.185258,0.002287,-0.982688,-0.037233,0.999296,-0.004694,0.981985,0.037458,0.185213),fov=55.000000,dt=0.019446},
	{cf=CFrame.new(-4.047058,-0.170959,4.337279,0.176275,0.001507,-0.984340,-0.030647,0.999522,-0.003958,0.983864,0.030864,0.176237),fov=55.000000,dt=0.019930},
	{cf=CFrame.new(-4.101562,-0.189667,4.344018,0.167286,0.000787,-0.985909,-0.024034,0.999706,-0.003280,0.985616,0.024244,0.167256),fov=55.000000,dt=0.019492},
	{cf=CFrame.new(-4.145172,-0.204651,4.349405,0.160092,0.000253,-0.987103,-0.018726,0.999821,-0.002781,0.986925,0.018930,0.160068),fov=55.000000,dt=0.018346},
	{cf=CFrame.new(-4.221527,-0.230865,4.358848,0.147496,-0.000590,-0.989063,-0.009399,0.999954,-0.001999,0.989019,0.009591,0.147484),fov=55.000000,dt=0.026855},
	{cf=CFrame.new(-4.254395,-0.240906,4.363472,0.139186,-0.001207,-0.990266,-0.005973,0.999980,-0.002059,0.990249,0.006202,0.139176),fov=55.000000,dt=0.013199},
	{cf=CFrame.new(-4.287537,-0.248657,4.369215,0.125084,-0.002377,-0.992144,-0.003706,0.999989,-0.002863,0.992140,0.004036,0.125074),fov=55.000000,dt=0.012908},
	{cf=CFrame.new(-4.320679,-0.256378,4.374973,0.110957,-0.003521,-0.993820,-0.001442,0.999992,-0.003704,0.993825,0.001844,0.110951),fov=55.000000,dt=0.013834},
	{cf=CFrame.new(-4.364838,-0.266693,4.382652,0.092084,-0.005004,-0.995739,0.001573,0.999987,-0.004880,0.995751,-0.001117,0.092091),fov=55.000000,dt=0.016601},
	{cf=CFrame.new(-4.409027,-0.276978,4.390332,0.073178,-0.006439,-0.997299,0.004583,0.999971,-0.006120,0.997309,-0.004122,0.073205),fov=55.000000,dt=0.016271},
	{cf=CFrame.new(-4.453217,-0.287292,4.398012,0.054243,-0.007825,-0.998498,0.007585,0.999944,-0.007425,0.998500,-0.007171,0.054299),fov=55.000000,dt=0.016495},
	{cf=CFrame.new(-4.497406,-0.297607,4.405673,0.035288,-0.009161,-0.999336,0.010578,0.999905,-0.008793,0.999322,-0.010261,0.035382),fov=55.000000,dt=0.016886},
	{cf=CFrame.new(-4.541595,-0.307922,4.413353,0.016320,-0.010446,-0.999813,0.013562,0.999856,-0.010225,0.999775,-0.013392,0.016460),fov=55.000000,dt=0.016650},
	{cf=CFrame.new(-4.585785,-0.318237,4.421033,-0.002655,-0.011679,-0.999929,0.016534,0.999794,-0.011721,0.999860,-0.016564,-0.002461),fov=55.000000,dt=0.017669},
	{cf=CFrame.new(-4.629974,-0.328522,4.428728,-0.021629,-0.012859,-0.999684,0.019494,0.999722,-0.013281,0.999577,-0.019776,-0.021372),fov=55.000000,dt=0.015580},
	{cf=CFrame.new(-4.674133,-0.338837,4.436389,-0.040596,-0.013984,-0.999078,0.022441,0.999637,-0.014904,0.998924,-0.023025,-0.040267),fov=55.000000,dt=0.017469},
	{cf=CFrame.new(-4.718323,-0.349152,4.444068,-0.059548,-0.015056,-0.998113,0.025372,0.999540,-0.016591,0.997904,-0.026312,-0.059139),fov=55.000000,dt=0.015595},
	{cf=CFrame.new(-4.762512,-0.359467,4.451733,-0.078480,-0.016071,-0.996787,0.028288,0.999432,-0.018341,0.996515,-0.029636,-0.077981),fov=55.000000,dt=0.016867},
	{cf=CFrame.new(-4.806732,-0.369751,4.459413,-0.097382,-0.017031,-0.995102,0.031185,0.999310,-0.020155,0.994759,-0.032995,-0.096784),fov=55.000000,dt=0.016491},
	{cf=CFrame.new(-4.850891,-0.380066,4.467108,-0.116250,-0.017933,-0.993059,0.034064,0.999177,-0.022031,0.992636,-0.036389,-0.115544),fov=55.000000,dt=0.017053},
	{cf=CFrame.new(-4.895081,-0.390381,4.474769,-0.135076,-0.018777,-0.990658,0.036923,0.999031,-0.023970,0.990148,-0.039816,-0.134251),fov=55.000000,dt=0.016973},
	{cf=CFrame.new(-4.939240,-0.400696,4.482449,-0.153852,-0.019562,-0.987901,0.039760,0.998872,-0.025971,0.987294,-0.043275,-0.152900),fov=55.000000,dt=0.016255},
	{cf=CFrame.new(-4.983459,-0.410980,4.490129,-0.172572,-0.020288,-0.984789,0.042574,0.998700,-0.028035,0.984077,-0.046765,-0.171484),fov=55.000000,dt=0.016902},
	{cf=CFrame.new(-5.027649,-0.421295,4.497808,-0.191229,-0.020953,-0.981322,0.045365,0.998515,-0.030161,0.980497,-0.050285,-0.189995),fov=55.000000,dt=0.016470},
	{cf=CFrame.new(-5.071808,-0.431610,4.505469,-0.209817,-0.021558,-0.977504,0.048130,0.998317,-0.032348,0.976556,-0.053835,-0.208426),fov=55.000000,dt=0.017129},
	{cf=CFrame.new(-5.115997,-0.441925,4.513149,-0.228328,-0.022100,-0.973334,0.050869,0.998106,-0.034596,0.972255,-0.057412,-0.226771),fov=55.000000,dt=0.016493},
	{cf=CFrame.new(-5.123291,-0.451111,4.534346,-0.234275,-0.024594,-0.971860,0.050487,0.998023,-0.037426,0.970859,-0.057834,-0.232571),fov=55.000000,dt=0.015977},
	{cf=CFrame.new(-5.118286,-0.459930,4.559998,-0.236071,-0.027748,-0.971340,0.049070,0.997977,-0.040435,0.970497,-0.057209,-0.234232),fov=55.000000,dt=0.017096},
	{cf=CFrame.new(-5.113342,-0.468750,4.585652,-0.237859,-0.030904,-0.970809,0.047648,0.997919,-0.043442,0.970131,-0.056590,-0.235891),fov=55.000000,dt=0.016723},
	{cf=CFrame.new(-5.108368,-0.477570,4.611323,-0.239638,-0.034063,-0.970265,0.046220,0.997851,-0.046447,0.969762,-0.055976,-0.237549),fov=55.000000,dt=0.016654},
	{cf=CFrame.new(-5.103394,-0.486389,4.636978,-0.241411,-0.037224,-0.969710,0.044786,0.997772,-0.049451,0.969390,-0.055367,-0.239206),fov=55.000000,dt=0.016522},
	{cf=CFrame.new(-5.098450,-0.495209,4.662633,-0.243175,-0.040387,-0.969142,0.043346,0.997682,-0.052453,0.969014,-0.054764,-0.240861),fov=55.000000,dt=0.017090},
	{cf=CFrame.new(-5.093475,-0.504028,4.688285,-0.244932,-0.043552,-0.968562,0.041900,0.997582,-0.055453,0.968635,-0.054165,-0.242515),fov=55.000000,dt=0.016083},
	{cf=CFrame.new(-5.088501,-0.512848,4.713941,-0.246681,-0.046720,-0.967971,0.040448,0.997471,-0.058451,0.968253,-0.053572,-0.244167),fov=55.000000,dt=0.016641},
	{cf=CFrame.new(-5.083557,-0.521667,4.739595,-0.248422,-0.049889,-0.967367,0.038991,0.997348,-0.061448,0.967868,-0.052983,-0.245818),fov=55.000000,dt=0.016590},
	{cf=CFrame.new(-5.078583,-0.530487,4.765281,-0.250155,-0.053060,-0.966752,0.037527,0.997216,-0.064443,0.967479,-0.052400,-0.247467),fov=55.000000,dt=0.016781},
	{cf=CFrame.new(-5.073608,-0.539307,4.790917,-0.251880,-0.056233,-0.966124,0.036058,0.997072,-0.067435,0.967087,-0.051822,-0.249115),fov=55.000000,dt=0.016734},
	{cf=CFrame.new(-5.068634,-0.548126,4.816573,-0.253598,-0.059408,-0.965484,0.034583,0.996917,-0.070426,0.966692,-0.051250,-0.250761),fov=55.000000,dt=0.016752},
	{cf=CFrame.new(-5.063690,-0.556946,4.842243,-0.255307,-0.062585,-0.964833,0.033103,0.996752,-0.073415,0.966294,-0.050682,-0.252406),fov=55.000000,dt=0.016504},
	{cf=CFrame.new(-5.058716,-0.565765,4.867898,-0.257009,-0.065764,-0.964170,0.031616,0.996576,-0.076402,0.965892,-0.050120,-0.254049),fov=55.000000,dt=0.016549},
	{cf=CFrame.new(-5.053772,-0.574585,4.893569,-0.258702,-0.068944,-0.963494,0.030125,0.996389,-0.079386,0.965488,-0.049562,-0.255691),fov=55.000000,dt=0.018478},
	{cf=CFrame.new(-5.048767,-0.583435,4.919206,-0.260387,-0.072126,-0.962807,0.028627,0.996191,-0.082369,0.965080,-0.049010,-0.257331),fov=55.000000,dt=0.018732},
	{cf=CFrame.new(-5.037628,-0.603271,4.976954,-0.264136,-0.079293,-0.961221,0.025238,0.995705,-0.089073,0.964156,-0.047787,-0.261000),fov=55.000000,dt=0.034629},
	{cf=CFrame.new(-5.031799,-0.610016,5.008637,-0.246208,-0.085102,-0.965474,0.024444,0.995276,-0.093963,0.968909,-0.046734,-0.242965),fov=55.000000,dt=0.018921},
	{cf=CFrame.new(-5.027100,-0.615448,5.033990,-0.231798,-0.089721,-0.968618,0.023880,0.994913,-0.097871,0.972471,-0.045817,-0.228477),fov=55.000000,dt=0.018013},
	{cf=CFrame.new(-5.022461,-0.620850,5.059347,-0.217331,-0.094312,-0.971532,0.023380,0.994533,-0.101775,0.975819,-0.044833,-0.213938),fov=55.000000,dt=0.017422},
	{cf=CFrame.new(-5.018951,-0.624908,5.078370,-0.206446,-0.097736,-0.973565,0.023046,0.994237,-0.104699,0.978187,-0.044052,-0.203003),fov=55.000000,dt=0.014362},
	{cf=CFrame.new(-5.013092,-0.631683,5.110039,-0.188240,-0.103408,-0.976665,0.022570,0.993723,-0.109564,0.981864,-0.042668,-0.184725),fov=55.000000,dt=0.019921},
	{cf=CFrame.new(-5.007233,-0.638458,5.141723,-0.169963,-0.109031,-0.979401,0.022192,0.993185,-0.114417,0.985201,-0.041182,-0.166385),fov=55.000000,dt=0.017764},
	{cf=CFrame.new(-5.002594,-0.643860,5.167079,-0.155293,-0.113495,-0.981328,0.021961,0.992736,-0.118290,0.987625,-0.039921,-0.151672),fov=55.000000,dt=0.019125},
	{cf=CFrame.new(-4.996735,-0.650635,5.198778,-0.136902,-0.119029,-0.983408,0.021761,0.992154,-0.123116,0.990346,-0.038255,-0.133238),fov=55.000000,dt=0.017908},
	{cf=CFrame.new(-4.992065,-0.656036,5.224116,-0.122150,-0.123417,-0.984809,0.021671,0.991670,-0.126965,0.992276,-0.036850,-0.118458),fov=55.000000,dt=0.018634},
	{cf=CFrame.new(-4.986237,-0.662811,5.255819,-0.103668,-0.128855,-0.986231,0.021646,0.991045,-0.131759,0.994377,-0.035007,-0.099951),fov=55.000000,dt=0.019375},
	{cf=CFrame.new(-4.978058,-0.672272,5.300164,-0.077727,-0.136372,-0.987605,0.021774,0.990132,-0.138435,0.996738,-0.032264,-0.073990),fov=55.000000,dt=0.028767},
	{cf=CFrame.new(-4.973389,-0.677704,5.325536,-0.062874,-0.140616,-0.988066,0.021933,0.989591,-0.142229,0.997781,-0.030613,-0.059136),fov=55.000000,dt=0.020346},
	{cf=CFrame.new(-4.967529,-0.684448,5.357220,-0.044287,-0.145867,-0.988313,0.022217,0.988895,-0.146948,0.998773,-0.028465,-0.040554),fov=55.000000,dt=0.017254},
	{cf=CFrame.new(-4.962860,-0.689850,5.382573,-0.029400,-0.150021,-0.988246,0.022513,0.988323,-0.150702,0.999315,-0.026679,-0.025679),fov=55.000000,dt=0.022829},
	{cf=CFrame.new(-4.960205,-0.662781,5.409635,-0.000542,-0.149962,-0.988692,0.024679,0.988389,-0.149929,0.999696,-0.024481,0.003165),fov=55.000000,dt=0.022425},
	{cf=CFrame.new(-4.958435,-0.644745,5.427675,0.018697,-0.149899,-0.988525,0.026112,0.988433,-0.149391,0.999485,-0.023019,0.022395),fov=55.000000,dt=0.016660},
	{cf=CFrame.new(-4.956665,-0.626709,5.445731,0.037930,-0.149817,-0.987987,0.027535,0.988479,-0.148835,0.998902,-0.021559,0.041618),fov=55.000000,dt=0.018010},
	{cf=CFrame.new(-4.954437,-0.604156,5.468273,0.061950,-0.149688,-0.986791,0.029301,0.988536,-0.148113,0.997650,-0.019738,0.065626),fov=55.000000,dt=0.018217},
	{cf=CFrame.new(-4.952667,-0.586121,5.486329,0.081140,-0.149563,-0.985418,0.030703,0.988583,-0.147516,0.996230,-0.018286,0.084806),fov=55.000000,dt=0.016261},
	{cf=CFrame.new(-4.950897,-0.568054,5.504370,0.100300,-0.149420,-0.983674,0.032095,0.988631,-0.146900,0.994440,-0.016836,0.103956),fov=55.000000,dt=0.017398},
	{cf=CFrame.new(-4.949127,-0.550018,5.522426,0.119423,-0.149258,-0.981561,0.033476,0.988678,-0.146267,0.992280,-0.015391,0.123068),fov=55.000000,dt=0.017724},
	{cf=CFrame.new(-4.947357,-0.531982,5.540467,0.138501,-0.149077,-0.979079,0.034847,0.988727,-0.145617,0.989750,-0.013950,0.142135),fov=55.000000,dt=0.014684},
	{cf=CFrame.new(-4.945587,-0.513947,5.558508,0.157527,-0.148877,-0.976228,0.036207,0.988777,-0.144949,0.986851,-0.012513,0.161150),fov=55.000000,dt=0.016554},
	{cf=CFrame.new(-4.943848,-0.495911,5.576549,0.176495,-0.148659,-0.973011,0.037556,0.988827,-0.144263,0.983586,-0.011081,0.180106),fov=55.000000,dt=0.016406},
	{cf=CFrame.new(-4.942047,-0.477844,5.594604,0.195396,-0.148423,-0.969429,0.038893,0.988877,-0.143561,0.979954,-0.009653,0.198995),fov=55.000000,dt=0.016615},
	{cf=CFrame.new(-4.940277,-0.459808,5.612627,0.214224,-0.148168,-0.965482,0.040220,0.988928,-0.142842,0.975957,-0.008231,0.217811),fov=55.000000,dt=0.016510},
	{cf=CFrame.new(-4.938507,-0.441772,5.630683,0.232972,-0.147895,-0.961172,0.041534,0.988979,-0.142106,0.971597,-0.006814,0.236548),fov=55.000000,dt=0.016825},
	{cf=CFrame.new(-4.937256,-0.417694,5.648184,0.243372,-0.141061,-0.959621,0.041717,0.989975,-0.134943,0.969036,-0.007191,0.246817),fov=55.000000,dt=0.016647},
	{cf=CFrame.new(-4.936157,-0.391602,5.665487,0.251024,-0.132068,-0.958930,0.041466,0.991207,-0.125658,0.967093,-0.008220,0.254293),fov=55.000000,dt=0.016977},
	{cf=CFrame.new(-4.935089,-0.365509,5.682809,0.258687,-0.123095,-0.958086,0.041146,0.992351,-0.116388,0.965085,-0.009313,0.261774),fov=55.000000,dt=0.016609},
	{cf=CFrame.new(-4.933990,-0.339417,5.700128,0.266361,-0.114144,-0.957092,0.040756,0.993409,-0.107133,0.963012,-0.010471,0.269257),fov=55.000000,dt=0.016622},
	{cf=CFrame.new(-4.932953,-0.313324,5.717449,0.274042,-0.105217,-0.955945,0.040296,0.994380,-0.097896,0.960874,-0.011693,0.276742),fov=55.000000,dt=0.016493},
	{cf=CFrame.new(-4.931854,-0.287231,5.734767,0.281731,-0.096315,-0.954648,0.039767,0.995266,-0.088677,0.958670,-0.012980,0.284228),fov=55.000000,dt=0.016552},
	{cf=CFrame.new(-4.930786,-0.261139,5.752070,0.289427,-0.087440,-0.953199,0.039168,0.996066,-0.079479,0.956399,-0.014331,0.291714),fov=55.000000,dt=0.016972},
	{cf=CFrame.new(-4.929718,-0.235046,5.769407,0.297127,-0.078592,-0.951599,0.038499,0.996782,-0.070303,0.954062,-0.015746,0.299197),fov=55.000000,dt=0.017010},
	{cf=CFrame.new(-4.928619,-0.208954,5.786711,0.304831,-0.069774,-0.949848,0.037760,0.997414,-0.061150,0.951658,-0.017226,0.306677),fov=55.000000,dt=0.016075},
	{cf=CFrame.new(-4.927551,-0.182861,5.804048,0.312537,-0.060986,-0.947947,0.036951,0.997962,-0.052021,0.949187,-0.018769,0.314153),fov=55.000000,dt=0.016745},
	{cf=CFrame.new(-4.926483,-0.156769,5.821351,0.320243,-0.052231,-0.945895,0.036073,0.998427,-0.042919,0.946649,-0.020377,0.321623),fov=55.000000,dt=0.016724},
	{cf=CFrame.new(-4.925385,-0.130676,5.838654,0.327949,-0.043509,-0.943694,0.035124,0.998810,-0.033844,0.944043,-0.022048,0.329087),fov=55.000000,dt=0.017088},
	{cf=CFrame.new(-4.924316,-0.104584,5.855975,0.335653,-0.034821,-0.941343,0.034106,0.999111,-0.024797,0.941369,-0.023783,0.336542),fov=55.000000,dt=0.016161},
	{cf=CFrame.new(-4.924103,-0.087585,5.864338,0.343064,-0.035887,-0.938627,0.034805,0.999069,-0.025477,0.938668,-0.023929,0.343994),fov=55.000000,dt=0.017285},
	{cf=CFrame.new(-4.924194,-0.073639,5.869738,0.350361,-0.040178,-0.935753,0.036113,0.998916,-0.029368,0.935919,-0.023504,0.351433),fov=55.000000,dt=0.017358},
	{cf=CFrame.new(-4.924255,-0.059692,5.875139,0.357637,-0.044453,-0.932803,0.037449,0.998746,-0.033238,0.933110,-0.023046,0.358853),fov=55.000000,dt=0.015796},
	{cf=CFrame.new(-4.924347,-0.045746,5.880521,0.364891,-0.048713,-0.929776,0.038812,0.998558,-0.037085,0.930242,-0.022555,0.366255),fov=55.000000,dt=0.016755},
	{cf=CFrame.new(-4.924408,-0.031769,5.885937,0.372122,-0.052958,-0.926673,0.040202,0.998354,-0.040910,0.927314,-0.022031,0.373638),fov=55.000000,dt=0.016108},
	{cf=CFrame.new(-4.924469,-0.017822,5.891304,0.379330,-0.057186,-0.923493,0.041619,0.998132,-0.044713,0.924326,-0.021474,0.381002),fov=55.000000,dt=0.016665},
	{cf=CFrame.new(-4.924561,-0.003876,5.896704,0.386514,-0.061398,-0.920238,0.043063,0.997895,-0.048492,0.921278,-0.020885,0.388344),fov=55.000000,dt=0.017042},
	{cf=CFrame.new(-4.924652,0.010071,5.902120,0.393674,-0.065593,-0.916908,0.044532,0.997641,-0.052248,0.918172,-0.020263,0.395666),fov=55.000000,dt=0.016575},
	{cf=CFrame.new(-4.924713,0.024017,5.907487,0.400809,-0.069771,-0.913502,0.046028,0.997370,-0.055981,0.915005,-0.019609,0.402967),fov=55.000000,dt=0.016430},
	{cf=CFrame.new(-4.924805,0.037994,5.912888,0.407919,-0.073931,-0.910021,0.047550,0.997084,-0.059690,0.911780,-0.018923,0.410245),fov=55.000000,dt=0.016651},
	{cf=CFrame.new(-4.924866,0.051941,5.918303,0.415002,-0.078074,-0.906465,0.049098,0.996781,-0.063375,0.908495,-0.018205,0.417500),fov=55.000000,dt=0.016757},
	{cf=CFrame.new(-4.924957,0.065887,5.923685,0.422059,-0.082199,-0.902835,0.050671,0.996463,-0.067035,0.905152,-0.017455,0.424731),fov=55.000000,dt=0.016564},
	{cf=CFrame.new(-4.925018,0.079834,5.929086,0.429088,-0.086305,-0.899131,0.052269,0.996129,-0.070671,0.901750,-0.016673,0.431938),fov=55.000000,dt=0.019271},
	{cf=CFrame.new(-4.925140,0.097290,5.935827,0.437835,-0.091412,-0.894397,0.054303,0.995690,-0.075181,0.897414,-0.015651,0.440912),fov=55.000000,dt=0.017930},
	{cf=CFrame.new(-4.925201,0.111237,5.941209,0.444800,-0.095475,-0.890527,0.055957,0.995322,-0.078761,0.893881,-0.014799,0.448062),fov=55.000000,dt=0.017863},
	{cf=CFrame.new(-4.926788,0.114441,5.933332,0.436079,-0.097600,-0.894601,0.056382,0.995111,-0.081082,0.898141,-0.015081,0.439450),fov=55.000000,dt=0.017406},
	{cf=CFrame.new(-4.928711,0.118439,5.923479,0.425121,-0.100265,-0.899566,0.056887,0.994840,-0.084000,0.903348,-0.015463,0.428632),fov=55.000000,dt=0.017016},
	{cf=CFrame.new(-4.930298,0.121674,5.915583,0.416312,-0.102402,-0.903437,0.057268,0.994618,-0.086347,0.907417,-0.015791,0.419936),fov=55.000000,dt=0.017487},
	{cf=CFrame.new(-4.931824,0.124878,5.907687,0.407464,-0.104544,-0.907218,0.057630,0.994389,-0.088705,0.911401,-0.016139,0.411203),fov=55.000000,dt=0.018025},
	{cf=CFrame.new(-4.933380,0.128082,5.899791,0.398580,-0.106691,-0.910907,0.057973,0.994155,-0.091074,0.915300,-0.016508,0.402436),fov=55.000000,dt=0.017633},
	{cf=CFrame.new(-4.934967,0.131287,5.891914,0.389660,-0.108842,-0.914505,0.058296,0.993915,-0.093454,0.919113,-0.016896,0.393634),fov=55.000000,dt=0.017910},
	{cf=CFrame.new(-4.936920,0.135284,5.882061,0.378460,-0.111538,-0.918874,0.058671,0.993608,-0.096444,0.923757,-0.017411,0.382585),fov=55.000000,dt=0.017966},
	{cf=CFrame.new(-4.938873,0.139313,5.872191,0.367207,-0.114240,-0.923098,0.059015,0.993291,-0.099451,0.928266,-0.017958,0.371486),fov=55.000000,dt=0.020719},
	{cf=CFrame.new(-4.940430,0.142517,5.864296,0.358168,-0.116406,-0.926373,0.059267,0.993031,-0.101867,0.931775,-0.018418,0.362571),fov=55.000000,dt=0.017259},
	{cf=CFrame.new(-4.941986,0.145721,5.856400,0.349096,-0.118575,-0.929555,0.059499,0.992765,-0.104294,0.935197,-0.018899,0.353626),fov=55.000000,dt=0.018252},
	{cf=CFrame.new(-4.943939,0.149719,5.846546,0.337713,-0.121292,-0.933402,0.059760,0.992425,-0.107340,0.939351,-0.019530,0.342403),fov=55.000000,dt=0.019117},
	{cf=CFrame.new(-4.945496,0.152924,5.838651,0.328572,-0.123470,-0.936374,0.059946,0.992146,-0.109789,0.942575,-0.020058,0.333393),fov=55.000000,dt=0.015267},
	{cf=CFrame.new(-4.946686,0.155334,5.832747,0.321698,-0.125105,-0.938542,0.060071,0.991933,-0.111631,0.944936,-0.020468,0.326618),fov=55.000000,dt=0.016508},
	{cf=CFrame.new(-4.948639,0.159363,5.822878,0.310205,-0.127833,-0.942037,0.060254,0.991570,-0.114713,0.948759,-0.021177,0.315293),fov=55.000000,dt=0.027569},
	{cf=CFrame.new(-4.952148,0.166565,5.805128,0.289412,-0.132754,-0.947955,0.060501,0.990893,-0.120296,0.955291,-0.022537,0.294808),fov=55.000000,dt=0.028859},
	{cf=CFrame.new(-4.953308,0.168976,5.799206,0.282453,-0.134397,-0.949821,0.060559,0.990660,-0.122167,0.957368,-0.023014,0.287953),fov=55.000000,dt=0.015682},
	{cf=CFrame.new(-4.943298,0.150818,5.824623,0.259818,-0.130840,-0.956753,0.060176,0.991046,-0.119189,0.963781,-0.026606,0.265365),fov=55.000000,dt=0.023436},
	{cf=CFrame.new(-4.936646,0.138702,5.841589,0.244647,-0.128412,-0.961072,0.059967,0.991298,-0.117186,0.967757,-0.028963,0.250219),fov=55.000000,dt=0.014002},
	{cf=CFrame.new(-4.931610,0.129608,5.854296,0.233230,-0.126562,-0.964151,0.059834,0.991483,-0.115675,0.970580,-0.030710,0.238816),fov=55.000000,dt=0.012990},
	{cf=CFrame.new(-4.926605,0.120544,5.867022,0.221781,-0.124686,-0.967093,0.059723,0.991666,-0.114158,0.973267,-0.032440,0.227379),fov=55.000000,dt=0.014083},
	{cf=CFrame.new(-4.919922,0.108429,5.883969,0.206467,-0.122147,-0.970800,0.059609,0.991905,-0.112125,0.976637,-0.034718,0.212077),fov=55.000000,dt=0.013566},
	{cf=CFrame.new(-4.914917,0.099335,5.896695,0.194950,-0.120214,-0.973419,0.059548,0.992080,-0.110592,0.979005,-0.036405,0.200564),fov=55.000000,dt=0.014464},
	{cf=CFrame.new(-4.908234,0.087250,5.913642,0.179552,-0.117598,-0.976695,0.059500,0.992310,-0.108540,0.981948,-0.038624,0.185168),fov=55.000000,dt=0.017178},
	{cf=CFrame.new(-4.901550,0.075134,5.930593,0.164111,-0.114940,-0.979723,0.059490,0.992534,-0.106477,0.984647,-0.040810,0.169724),fov=55.000000,dt=0.015625},
	{cf=CFrame.new(-4.894867,0.063019,5.947526,0.148631,-0.112239,-0.982503,0.059519,0.992752,-0.104406,0.987101,-0.042960,0.154234),fov=55.000000,dt=0.017730},
	{cf=CFrame.new(-4.888214,0.050903,5.964492,0.133116,-0.109496,-0.985034,0.059588,0.992965,-0.102325,0.989308,-0.045075,0.138704),fov=55.000000,dt=0.015741},
	{cf=CFrame.new(-4.881500,0.038788,5.981440,0.117570,-0.106712,-0.987315,0.059695,0.993171,-0.100237,0.991269,-0.047153,0.123137),fov=55.000000,dt=0.016645},
	{cf=CFrame.new(-4.874847,0.026703,5.998391,0.101996,-0.103887,-0.989346,0.059842,0.993372,-0.098141,0.992984,-0.049194,0.107537),fov=55.000000,dt=0.016496},
	{cf=CFrame.new(-4.868164,0.014587,6.015338,0.086400,-0.101022,-0.991126,0.060028,0.993566,-0.096038,0.994451,-0.051198,0.091908),fov=55.000000,dt=0.016948},
	{cf=CFrame.new(-4.861481,0.002472,6.032305,0.070784,-0.098117,-0.992655,0.060254,0.993754,-0.093929,0.995671,-0.053163,0.076254),fov=55.000000,dt=0.016548},
	{cf=CFrame.new(-4.854797,-0.009644,6.049237,0.055153,-0.095173,-0.993932,0.060520,0.993935,-0.091815,0.996643,-0.055089,0.060579),fov=55.000000,dt=0.017336},
	{cf=CFrame.new(-4.848145,-0.021759,6.066204,0.039512,-0.092190,-0.994958,0.060825,0.994110,-0.089696,0.997367,-0.056975,0.044886),fov=55.000000,dt=0.016303},
	{cf=CFrame.new(-4.846222,-0.035614,6.054525,0.015537,-0.082983,-0.996430,0.060436,0.994806,-0.081906,0.998052,-0.058948,0.020472),fov=55.000000,dt=0.016231},
	{cf=CFrame.new(-4.845947,-0.050049,6.033270,-0.011206,-0.071592,-0.997372,0.060046,0.995586,-0.072138,0.998133,-0.060697,-0.006857),fov=55.000000,dt=0.017106},
	{cf=CFrame.new(-4.845642,-0.064514,6.012017,-0.037913,-0.060079,-0.997474,0.059933,0.996257,-0.062284,0.997483,-0.062143,-0.034170),fov=55.000000,dt=0.016795},
	{cf=CFrame.new(-4.845367,-0.078949,5.990781,-0.064561,-0.048455,-0.996737,0.060098,0.996819,-0.052352,0.996103,-0.063282,-0.061444),fov=55.000000,dt=0.016901},
	{cf=CFrame.new(-4.845093,-0.093384,5.969510,-0.091127,-0.036729,-0.995162,0.060545,0.997267,-0.042351,0.993998,-0.064111,-0.088654),fov=55.000000,dt=0.016437},
	{cf=CFrame.new(-4.844788,-0.107849,5.948273,-0.117589,-0.024909,-0.992751,0.061275,0.997599,-0.032289,0.991171,-0.064627,-0.115780),fov=55.000000,dt=0.016574},
	{cf=CFrame.new(-4.844482,-0.122284,5.927002,-0.143923,-0.013006,-0.989504,0.062290,0.997812,-0.022175,0.987627,-0.064827,-0.142797),fov=55.000000,dt=0.016514},
	{cf=CFrame.new(-4.844208,-0.136749,5.905766,-0.170106,-0.001029,-0.985426,0.063591,0.997904,-0.012020,0.983372,-0.064709,-0.169684),fov=55.000000,dt=0.017691},
	{cf=CFrame.new(-4.843933,-0.151184,5.884529,-0.196118,0.011011,-0.980519,0.065180,0.997872,-0.001831,0.978412,-0.064270,-0.196418),fov=55.000000,dt=0.015333},
	{cf=CFrame.new(-4.843628,-0.165649,5.863273,-0.221934,0.023106,-0.974788,0.067059,0.997714,0.008382,0.972754,-0.063508,-0.222977),fov=55.000000,dt=0.017254},
	{cf=CFrame.new(-4.843353,-0.180084,5.842021,-0.247534,0.035245,-0.968239,0.069226,0.997427,0.018609,0.966404,-0.062421,-0.249337),fov=55.000000,dt=0.016702},
	{cf=CFrame.new(-4.843048,-0.194519,5.820765,-0.272895,0.047418,-0.960875,0.071684,0.997010,0.028842,0.959370,-0.061009,-0.275478),fov=55.000000,dt=0.017854},
	{cf=CFrame.new(-4.842773,-0.208984,5.799529,-0.297995,0.059614,-0.952705,0.074432,0.996460,0.039071,0.951662,-0.059269,-0.301378),fov=55.000000,dt=0.015498},
	{cf=CFrame.new(-4.842468,-0.223419,5.778258,-0.322813,0.071824,-0.943734,0.077470,0.995776,0.049286,0.943287,-0.057201,-0.327014),fov=55.000000,dt=0.016756},
	{cf=CFrame.new(-4.842072,-0.227844,5.736862,-0.326894,0.068704,-0.942561,0.058258,0.996922,0.052462,0.943265,-0.037762,-0.329890),fov=55.000000,dt=0.016594},
	{cf=CFrame.new(-4.841644,-0.228882,5.688698,-0.323773,0.060535,-0.944197,0.031524,0.998087,0.053180,0.945610,-0.012547,-0.325062),fov=55.000000,dt=0.016821},
	{cf=CFrame.new(-4.841217,-0.229950,5.640533,-0.320280,0.052466,-0.945870,0.004787,0.998542,0.053767,0.947311,0.012693,-0.320064),fov=55.000000,dt=0.016537},
	{cf=CFrame.new(-4.840790,-0.230988,5.592370,-0.316418,0.044510,-0.947576,-0.021933,0.998288,0.054216,0.948367,0.037938,-0.314901),fov=55.000000,dt=0.017099},
	{cf=CFrame.new(-4.840363,-0.232025,5.544190,-0.312191,0.036679,-0.949312,-0.048616,0.997328,0.054522,0.948775,0.063174,-0.309574),fov=55.000000,dt=0.016404},
	{cf=CFrame.new(-4.839844,-0.233337,5.484007,-0.306399,0.027083,-0.951519,-0.081888,0.995140,0.054693,0.948375,0.094676,-0.302692),fov=55.000000,dt=0.019923},
	{cf=CFrame.new(-4.839417,-0.234406,5.435843,-0.301362,0.019575,-0.953309,-0.108414,0.992602,0.054654,0.947327,0.119823,-0.297011),fov=55.000000,dt=0.018445},
	{cf=CFrame.new(-4.838898,-0.235718,5.375641,-0.294571,0.010419,-0.955573,-0.141426,0.988454,0.054374,0.945107,0.151160,-0.289697),fov=55.000000,dt=0.020045},
	{cf=CFrame.new(-4.838470,-0.236755,5.327477,-0.286317,0.003999,-0.958128,-0.153189,0.986936,0.049896,0.945810,0.161060,-0.281964),fov=55.000000,dt=0.018925},
	{cf=CFrame.new(-4.837921,-0.238068,5.267260,-0.266470,-0.001789,-0.963842,-0.112896,0.993173,0.029368,0.957209,0.116640,-0.264853),fov=55.000000,dt=0.017990},
	{cf=CFrame.new(-4.837494,-0.239136,5.219096,-0.250356,-0.007047,-0.968129,-0.080347,0.996675,0.013523,0.964815,0.081172,-0.250090),fov=55.000000,dt=0.018906},
	{cf=CFrame.new(-4.836975,-0.240448,5.158895,-0.229951,-0.014411,-0.973096,-0.039347,0.999210,-0.005500,0.972407,0.037024,-0.230336),fov=55.000000,dt=0.019401},
	{cf=CFrame.new(-4.836426,-0.241760,5.098678,-0.209291,-0.022660,-0.977592,0.001914,0.999720,-0.023582,0.977852,-0.006807,-0.209189),fov=55.000000,dt=0.021684},
	{cf=CFrame.new(-4.835999,-0.242798,5.050513,-0.192609,-0.029898,-0.980821,0.035046,0.998688,-0.037325,0.980650,-0.041563,-0.191309),fov=55.000000,dt=0.016686},
	{cf=CFrame.new(-4.558411,-0.202301,5.090809,-0.149850,-0.064017,-0.986635,0.030087,0.997144,-0.069269,0.988252,-0.040065,-0.147496),fov=55.000000,dt=0.019030},
	{cf=CFrame.new(-4.336212,-0.169861,5.123083,-0.115122,-0.090970,-0.989178,0.027159,0.995137,-0.094679,0.992981,-0.037765,-0.112092),fov=55.000000,dt=0.018253},
	{cf=CFrame.new(-4.002869,-0.121185,5.171512,-0.062347,-0.130684,-0.989462,0.024544,0.990890,-0.132419,0.997753,-0.032541,-0.058571),fov=55.000000,dt=0.023184},
	{cf=CFrame.new(-3.780670,-0.088776,5.203771,-0.026811,-0.156612,-0.987297,0.023982,0.987266,-0.157258,0.999353,-0.027893,-0.022714),fov=55.000000,dt=0.015556},
	{cf=CFrame.new(-3.374329,0.068359,5.181788,0.078039,-0.156559,-0.984581,0.040174,0.987284,-0.153804,0.996141,-0.027552,0.083337),fov=55.000000,dt=0.016292},
	{cf=CFrame.new(-2.496307,0.441528,5.106479,0.313680,-0.142617,-0.938758,0.075427,0.989274,-0.125088,0.946529,-0.031570,0.321073),fov=55.000000,dt=0.017295},
	{cf=CFrame.new(-1.969452,0.665405,5.061280,0.447378,-0.135909,-0.883958,0.092601,0.990113,-0.105365,0.889539,-0.034718,0.455540),fov=55.000000,dt=0.015353},
	{cf=CFrame.new(-1.610809,0.817932,5.037690,0.531228,-0.092491,-0.842166,0.065862,0.995524,-0.067788,0.844666,-0.019455,0.534942),fov=55.000000,dt=0.019478},
	{cf=CFrame.new(-1.601837,0.821869,5.046518,0.555872,-0.106009,-0.824481,0.102355,0.993016,-0.058669,0.824943,-0.051777,0.562841),fov=55.000000,dt=0.016690},
	{cf=CFrame.new(-1.592865,0.825806,5.055363,0.587400,-0.143076,-0.796550,0.165993,0.984623,-0.054449,0.792091,-0.100239,0.602117),fov=55.000000,dt=0.017906},
	{cf=CFrame.new(-1.581635,0.830719,5.066433,0.614183,-0.157306,-0.773327,0.202461,0.978543,-0.038254,0.762751,-0.133073,0.632853),fov=55.000000,dt=0.021430},
	{cf=CFrame.new(-1.572693,0.834656,5.075262,0.633065,-0.162560,-0.756839,0.222574,0.974640,-0.023168,0.741412,-0.153786,0.653192),fov=55.000000,dt=0.015364},
	{cf=CFrame.new(-1.575836,0.838684,5.068789,0.623334,-0.166896,-0.763939,0.220061,0.974913,-0.033429,0.750353,-0.147276,0.644423),fov=55.000000,dt=0.012730},
	{cf=CFrame.new(-1.580048,0.844055,5.060126,0.610226,-0.172847,-0.773142,0.216454,0.975153,-0.047167,0.762084,-0.138567,0.632477),fov=55.000000,dt=0.018799},
	{cf=CFrame.new(-1.587463,0.853455,5.044960,0.599697,-0.163872,-0.783270,0.183754,0.980853,-0.064521,0.778845,-0.105236,0.618326),fov=55.000000,dt=0.024472},
	{cf=CFrame.new(-1.590637,0.857483,5.038472,0.597099,-0.162818,-0.785471,0.172816,0.982301,-0.072248,0.783332,-0.092603,0.614668),fov=55.000000,dt=0.013737},
	{cf=CFrame.new(-1.593811,0.861511,5.031968,0.596592,-0.170010,-0.784331,0.172204,0.981659,-0.081797,0.783852,-0.086266,0.614927),fov=55.000000,dt=0.014052},
	{cf=CFrame.new(-1.596985,0.865540,5.025479,0.596123,-0.177193,-0.783097,0.171590,0.980925,-0.091336,0.784344,-0.079924,0.615157),fov=55.000000,dt=0.016362},
	{cf=CFrame.new(-1.606445,0.867157,5.012626,0.603468,-0.195474,-0.773057,0.167631,0.978922,-0.116672,0.779568,-0.059181,0.623516),fov=55.000000,dt=0.026483},
	{cf=CFrame.new(-1.610596,0.862061,5.010590,0.611519,-0.201662,-0.765100,0.164812,0.978230,-0.126109,0.773875,-0.048979,0.631443),fov=55.000000,dt=0.013576},
	{cf=CFrame.new(-1.614716,0.856964,5.008554,0.619560,-0.207707,-0.756971,0.162107,0.977423,-0.135518,0.768029,-0.038749,0.639243),fov=55.000000,dt=0.013175},
	{cf=CFrame.new(-1.618835,0.851868,5.006518,0.627586,-0.213608,-0.748671,0.159518,0.976504,-0.144894,0.762031,-0.028493,0.646915),fov=55.000000,dt=0.013714},
	{cf=CFrame.new(-1.622986,0.846741,5.004482,0.635597,-0.219364,-0.740201,0.157045,0.975473,-0.154237,0.755881,-0.018212,0.654457),fov=55.000000,dt=0.012414},
	{cf=CFrame.new(-1.628510,0.839966,5.001772,0.643443,-0.217877,-0.733834,0.141741,0.975973,-0.165487,0.752258,0.002467,0.658865),fov=55.000000,dt=0.015692},
	{cf=CFrame.new(-1.634033,0.833160,4.999080,0.650402,-0.213210,-0.729055,0.122457,0.976675,-0.176380,0.749656,0.025440,0.661340),fov=55.000000,dt=0.018497},
	{cf=CFrame.new(-1.639587,0.823090,4.998367,0.661707,-0.207381,-0.720513,0.099373,0.976767,-0.189874,0.743149,0.054041,0.666941),fov=55.000000,dt=0.025463},
	{cf=CFrame.new(-1.637482,0.820770,5.002375,0.665470,-0.207774,-0.716924,0.100705,0.976687,-0.189579,0.739601,0.053961,0.670880),fov=55.000000,dt=0.013893},
	{cf=CFrame.new(-1.635437,0.818451,5.006401,0.669216,-0.208167,-0.713315,0.102034,0.976608,-0.189277,0.736031,0.053884,0.674801),fov=55.000000,dt=0.013227},
	{cf=CFrame.new(-1.633392,0.816132,5.010412,0.672941,-0.208559,-0.709686,0.103360,0.976528,-0.188969,0.732440,0.053812,0.678703),fov=55.000000,dt=0.012455},
	{cf=CFrame.new(-1.630676,0.813049,5.015766,0.677880,-0.209081,-0.704816,0.105123,0.976421,-0.188547,0.727619,0.053720,0.683876),fov=55.000000,dt=0.016638},
	{cf=CFrame.new(-1.627930,0.809937,5.021134,0.682784,-0.209603,-0.699910,0.106879,0.976314,-0.188114,0.722762,0.053636,0.689014),fov=55.000000,dt=0.016377},
	{cf=CFrame.new(-1.625214,0.806854,5.026503,0.687654,-0.210124,-0.694969,0.108630,0.976207,-0.187670,0.717867,0.053558,0.694118),fov=55.000000,dt=0.016392},
	{cf=CFrame.new(-1.622467,0.803772,5.031857,0.692362,-0.199120,-0.693533,0.112416,0.979200,-0.168912,0.712740,0.038984,0.700345),fov=55.000000,dt=0.016750},
	{cf=CFrame.new(-1.619751,0.800659,5.037225,0.697251,-0.184308,-0.692729,0.116748,0.982675,-0.143942,0.707257,0.019488,0.706689),fov=55.000000,dt=0.016909},
	{cf=CFrame.new(-1.617004,0.797577,5.042575,0.702391,-0.169586,-0.691295,0.120909,0.985515,-0.118913,0.701448,-0.000061,0.712722),fov=55.000000,dt=0.023199},
	{cf=CFrame.new(-1.611298,0.802460,5.046753,0.702149,-0.168256,-0.691865,0.126204,0.985703,-0.111636,0.700757,-0.008931,0.713345),fov=55.000000,dt=0.018798},
	{cf=CFrame.new(-1.608246,0.805847,5.048450,0.701202,-0.169668,-0.692481,0.128774,0.985436,-0.111050,0.701238,-0.011305,0.712839),fov=55.000000,dt=0.013066},
	{cf=CFrame.new(-1.605225,0.809235,5.050132,0.700254,-0.171077,-0.693094,0.131346,0.985163,-0.110466,0.701708,-0.013681,0.712334),fov=55.000000,dt=0.012501},
	{cf=CFrame.new(-1.601196,0.813751,5.052389,0.698986,-0.172952,-0.693908,0.134776,0.984786,-0.109690,0.702322,-0.016850,0.711661),fov=55.000000,dt=0.015669},
	{cf=CFrame.new(-1.597168,0.818298,5.054647,0.698576,-0.178254,-0.692978,0.142785,0.983722,-0.109104,0.701146,-0.022729,0.712656),fov=55.000000,dt=0.017414},
	{cf=CFrame.new(-1.593140,0.822815,5.056938,0.698427,-0.184704,-0.691437,0.152316,0.982351,-0.108561,0.699285,-0.029495,0.714235),fov=55.000000,dt=0.015813},
	{cf=CFrame.new(-1.589081,0.827332,5.059180,0.698246,-0.191150,-0.689867,0.161828,0.980892,-0.107994,0.697328,-0.036233,0.715837),fov=55.000000,dt=0.016807},
	{cf=CFrame.new(-1.585052,0.831848,5.061438,0.698032,-0.197590,-0.688267,0.171320,0.979344,-0.107404,0.695272,-0.042942,0.717464),fov=55.000000,dt=0.016787},
	{cf=CFrame.new(-1.609619,0.840851,5.034524,0.668769,-0.220923,-0.709889,0.190449,0.973877,-0.123661,0.718664,-0.052497,0.693374),fov=55.000000,dt=0.016187},
	{cf=CFrame.new(-1.643799,0.851349,4.997826,0.628082,-0.249860,-0.736943,0.212222,0.966147,-0.146699,0.748650,-0.064257,0.659846),fov=55.000000,dt=0.016762},
	{cf=CFrame.new(-1.677979,0.861847,4.961112,0.585613,-0.278614,-0.761205,0.233225,0.957277,-0.170955,0.776315,-0.077419,0.625574),fov=55.000000,dt=0.017195},
	{cf=CFrame.new(-2.103210,0.793732,4.725446,0.596808,-0.283638,-0.750581,0.224878,0.957074,-0.182863,0.770228,-0.059655,0.634973),fov=55.000000,dt=0.016548},
	{cf=CFrame.new(-2.659851,0.699158,4.422949,0.625875,-0.279926,-0.727959,0.207292,0.959504,-0.190740,0.751872,-0.031521,0.658556),fov=55.000000,dt=0.016528},
	{cf=CFrame.new(-3.137482,0.497192,4.093066,0.654105,-0.275164,-0.704580,0.189872,0.961391,-0.199188,0.732186,-0.003490,0.681097),fov=55.000000,dt=0.016683},
	{cf=CFrame.new(-3.404633,0.298462,3.769857,0.603681,-0.299853,-0.738687,0.254001,0.950626,-0.178306,0.755681,-0.079988,0.650038),fov=55.000000,dt=0.017462},
	{cf=CFrame.new(-3.661285,0.066559,3.372483,0.504497,-0.331971,-0.797044,0.372373,0.916522,-0.146037,0.778988,-0.223122,0.585999),fov=55.000000,dt=0.018391},
	{cf=CFrame.new(-3.866577,-0.118927,3.054590,0.424317,-0.347475,-0.836192,0.468153,0.874634,-0.125890,0.775106,-0.338048,0.533794),fov=55.000000,dt=0.017165},
	{cf=CFrame.new(-3.922241,-0.144012,2.937128,0.425619,-0.336443,-0.840033,0.444150,0.886471,-0.130004,0.788404,-0.317768,0.526730),fov=55.000000,dt=0.019831},
	{cf=CFrame.new(-3.991547,-0.175079,2.790709,0.427316,-0.322608,-0.844587,0.413377,0.900523,-0.134826,0.804065,-0.291519,0.518167),fov=55.000000,dt=0.022424},
	{cf=CFrame.new(-4.060822,-0.206116,2.644291,0.428912,-0.308771,-0.848938,0.382056,0.913587,-0.139257,0.818578,-0.264613,0.509816),fov=55.000000,dt=0.018422},
	{cf=CFrame.new(-4.130096,-0.237183,2.497857,0.430411,-0.294933,-0.853090,0.350227,0.925636,-0.143313,0.831919,-0.237091,0.501697),fov=55.000000,dt=0.020164},
	{cf=CFrame.new(-4.185547,-0.261993,2.380734,0.431543,-0.283860,-0.856268,0.324427,0.934529,-0.146299,0.841735,-0.214662,0.495382),fov=55.000000,dt=0.018457},
	{cf=CFrame.new(-4.254822,-0.293060,2.234315,0.432879,-0.270016,-0.860063,0.291794,0.944690,-0.149722,0.852921,-0.186150,0.487725),fov=55.000000,dt=0.018817},
	{cf=CFrame.new(-4.324127,-0.324097,2.087882,0.434129,-0.256166,-0.863662,0.258775,0.953773,-0.152817,0.862884,-0.157152,0.480349),fov=55.000000,dt=0.018476},
	{cf=CFrame.new(-4.379547,-0.348938,1.970741,0.435068,-0.245081,-0.866402,0.232112,0.960248,-0.155071,0.869966,-0.133636,0.474660),fov=55.000000,dt=0.018722},
	{cf=CFrame.new(-4.448822,-0.380005,1.824322,0.436171,-0.231217,-0.869652,0.198513,0.967340,-0.157626,0.877695,-0.103885,0.467825),fov=55.000000,dt=0.021753},
	{cf=CFrame.new(-4.509796,-0.399567,1.757483,0.423028,-0.215092,-0.880218,0.181457,0.971849,-0.150275,0.887762,-0.096151,0.450150),fov=55.000000,dt=0.020674},
	{cf=CFrame.new(-4.565186,-0.411469,1.743990,0.400112,-0.197142,-0.895012,0.175906,0.974952,-0.136112,0.899427,-0.102978,0.424768),fov=55.000000,dt=0.018739},
	{cf=CFrame.new(-4.609497,-0.420990,1.733216,0.381565,-0.182510,-0.906146,0.171726,0.977244,-0.124519,0.908251,-0.108096,0.404223),fov=55.000000,dt=0.019391},
	{cf=CFrame.new(-4.653778,-0.430511,1.722423,0.362841,-0.167646,-0.916647,0.167783,0.979361,-0.112701,0.916622,-0.112905,0.383481),fov=55.000000,dt=0.016131},
	{cf=CFrame.new(-4.698090,-0.440002,1.711633,0.343957,-0.152559,-0.926510,0.164082,0.981297,-0.100666,0.924539,-0.117399,0.362556),fov=55.000000,dt=0.016529},
	{cf=CFrame.new(-4.753479,-0.451904,1.698156,0.320147,-0.133400,-0.937929,0.159803,0.983454,-0.085329,0.933793,-0.122566,0.336168),fov=55.000000,dt=0.019921},
	{cf=CFrame.new(-4.786713,-0.459045,1.690050,0.305763,-0.121753,-0.944292,0.157424,0.984604,-0.075977,0.939004,-0.125424,0.320222),fov=55.000000,dt=0.014466},
	{cf=CFrame.new(-4.831024,-0.468567,1.679276,0.286482,-0.106054,-0.952199,0.154475,0.985964,-0.063339,0.945551,-0.128946,0.298844),fov=55.000000,dt=0.014034},
	{cf=CFrame.new(-4.864227,-0.475708,1.671185,0.271953,-0.094158,-0.957694,0.152433,0.986852,-0.053739,0.950162,-0.131369,0.282730),fov=55.000000,dt=0.013999},
	{cf=CFrame.new(-4.908569,-0.485229,1.660395,0.252502,-0.078143,-0.964437,0.149938,0.987854,-0.040785,0.955909,-0.134308,0.261151),fov=55.000000,dt=0.016167},
	{cf=CFrame.new(-4.952850,-0.494720,1.649601,0.232972,-0.061963,-0.970508,0.147708,0.988644,-0.027663,0.961201,-0.136907,0.239479),fov=55.000000,dt=0.016690},
	{cf=CFrame.new(-4.997162,-0.504242,1.638812,0.213381,-0.045626,-0.975904,0.145746,0.989218,-0.014381,0.966037,-0.139165,0.217730),fov=55.000000,dt=0.022007},
	{cf=CFrame.new(-5.052521,-0.516144,1.625317,0.188825,-0.025002,-0.981693,0.143674,0.989622,0.002431,0.971444,-0.141503,0.190458),fov=55.000000,dt=0.015371},
	{cf=CFrame.new(-5.090973,-0.527252,1.616335,0.170192,-0.025933,-0.985070,0.139315,0.990246,-0.002000,0.975514,-0.136895,0.172145),fov=55.000000,dt=0.013945},
	{cf=CFrame.new(-5.142242,-0.542114,1.604324,0.145258,-0.027383,-0.989015,0.133328,0.991041,-0.007858,0.980370,-0.130722,0.147608),fov=55.000000,dt=0.014969},
	{cf=CFrame.new(-5.193512,-0.556946,1.592313,0.120254,-0.029019,-0.992320,0.127154,0.991790,-0.013594,0.984567,-0.124542,0.122956),fov=55.000000,dt=0.017190},
	{cf=CFrame.new(-5.244751,-0.571777,1.580317,0.095197,-0.030839,-0.994981,0.120797,0.992491,-0.019204,0.988103,-0.118362,0.098207),fov=55.000000,dt=0.017883},
	{cf=CFrame.new(-5.296021,-0.586609,1.568290,0.070105,-0.032845,-0.996999,0.114260,0.993144,-0.024683,0.990975,-0.112187,0.073377),fov=55.000000,dt=0.015186},
	{cf=CFrame.new(-5.347290,-0.601471,1.556294,0.044996,-0.035036,-0.998373,0.107546,0.993747,-0.030026,0.993182,-0.106020,0.048483),fov=55.000000,dt=0.016649},
	{cf=CFrame.new(-5.398529,-0.616302,1.544282,0.019888,-0.037412,-0.999103,0.100660,0.994297,-0.035228,0.994723,-0.099869,0.023540),fov=55.000000,dt=0.017156},
	{cf=CFrame.new(-5.449768,-0.631134,1.532253,-0.005202,-0.039973,-0.999188,0.093604,0.994794,-0.040285,0.995597,-0.093737,-0.001434),fov=55.000000,dt=0.016216},
	{cf=CFrame.new(-5.501038,-0.645966,1.520257,-0.030256,-0.042719,-0.998630,0.086382,0.995237,-0.045191,0.995803,-0.087630,-0.026422),fov=55.000000,dt=0.016672},
	{cf=CFrame.new(-5.552277,-0.660828,1.508245,-0.055255,-0.045649,-0.997429,0.078997,0.995623,-0.049942,0.995343,-0.081554,-0.051407),fov=55.000000,dt=0.016754},
	{cf=CFrame.new(-5.603546,-0.675659,1.496233,-0.080183,-0.048761,-0.995587,0.071455,0.995952,-0.054534,0.994216,-0.075513,-0.076374),fov=55.000000,dt=0.017284},
	{cf=CFrame.new(-5.654816,-0.690491,1.484222,-0.105021,-0.052056,-0.993107,0.063759,0.996222,-0.058962,0.992425,-0.069512,-0.101305),fov=55.000000,dt=0.016008},
	{cf=CFrame.new(-5.706055,-0.705322,1.472226,-0.129752,-0.055533,-0.989991,0.055914,0.996432,-0.063222,0.989969,-0.063557,-0.126184),fov=55.000000,dt=0.016859},
	{cf=CFrame.new(-5.757324,-0.720184,1.460230,-0.154358,-0.059189,-0.986241,0.047922,0.996580,-0.067310,0.986853,-0.057653,-0.150994),fov=55.000000,dt=0.015994},
	{cf=CFrame.new(-5.808594,-0.735016,1.448204,-0.178823,-0.063025,-0.981861,0.039790,0.996667,-0.071222,0.983077,-0.051805,-0.175719),fov=55.000000,dt=0.017068},
	{cf=CFrame.new(-5.847198,-0.744843,1.438046,-0.195780,-0.066058,-0.978421,0.037441,0.996498,-0.074771,0.979934,-0.051272,-0.192621),fov=55.000000,dt=0.016342},
	{cf=CFrame.new(-5.881531,-0.752991,1.428505,-0.210197,-0.068778,-0.975237,0.037028,0.996246,-0.078241,0.976958,-0.052557,-0.206862),fov=55.000000,dt=0.017279},
	{cf=CFrame.new(-5.915863,-0.761139,1.418949,-0.224566,-0.071491,-0.971834,0.036566,0.995985,-0.081717,0.973773,-0.053887,-0.221050),fov=55.000000,dt=0.016267},
	{cf=CFrame.new(-5.950195,-0.769287,1.409409,-0.238882,-0.074196,-0.968210,0.036053,0.995711,-0.085199,0.970380,-0.055260,-0.235182),fov=55.000000,dt=0.016088},
	{cf=CFrame.new(-5.984528,-0.777435,1.399868,-0.253143,-0.076893,-0.964369,0.035491,0.995427,-0.088685,0.966778,-0.056677,-0.249256),fov=55.000000,dt=0.017016},
	{cf=CFrame.new(-6.018890,-0.785583,1.390330,-0.267345,-0.079580,-0.960310,0.034879,0.995132,-0.092176,0.962970,-0.058138,-0.263268),fov=55.000000,dt=0.016653},
	{cf=CFrame.new(-6.053192,-0.793732,1.380774,-0.281485,-0.082257,-0.956034,0.034217,0.994825,-0.095669,0.958956,-0.059642,-0.277213),fov=55.000000,dt=0.016554},
	{cf=CFrame.new(-6.087524,-0.801849,1.371234,-0.295560,-0.084924,-0.951543,0.033505,0.994507,-0.099165,0.954737,-0.061191,-0.291091),fov=55.000000,dt=0.016963},
	{cf=CFrame.new(-6.121857,-0.809998,1.361678,-0.309566,-0.087579,-0.946837,0.032742,0.994177,-0.102663,0.950315,-0.062783,-0.304896),fov=55.000000,dt=0.016658},
	{cf=CFrame.new(-6.156189,-0.818146,1.352138,-0.323501,-0.090222,-0.941917,0.031929,0.993836,-0.106162,0.945689,-0.064418,-0.318627),fov=55.000000,dt=0.017219},
	{cf=CFrame.new(-6.190521,-0.826294,1.342597,-0.337362,-0.092853,-0.936785,0.031065,0.993483,-0.109660,0.940863,-0.066097,-0.332279),fov=55.000000,dt=0.016356},
	{cf=CFrame.new(-6.224884,-0.834442,1.333059,-0.351145,-0.095470,-0.931442,0.030151,0.993119,-0.113158,0.935836,-0.067819,-0.345850),fov=55.000000,dt=0.016781},
	{cf=CFrame.new(-6.259216,-0.842590,1.323503,-0.364847,-0.098073,-0.925888,0.029186,0.992744,-0.116655,0.930611,-0.069584,-0.359337),fov=55.000000,dt=0.016277},
	{cf=CFrame.new(-6.293549,-0.850739,1.313963,-0.378466,-0.100661,-0.920126,0.028169,0.992356,-0.120149,0.925187,-0.071392,-0.372737),fov=55.000000,dt=0.016689},
	{cf=CFrame.new(-6.311340,-0.832733,1.274149,-0.383385,-0.112012,-0.916772,0.021103,0.991297,-0.129943,0.923348,-0.069165,-0.377685),fov=55.000000,dt=0.016416},
	{cf=CFrame.new(-6.323517,-0.805878,1.224128,-0.385232,-0.126322,-0.914134,0.011984,0.989818,-0.141831,0.922743,-0.065593,-0.379795),fov=55.000000,dt=0.017068},
	{cf=CFrame.new(-6.335724,-0.779053,1.174092,-0.386901,-0.140624,-0.911336,0.002843,0.988117,-0.153679,0.922118,-0.062049,-0.381903),fov=55.000000,dt=0.018206},
	{cf=CFrame.new(-6.350952,-0.745483,1.111574,-0.388738,-0.158486,-0.907616,-0.008610,0.985676,-0.168429,0.921309,-0.057660,-0.384534),fov=55.000000,dt=0.017080},
	{cf=CFrame.new(-6.363159,-0.718658,1.061553,-0.390007,-0.172758,-0.904462,-0.017789,0.983473,-0.180179,0.920641,-0.054182,-0.386634),fov=55.000000,dt=0.017530},
	{cf=CFrame.new(-6.375305,-0.691803,1.011514,-0.391098,-0.187010,-0.901150,-0.026980,0.981047,-0.191881,0.919954,-0.050732,-0.388731),fov=55.000000,dt=0.018699},
	{cf=CFrame.new(-6.387512,-0.664978,0.961477,-0.392011,-0.201239,-0.897681,-0.036180,0.978399,-0.203535,0.919249,-0.047310,-0.390824),fov=55.000000,dt=0.017616},
	{cf=CFrame.new(-6.394135,-0.631042,0.925111,-0.383044,-0.212997,-0.898839,-0.045246,0.976211,-0.212051,0.922622,-0.040556,-0.383569),fov=55.000000,dt=0.017422},
	{cf=CFrame.new(-6.377197,-0.609741,0.966897,-0.353346,-0.205307,-0.912687,-0.044943,0.978220,-0.202649,0.934413,-0.030586,-0.354877),fov=55.000000,dt=0.012904},
	{cf=CFrame.new(-6.354584,-0.581360,1.022588,-0.313131,-0.194670,-0.929545,-0.044991,0.980708,-0.190229,0.948644,-0.017746,-0.315848),fov=55.000000,dt=0.018594},
	{cf=CFrame.new(-6.326324,-0.545868,1.092237,-0.261982,-0.180792,-0.947988,-0.045760,0.983518,-0.174922,0.963988,-0.002446,-0.265937),fov=55.000000,dt=0.018798},
	{cf=CFrame.new(-6.303711,-0.517487,1.147929,-0.220458,-0.169258,-0.960600,-0.046930,0.985529,-0.162880,0.974268,0.009173,-0.225211),fov=55.000000,dt=0.018778},
	{cf=CFrame.new(-6.275482,-0.481995,1.217563,-0.167930,-0.154347,-0.973642,-0.049064,0.987751,-0.148121,0.984578,0.022897,-0.173446),fov=55.000000,dt=0.021562},
	{cf=CFrame.new(-6.236603,-0.484467,1.259741,-0.138940,-0.153575,-0.978321,-0.054682,0.987585,-0.147263,0.988791,0.033036,-0.145613),fov=55.000000,dt=0.013895},
	{cf=CFrame.new(-6.181335,-0.518127,1.288281,-0.123317,-0.164211,-0.978687,-0.063688,0.985491,-0.157328,0.990322,0.042929,-0.131986),fov=55.000000,dt=0.018254},
	{cf=CFrame.new(-6.126068,-0.551788,1.316802,-0.107529,-0.174638,-0.978744,-0.072485,0.983209,-0.167471,0.991557,0.052937,-0.118383),fov=55.000000,dt=0.017978},
	{cf=CFrame.new(-6.010559,-0.602112,1.388891,-0.086834,-0.181967,-0.979464,-0.007086,0.983265,-0.182045,0.996198,-0.008867,-0.086670),fov=55.000000,dt=0.016940},
	{cf=CFrame.new(-5.922516,-0.635620,1.446870,-0.072957,-0.185159,-0.979997,0.062812,0.979811,-0.189800,0.995356,-0.075403,-0.059854),fov=55.000000,dt=0.016069},
	{cf=CFrame.new(-5.775757,-0.691498,1.543477,-0.047546,-0.193007,-0.980045,0.178118,0.963791,-0.198447,0.982860,-0.183999,-0.011446),fov=55.000000,dt=0.019501},
	{cf=CFrame.new(-5.785980,-0.706543,1.526790,-0.038168,-0.205379,-0.977939,0.133437,0.968839,-0.208675,0.990323,-0.138458,-0.009573),fov=55.000000,dt=0.018303},
	{cf=CFrame.new(-5.839355,-0.711609,1.478288,-0.029711,-0.219057,-0.975260,0.042200,0.974546,-0.220182,0.998668,-0.047697,-0.019711),fov=55.000000,dt=0.016212},
	{cf=CFrame.new(-5.906128,-0.717896,1.417690,-0.014034,-0.235193,-0.971848,-0.071649,0.969681,-0.233634,0.997332,0.066353,-0.030460),fov=55.000000,dt=0.020694},
	{cf=CFrame.new(-5.899780,-0.699249,1.390090,-0.026793,-0.218709,-0.975423,-0.082992,0.972891,-0.215861,0.996191,0.075168,-0.044217),fov=55.000000,dt=0.012998},
	{cf=CFrame.new(-5.891083,-0.674255,1.353337,-0.044037,-0.196588,-0.979497,-0.097501,0.976613,-0.191626,0.994261,0.087063,-0.062174),fov=55.000000,dt=0.015040},
	{cf=CFrame.new(-5.882416,-0.649231,1.316568,-0.061397,-0.174473,-0.982746,-0.111622,0.979627,-0.166946,0.991853,0.099446,-0.079621),fov=55.000000,dt=0.016742},
	{cf=CFrame.new(-5.846863,-0.643036,1.318660,-0.069532,-0.172735,-0.982512,-0.097609,0.981347,-0.165622,0.992794,0.084386,-0.085095),fov=55.000000,dt=0.016705},
	{cf=CFrame.new(-5.802246,-0.643158,1.333866,-0.074485,-0.177786,-0.981247,-0.074116,0.982245,-0.172341,0.994465,0.059889,-0.086339),fov=55.000000,dt=0.016944},
	{cf=CFrame.new(-5.757599,-0.643311,1.349087,-0.079394,-0.182725,-0.979954,-0.050586,0.982528,-0.179107,0.995560,0.035352,-0.087250),fov=55.000000,dt=0.016505},
	{cf=CFrame.new(-5.712952,-0.643433,1.364293,-0.084255,-0.187555,-0.978635,-0.027032,0.982195,-0.185910,0.996078,0.010790,-0.087825),fov=55.000000,dt=0.017366},
	{cf=CFrame.new(-5.668335,-0.643585,1.379498,-0.089068,-0.192278,-0.977291,-0.003468,0.981244,-0.192739,0.996020,-0.013778,-0.088064),fov=55.000000,dt=0.016033},
	{cf=CFrame.new(-5.623688,-0.643707,1.394704,-0.093828,-0.196896,-0.975925,0.020091,0.979675,-0.199585,0.995386,-0.038334,-0.087965),fov=55.000000,dt=0.016610},
	{cf=CFrame.new(-5.570496,-0.665955,1.428057,-0.101268,-0.194271,-0.975707,0.035732,0.979406,-0.198716,0.994218,-0.054987,-0.092241),fov=55.000000,dt=0.016844},
	{cf=CFrame.new(-5.514374,-0.695709,1.467531,-0.109517,-0.189109,-0.975830,0.048742,0.979532,-0.195297,0.992790,-0.068953,-0.098058),fov=55.000000,dt=0.015891},
	{cf=CFrame.new(-5.458252,-0.725464,1.506990,-0.117642,-0.183828,-0.975894,0.061804,0.979457,-0.191950,0.991132,-0.082896,-0.103864),fov=55.000000,dt=0.017289},
	{cf=CFrame.new(-5.463898,-0.742432,1.512234,-0.119833,-0.177604,-0.976780,0.064324,0.980412,-0.186155,0.990709,-0.085138,-0.106062),fov=55.000000,dt=0.016476},
	{cf=CFrame.new(-5.490448,-0.755096,1.505882,-0.120038,-0.171077,-0.977919,0.063266,0.981720,-0.179508,0.990752,-0.083417,-0.107020),fov=55.000000,dt=0.016816},
	{cf=CFrame.new(-5.517029,-0.767731,1.499545,-0.120237,-0.164542,-0.979015,0.062211,0.982982,-0.172849,0.990795,-0.081688,-0.107955),fov=55.000000,dt=0.016330},
	{cf=CFrame.new(-5.543579,-0.780396,1.493175,-0.120432,-0.158000,-0.980068,0.061158,0.984197,-0.166181,0.990837,-0.079952,-0.108866),fov=55.000000,dt=0.016587},
	{cf=CFrame.new(-5.570160,-0.793060,1.486838,-0.120621,-0.151451,-0.981078,0.060107,0.985366,-0.159503,0.990878,-0.078209,-0.109752),fov=55.000000,dt=0.016749},
	{cf=CFrame.new(-5.596710,-0.805695,1.480486,-0.120804,-0.144895,-0.982045,0.059059,0.986489,-0.152816,0.990919,-0.076459,-0.110615),fov=55.000000,dt=0.016730},
	{cf=CFrame.new(-5.623260,-0.818359,1.474131,-0.120983,-0.138333,-0.982969,0.058012,0.987564,-0.146120,0.990959,-0.074702,-0.111454),fov=55.000000,dt=0.017180},
	{cf=CFrame.new(-5.649811,-0.831024,1.467779,-0.121157,-0.131764,-0.983850,0.056968,0.988594,-0.139415,0.990998,-0.072939,-0.112268),fov=55.000000,dt=0.016696},
	{cf=CFrame.new(-5.676697,-0.823608,1.459527,-0.121391,-0.125421,-0.984650,0.055957,0.989543,-0.132943,0.991027,-0.071236,-0.113103),fov=55.000000,dt=0.016382},
	{cf=CFrame.new(-5.703644,-0.809418,1.450627,-0.121643,-0.119152,-0.985397,0.054959,0.990437,-0.126546,0.991052,-0.069549,-0.113931),fov=55.000000,dt=0.016618},
	{cf=CFrame.new(-5.730621,-0.795227,1.441732,-0.121890,-0.112878,-0.986105,0.053962,0.991289,-0.120141,0.991076,-0.067857,-0.114737),fov=55.000000,dt=0.016434},
	{cf=CFrame.new(-5.757568,-0.781036,1.432833,-0.122132,-0.106599,-0.986773,0.052969,0.992099,-0.113730,0.991100,-0.066158,-0.115520),fov=55.000000,dt=0.016748},
	{cf=CFrame.new(-5.784546,-0.766846,1.423953,-0.122369,-0.100315,-0.987403,0.051977,0.992866,-0.107312,0.991123,-0.064454,-0.116282),fov=55.000000,dt=0.017066},
	{cf=CFrame.new(-5.811523,-0.752655,1.415057,-0.122602,-0.094028,-0.987992,0.050987,0.993590,-0.100888,0.991146,-0.062744,-0.117022),fov=55.000000,dt=0.016534},
	{cf=CFrame.new(-5.838470,-0.738464,1.406158,-0.122830,-0.087737,-0.988543,0.050000,0.994273,-0.094458,0.991168,-0.061029,-0.117739),fov=55.000000,dt=0.016233},
	{cf=CFrame.new(-5.865448,-0.724274,1.397263,-0.123053,-0.081442,-0.989053,0.049014,0.994912,-0.088022,0.991190,-0.059309,-0.118435),fov=55.000000,dt=0.016888},
	{cf=CFrame.new(-5.892395,-0.710083,1.388363,-0.123271,-0.075144,-0.989525,0.048031,0.995509,-0.081582,0.991211,-0.057584,-0.119108),fov=55.000000,dt=0.016717},
	{cf=CFrame.new(-5.906158,-0.687347,1.382397,-0.123474,-0.070464,-0.989844,0.047299,0.995924,-0.076797,0.991221,-0.056301,-0.119637),fov=55.000000,dt=0.016643},
	{cf=CFrame.new(-5.915466,-0.661743,1.377455,-0.123671,-0.066332,-0.990104,0.046654,0.996271,-0.072572,0.991227,-0.055167,-0.120115),fov=55.000000,dt=0.017246},
	{cf=CFrame.new(-5.924744,-0.636108,1.372513,-0.123865,-0.062199,-0.990348,0.046009,0.996600,-0.068346,0.991233,-0.054031,-0.120583),fov=55.000000,dt=0.016319},
	{cf=CFrame.new(-5.934052,-0.610504,1.367571,-0.124058,-0.058065,-0.990575,0.045365,0.996911,-0.064118,0.991238,-0.052892,-0.121040),fov=55.000000,dt=0.016703},
	{cf=CFrame.new(-5.943359,-0.584900,1.362629,-0.124249,-0.053930,-0.990785,0.044722,0.997203,-0.059888,0.991243,-0.051751,-0.121489),fov=55.000000,dt=0.017474},
	{cf=CFrame.new(-5.952637,-0.559265,1.357687,-0.124437,-0.049794,-0.990978,0.044081,0.997476,-0.055656,0.991249,-0.050609,-0.121928),fov=55.000000,dt=0.015886},
	{cf=CFrame.new(-5.961945,-0.533661,1.352745,-0.124624,-0.045657,-0.991154,0.043440,0.997732,-0.051422,0.991253,-0.049464,-0.122357),fov=55.000000,dt=0.016337},
	{cf=CFrame.new(-5.971222,-0.508026,1.347787,-0.124808,-0.041520,-0.991312,0.042800,0.997969,-0.047187,0.991258,-0.048317,-0.122777),fov=55.000000,dt=0.016643},
	{cf=CFrame.new(-5.980530,-0.482422,1.342861,-0.124990,-0.037382,-0.991454,0.042161,0.998187,-0.042951,0.991262,-0.047169,-0.123188),fov=55.000000,dt=0.016583},
	{cf=CFrame.new(-5.989807,-0.456818,1.337918,-0.125170,-0.033243,-0.991579,0.041523,0.998387,-0.038712,0.991267,-0.046019,-0.123588),fov=55.000000,dt=0.017395},
	{cf=CFrame.new(-5.999115,-0.431183,1.332976,-0.125348,-0.029103,-0.991687,0.040886,0.998569,-0.034473,0.991271,-0.044867,-0.123979),fov=55.000000,dt=0.017264},
	{cf=CFrame.new(-5.952240,-0.388214,1.342730,-0.125124,-0.035240,-0.991516,0.041829,0.998293,-0.040759,0.991260,-0.046574,-0.123437),fov=55.000000,dt=0.017937},
	{cf=CFrame.new(-5.902863,-0.351593,1.353803,-0.124849,-0.042448,-0.991268,0.042940,0.997917,-0.048140,0.991247,-0.048575,-0.122766),fov=55.000000,dt=0.017225},
	{cf=CFrame.new(-5.853424,-0.315002,1.364858,-0.124566,-0.049653,-0.990969,0.044053,0.997485,-0.055517,0.991234,-0.050571,-0.122065),fov=55.000000,dt=0.017055},
	{cf=CFrame.new(-5.791687,-0.269226,1.378695,-0.124204,-0.058657,-0.990522,0.045449,0.996867,-0.064731,0.991216,-0.053058,-0.121150),fov=55.000000,dt=0.022229},
	{cf=CFrame.new(-5.742279,-0.232635,1.389734,-0.123908,-0.065856,-0.990107,0.046568,0.996310,-0.072096,0.991201,-0.055040,-0.120384),fov=55.000000,dt=0.018234},
	{cf=CFrame.new(-5.680542,-0.186859,1.403572,-0.123529,-0.074850,-0.989515,0.047971,0.995535,-0.081294,0.991181,-0.057510,-0.119387),fov=55.000000,dt=0.017196},
	{cf=CFrame.new(-5.631134,-0.150269,1.414626,-0.123218,-0.082040,-0.988983,0.049097,0.994853,-0.088644,0.991165,-0.059478,-0.118556),fov=55.000000,dt=0.019651},
	{cf=CFrame.new(-5.569366,-0.104492,1.428430,-0.122821,-0.091023,-0.988247,0.050508,0.993921,-0.097823,0.991144,-0.061929,-0.117477),fov=55.000000,dt=0.017156},
	{cf=CFrame.new(-5.519989,-0.067871,1.439503,-0.122496,-0.098203,-0.987599,0.051641,0.993114,-0.105157,0.991125,-0.063882,-0.116581),fov=55.000000,dt=0.018270},
	{cf=CFrame.new(-5.470581,-0.031281,1.450558,-0.122165,-0.105378,-0.986901,0.052777,0.992251,-0.112482,0.991106,-0.065827,-0.115657),fov=55.000000,dt=0.016146},
	{cf=CFrame.new(-5.433502,-0.003815,1.458849,-0.121913,-0.110756,-0.986343,0.053631,0.991568,-0.117971,0.991091,-0.067280,-0.114945),fov=55.000000,dt=0.015023},
	{cf=CFrame.new(-5.313354,0.011566,1.502584,-0.103766,-0.111469,-0.988336,0.063451,0.990934,-0.118423,0.992576,-0.074999,-0.095752),fov=55.000000,dt=0.019146},
	{cf=CFrame.new(-5.185699,0.007446,1.553712,-0.079557,-0.107817,-0.990983,0.075683,0.990611,-0.113852,0.993954,-0.084058,-0.070650),fov=55.000000,dt=0.017847},
	{cf=CFrame.new(-5.058014,0.003326,1.604826,-0.055221,-0.104428,-0.992999,0.087732,0.990162,-0.109008,0.994613,-0.093137,-0.045516),fov=55.000000,dt=0.017099},
	{cf=CFrame.new(-4.930389,-0.000763,1.655939,-0.030777,-0.101301,-0.994380,0.099589,0.989590,-0.103895,0.994553,-0.102227,-0.020368),fov=55.000000,dt=0.015452},
	{cf=CFrame.new(-4.802704,-0.004883,1.707053,-0.006245,-0.098438,-0.995124,0.111248,0.988897,-0.098520,0.993774,-0.111320,0.004776),fov=55.000000,dt=0.017969},
	{cf=CFrame.new(-4.675049,-0.008972,1.758166,0.018357,-0.095838,-0.995228,0.122700,0.988087,-0.092888,0.992275,-0.120409,0.029898),fov=55.000000,dt=0.015514},
	{cf=CFrame.new(-4.547363,-0.013092,1.809261,0.043007,-0.093503,-0.994690,0.133938,0.987163,-0.087004,0.990057,-0.129485,0.054979),fov=55.000000,dt=0.016835},
	{cf=CFrame.new(-4.419678,-0.017212,1.860390,0.067688,-0.091430,-0.993509,0.144956,0.986127,-0.080875,0.987121,-0.138541,0.080003),fov=55.000000,dt=0.015914},
	{cf=CFrame.new(-4.292023,-0.021301,1.911503,0.092380,-0.089622,-0.991683,0.155747,0.984983,-0.074508,0.983468,-0.147569,0.104951),fov=55.000000,dt=0.016786},
	{cf=CFrame.new(-4.164368,-0.025421,1.962616,0.117062,-0.088075,-0.989212,0.166304,0.983733,-0.067907,0.979102,-0.156561,0.129805),fov=55.000000,dt=0.016582},
	{cf=CFrame.new(-4.083344,-0.011322,1.993316,0.135945,-0.088037,-0.986798,0.178956,0.981842,-0.062941,0.974420,-0.168036,0.149231),fov=55.000000,dt=0.016481},
	{cf=CFrame.new(-4.018158,0.008942,2.017082,0.152863,-0.088655,-0.984263,0.192224,0.979613,-0.058382,0.969373,-0.180275,0.166788),fov=55.000000,dt=0.016881},
	{cf=CFrame.new(-3.952972,0.029236,2.040845,0.169773,-0.089500,-0.981411,0.205320,0.977226,-0.053600,0.963858,-0.192404,0.184283),fov=55.000000,dt=0.017001},
	{cf=CFrame.new(-3.887787,0.049500,2.064611,0.186668,-0.090572,-0.978240,0.218237,0.974685,-0.048599,0.957877,-0.204417,0.201708),fov=55.000000,dt=0.016966},
	{cf=CFrame.new(-3.851959,0.015015,2.032260,0.174316,-0.077259,-0.981655,0.159718,0.985934,-0.049234,0.971651,-0.148206,0.184204),fov=55.000000,dt=0.016523},
	{cf=CFrame.new(-3.826141,-0.038055,1.980835,0.152579,-0.060666,-0.986428,0.075438,0.995917,-0.049581,0.985409,-0.066850,0.156532),fov=55.000000,dt=0.016105},
	{cf=CFrame.new(-3.800293,-0.091156,1.929406,0.131666,-0.045867,-0.990233,-0.009931,0.998818,-0.047585,0.991245,0.016099,0.131055),fov=55.000000,dt=0.017079},
	{cf=CFrame.new(-3.774475,-0.144257,1.877980,0.111766,-0.032723,-0.993196,-0.095686,0.994459,-0.043532,0.989118,0.099900,0.108016),fov=55.000000,dt=0.017353},
	{cf=CFrame.new(-3.748627,-0.197357,1.826550,0.093043,-0.021072,-0.995440,-0.181116,0.982737,-0.037732,0.979051,0.183801,0.087620),fov=55.000000,dt=0.015720},
	{cf=CFrame.new(-3.738068,-0.225403,1.807616,0.080838,-0.007979,-0.996696,-0.173693,0.984555,-0.021969,0.981477,0.174895,0.078204),fov=55.000000,dt=0.016701},
	{cf=CFrame.new(-3.732666,-0.244965,1.799715,0.071553,0.006333,-0.997417,-0.134372,0.990925,-0.003347,0.988345,0.134264,0.071755),fov=55.000000,dt=0.016633},
	{cf=CFrame.new(-3.727295,-0.264496,1.791817,0.063411,0.021088,-0.997765,-0.094585,0.995403,0.015027,0.993496,0.093421,0.065114),fov=55.000000,dt=0.017719},
	{cf=CFrame.new(-3.721924,-0.284058,1.783934,0.056436,0.036221,-0.997750,-0.054432,0.997967,0.033150,0.996922,0.052438,0.058293),fov=55.000000,dt=0.016074},
	{cf=CFrame.new(-3.716553,-0.303589,1.776035,0.050650,0.051664,-0.997380,-0.014012,0.998599,0.051015,0.998619,0.011391,0.051303),fov=55.000000,dt=0.016228},
	{cf=CFrame.new(-3.711182,-0.323151,1.768152,0.046070,0.067350,-0.996666,0.026573,0.997289,0.068620,0.998585,-0.029646,0.044156),fov=55.000000,dt=0.017012},
	{cf=CFrame.new(-3.705811,-0.342682,1.760254,0.042711,0.083210,-0.995617,0.067221,0.994028,0.085961,0.996824,-0.070598,0.036863),fov=55.000000,dt=0.016484},
	{cf=CFrame.new(-3.700439,-0.362244,1.752371,0.040582,0.099175,-0.994243,0.107831,0.988815,0.103035,0.993341,-0.111392,0.029434),fov=55.000000,dt=0.017458},
	{cf=CFrame.new(-3.695038,-0.381775,1.744454,0.039689,0.115176,-0.992553,0.148301,0.981654,0.119841,0.988146,-0.151953,0.021880),fov=55.000000,dt=0.015873},
	{cf=CFrame.new(-3.717346,-0.384766,1.744340,0.031954,0.119475,-0.992324,0.154712,0.980272,0.123006,0.987443,-0.157455,0.012839),fov=55.000000,dt=0.016763},
	{cf=CFrame.new(-3.749054,-0.382080,1.746894,0.021627,0.119735,-0.992571,0.149541,0.981246,0.121627,0.988520,-0.151061,0.003316),fov=55.000000,dt=0.017328},
	{cf=CFrame.new(-3.780731,-0.379425,1.749430,0.011304,0.119928,-0.992719,0.144337,0.982189,0.120300,0.989465,-0.144646,-0.006207),fov=55.000000,dt=0.015817},
	{cf=CFrame.new(-3.812439,-0.376770,1.751969,0.000988,0.120055,-0.992767,0.139100,0.983099,0.119024,0.990278,-0.138212,-0.015728),fov=55.000000,dt=0.016701},
	{cf=CFrame.new(-3.844116,-0.374084,1.754489,-0.009322,0.120114,-0.992717,0.133830,0.983978,0.117800,0.990961,-0.131758,-0.025247),fov=55.000000,dt=0.016881},
	{cf=CFrame.new(-3.875824,-0.371429,1.757043,-0.019623,0.120105,-0.992568,0.128529,0.984824,0.116627,0.991512,-0.125285,-0.034762),fov=55.000000,dt=0.016040},
	{cf=CFrame.new(-3.907501,-0.368744,1.759563,-0.029913,0.120030,-0.992320,0.123197,0.985637,0.115508,0.991932,-0.118795,-0.044271),fov=55.000000,dt=0.016665},
	{cf=CFrame.new(-3.939209,-0.366089,1.762118,-0.040192,0.119886,-0.991974,0.117834,0.986417,0.114441,0.992220,-0.112289,-0.053773),fov=55.000000,dt=0.016940},
	{cf=CFrame.new(-3.970886,-0.363403,1.764638,-0.050459,0.119676,-0.991531,0.112442,0.987163,0.113426,0.992377,-0.105766,-0.063268),fov=55.000000,dt=0.017510},
	{cf=CFrame.new(-4.001892,-0.372864,1.767552,-0.052768,0.111358,-0.992379,0.110427,0.988319,0.105031,0.992483,-0.104043,-0.064448),fov=55.000000,dt=0.017241},
	{cf=CFrame.new(-4.032654,-0.386414,1.770560,-0.052331,0.100284,-0.993582,0.109573,0.989514,0.094102,0.992601,-0.103946,-0.062770),fov=55.000000,dt=0.017725},
	{cf=CFrame.new(-4.071136,-0.403381,1.774346,-0.051723,0.086425,-0.994915,0.108514,0.990836,0.080429,0.992749,-0.103802,-0.060627),fov=55.000000,dt=0.017902},
	{cf=CFrame.new(-4.101898,-0.416931,1.777369,-0.051188,0.075328,-0.995845,0.107673,0.991755,0.069484,0.992868,-0.103669,-0.058877),fov=55.000000,dt=0.017101},
	{cf=CFrame.new(-4.132690,-0.430511,1.780377,-0.050610,0.064223,-0.996652,0.106840,0.992552,0.058534,0.992988,-0.103520,-0.057094),fov=55.000000,dt=0.017552},
	{cf=CFrame.new(-4.163452,-0.444061,1.783401,-0.049988,0.053113,-0.997337,0.106014,0.993226,0.047580,0.993108,-0.103354,-0.055280),fov=55.000000,dt=0.017314},
	{cf=CFrame.new(-4.194244,-0.457642,1.786442,-0.049323,0.041997,-0.997900,0.105197,0.993777,0.036624,0.993228,-0.103169,-0.053434),fov=55.000000,dt=0.016076},
	{cf=CFrame.new(-4.225006,-0.471191,1.789465,-0.048615,0.030879,-0.998341,0.104388,0.994205,0.025668,0.993348,-0.102967,-0.051556),fov=55.000000,dt=0.016385},
	{cf=CFrame.new(-4.255768,-0.484772,1.792473,-0.047864,0.019760,-0.998659,0.103589,0.994511,0.014713,0.993468,-0.102746,-0.049648),fov=55.000000,dt=0.017801},
	{cf=CFrame.new(-4.294250,-0.501709,1.796275,-0.046865,0.005860,-0.998885,0.102605,0.994722,0.001022,0.993618,-0.102443,-0.047219),fov=55.000000,dt=0.018289},
	{cf=CFrame.new(-4.325012,-0.515289,1.799283,-0.046018,-0.005257,-0.998927,0.101831,0.994752,-0.009926,0.993738,-0.102178,-0.045241),fov=55.000000,dt=0.017851},
	{cf=CFrame.new(-4.355682,-0.522552,1.801268,-0.041876,-0.014873,-0.999013,0.101681,0.994634,-0.019070,0.993936,-0.102379,-0.040139),fov=55.000000,dt=0.018968},
	{cf=CFrame.new(-4.393677,-0.507538,1.799730,-0.024193,-0.021147,-0.999484,0.103896,0.994309,-0.023553,0.994294,-0.104412,-0.021858),fov=55.000000,dt=0.020452},
	{cf=CFrame.new(-4.446838,-0.486542,1.797584,0.000568,-0.029947,-0.999552,0.107121,0.993802,-0.029714,0.994246,-0.107056,0.003773),fov=55.000000,dt=0.029029},
	{cf=CFrame.new(-4.484833,-0.471527,1.796046,0.018249,-0.036241,-0.999177,0.109510,0.993403,-0.034031,0.993819,-0.108799,0.022098),fov=55.000000,dt=0.018509},
	{cf=CFrame.new(-4.515198,-0.459503,1.794833,0.032386,-0.041279,-0.998623,0.111472,0.993062,-0.037434,0.993240,-0.110106,0.036763),fov=55.000000,dt=0.018222},
	{cf=CFrame.new(-4.537964,-0.450500,1.793916,0.042981,-0.045059,-0.998060,0.112972,0.992794,-0.039956,0.992669,-0.111036,0.047762),fov=55.000000,dt=0.012932},
	{cf=CFrame.new(-4.560760,-0.441498,1.792983,0.053570,-0.048839,-0.997370,0.114497,0.992516,-0.042451,0.991979,-0.111922,0.058761),fov=55.000000,dt=0.012358},
	{cf=CFrame.new(-4.583557,-0.432495,1.792066,0.064150,-0.052618,-0.996553,0.116046,0.992228,-0.044920,0.991171,-0.112764,0.069757),fov=55.000000,dt=0.012320},
	{cf=CFrame.new(-4.613953,-0.420471,1.790855,0.078239,-0.057657,-0.995267,0.118148,0.991827,-0.048170,0.989909,-0.113820,0.084412),fov=55.000000,dt=0.015350},
	{cf=CFrame.new(-4.644318,-0.408478,1.789627,0.092309,-0.062694,-0.993755,0.120292,0.991408,-0.051372,0.988438,-0.114799,0.099057),fov=55.000000,dt=0.016415},
	{cf=CFrame.new(-4.671082,-0.398804,1.788685,0.094976,-0.070076,-0.993011,0.125642,0.990386,-0.057874,0.987520,-0.119267,0.102868),fov=55.000000,dt=0.016680},
	{cf=CFrame.new(-4.696625,-0.389923,1.787876,0.093737,-0.078253,-0.992518,0.132067,0.989074,-0.065509,0.986799,-0.124938,0.103048),fov=55.000000,dt=0.016576},
	{cf=CFrame.new(-4.722168,-0.381073,1.787034,0.092477,-0.086420,-0.991958,0.138480,0.987661,-0.073136,0.986039,-0.130603,0.103304),fov=55.000000,dt=0.016797},
	{cf=CFrame.new(-4.747681,-0.372192,1.786222,0.091194,-0.094577,-0.991332,0.144881,0.986148,-0.080755,0.985238,-0.136261,0.103634),fov=55.000000,dt=0.017032},
	{cf=CFrame.new(-4.773224,-0.363312,1.785398,0.089889,-0.102723,-0.990641,0.151269,0.984535,-0.088364,0.984398,-0.141911,0.104038),fov=55.000000,dt=0.016350},
	{cf=CFrame.new(-4.798767,-0.354462,1.784570,0.088562,-0.110858,-0.989883,0.157644,0.982822,-0.095963,0.983517,-0.147551,0.104517),fov=55.000000,dt=0.016541},
	{cf=CFrame.new(-4.824310,-0.345581,1.783728,0.087214,-0.118981,-0.989059,0.164006,0.981009,-0.103551,0.982597,-0.153181,0.105071),fov=55.000000,dt=0.016715},
	{cf=CFrame.new(-4.849823,-0.336700,1.782900,0.085843,-0.127091,-0.988170,0.170354,0.979097,-0.111125,0.981637,-0.158799,0.105699),fov=55.000000,dt=0.017159},
	{cf=CFrame.new(-4.875366,-0.327850,1.782092,0.084451,-0.135188,-0.987215,0.176688,0.977085,-0.118686,0.980638,-0.164406,0.106402),fov=55.000000,dt=0.016154},
	{cf=CFrame.new(-4.900909,-0.318970,1.781249,0.083036,-0.143270,-0.986195,0.183007,0.974974,-0.126231,0.979599,-0.169999,0.107178),fov=55.000000,dt=0.017052},
	{cf=CFrame.new(-4.926422,-0.310089,1.780422,0.081601,-0.151339,-0.985109,0.189312,0.972764,-0.133761,0.978521,-0.175578,0.108028),fov=55.000000,dt=0.016113},
	{cf=CFrame.new(-4.951996,-0.301239,1.779613,0.080144,-0.159392,-0.983958,0.195601,0.970455,-0.141272,0.977404,-0.181141,0.108953),fov=55.000000,dt=0.016629},
	{cf=CFrame.new(-4.977509,-0.292358,1.778770,0.078665,-0.167429,-0.982741,0.201875,0.968047,-0.148766,0.976248,-0.186688,0.109951),fov=55.000000,dt=0.017510},
	{cf=CFrame.new(-5.001740,-0.314880,1.785356,0.074953,-0.171877,-0.982263,0.211848,0.965293,-0.152742,0.974425,-0.196642,0.108763),fov=55.000000,dt=0.016580},
	{cf=CFrame.new(-5.025574,-0.348175,1.794469,0.070487,-0.175065,-0.982031,0.223064,0.962315,-0.155539,0.972253,-0.208092,0.106882),fov=55.000000,dt=0.016038},
	{cf=CFrame.new(-5.049347,-0.381439,1.803565,0.066028,-0.178208,-0.981776,0.234251,0.959193,-0.158355,0.969932,-0.219526,0.105079),fov=55.000000,dt=0.016396},
	{cf=CFrame.new(-5.073151,-0.414703,1.812709,0.061576,-0.181307,-0.981497,0.245406,0.955926,-0.161188,0.967463,-0.230940,0.103356),fov=55.000000,dt=0.017413},
	{cf=CFrame.new(-5.096924,-0.447968,1.821805,0.057132,-0.184363,-0.981197,0.256528,0.952515,-0.164037,0.964847,-0.242333,0.101713),fov=55.000000,dt=0.016289},
	{cf=CFrame.new(-5.120758,-0.481232,1.830918,0.052696,-0.187376,-0.980874,0.267616,0.948960,-0.166902,0.962084,-0.253702,0.100151),fov=55.000000,dt=0.016749},
	{cf=CFrame.new(-5.144531,-0.514526,1.840029,0.048268,-0.190345,-0.980531,0.278666,0.945262,-0.169781,0.959175,-0.265046,0.098669),fov=55.000000,dt=0.017160},
	{cf=CFrame.new(-5.168335,-0.547791,1.849158,0.043850,-0.193272,-0.980166,0.289678,0.941419,-0.172672,0.956120,-0.276361,0.097268),fov=55.000000,dt=0.016044},
	{cf=CFrame.new(-5.192139,-0.581055,1.858253,0.042805,-0.193456,-0.980175,0.277762,0.944701,-0.174324,0.959696,-0.264793,0.094173),fov=55.000000,dt=0.016652},
	{cf=CFrame.new(-5.215942,-0.614319,1.867383,0.043005,-0.192732,-0.980309,0.257912,0.950099,-0.175479,0.965211,-0.245287,0.090567),fov=55.000000,dt=0.016849},
	{cf=CFrame.new(-5.093384,-0.592194,1.956387,0.051393,-0.055013,-0.997163,0.213072,0.976096,-0.042869,0.975685,-0.210264,0.061886),fov=55.000000,dt=0.016858},
	{cf=CFrame.new(-4.920746,-0.551117,2.072712,0.063116,0.130802,-0.989398,0.158261,0.977518,0.139328,0.985379,-0.165377,0.040996),fov=55.000000,dt=0.016343},
	{cf=CFrame.new(-4.748108,-0.510010,2.189053,0.075251,0.311968,-0.947109,0.101044,0.942526,0.318487,0.992033,-0.119666,0.039404),fov=55.000000,dt=0.016530},
	{cf=CFrame.new(-4.692688,-0.505249,2.231631,0.085160,0.361215,-0.928586,0.034302,0.930356,0.365049,0.995777,-0.062940,0.066839),fov=55.000000,dt=0.017311},
	{cf=CFrame.new(-4.677368,-0.512878,2.249006,0.095075,0.368029,-0.924941,-0.035035,0.929811,0.366366,0.994854,-0.002427,0.101296),fov=55.000000,dt=0.016250},
	{cf=CFrame.new(-4.662048,-0.520538,2.266366,0.095288,0.363481,-0.926716,-0.021031,0.931479,0.363187,0.995228,-0.015117,0.096403),fov=55.000000,dt=0.016634},
	{cf=CFrame.new(-4.646729,-0.528168,2.283744,0.092131,0.355014,-0.930311,0.021482,0.933358,0.358304,0.995516,-0.052996,0.078365),fov=55.000000,dt=0.016332},
	{cf=CFrame.new(-4.631409,-0.535797,2.301103,0.089130,0.346692,-0.933736,0.063982,0.933537,0.352725,0.993964,-0.091180,0.061024),fov=55.000000,dt=0.016935},
	{cf=CFrame.new(-4.616089,-0.543457,2.318463,0.086297,0.338501,-0.937001,0.106387,0.932000,0.346493,0.990574,-0.129586,0.044417),fov=55.000000,dt=0.016649},
	{cf=CFrame.new(-4.600769,-0.551086,2.335838,0.083641,0.330429,-0.940118,0.148618,0.928735,0.339651,0.985352,-0.168127,0.028572),fov=55.000000,dt=0.016364},
	{cf=CFrame.new(-4.585449,-0.558746,2.353216,0.086563,0.328436,-0.940552,0.141353,0.930495,0.337933,0.986168,-0.162202,0.034121),fov=55.000000,dt=0.016702},
	{cf=CFrame.new(-4.570160,-0.566376,2.370576,0.091502,0.328601,-0.940027,0.117155,0.933878,0.337855,0.988890,-0.141043,0.046955),fov=55.000000,dt=0.016420},
	{cf=CFrame.new(-4.592072,-0.599457,2.373175,0.081498,0.320392,-0.943774,0.104749,0.938925,0.327792,0.991154,-0.125574,0.042959),fov=55.000000,dt=0.018103},
	{cf=CFrame.new(-4.635498,-0.651672,2.370080,0.062753,0.306139,-0.949917,0.093946,0.945754,0.311004,0.993598,-0.108757,0.030589),fov=55.000000,dt=0.018221},
	{cf=CFrame.new(-4.670197,-0.693451,2.367602,0.047949,0.294405,-0.954478,0.084991,0.950908,0.297573,0.995228,-0.095390,0.020573),fov=55.000000,dt=0.016493},
	{cf=CFrame.new(-4.704926,-0.735260,2.365124,0.027173,0.276942,-0.960503,0.119791,0.953031,0.278176,0.992428,-0.122619,-0.007278),fov=55.000000,dt=0.017229},
	{cf=CFrame.new(-4.739655,-0.777039,2.362680,0.006136,0.259856,-0.965629,0.154456,0.953811,0.257657,0.987981,-0.150728,-0.034283),fov=55.000000,dt=0.017495},
	{cf=CFrame.new(-4.713654,-0.765900,2.377108,-0.020939,0.257156,-0.966144,0.159363,0.954858,0.250699,0.986999,-0.148718,-0.060975),fov=55.000000,dt=0.018371},
	{cf=CFrame.new(-4.687347,-0.754517,2.391639,-0.048037,0.254458,-0.965891,0.163951,0.955899,0.243672,0.985299,-0.146654,-0.087638),fov=55.000000,dt=0.017552},
	{cf=CFrame.new(-4.654449,-0.740265,2.409777,-0.081867,0.250990,-0.964522,0.169444,0.957186,0.234699,0.982134,-0.144219,-0.120891),fov=55.000000,dt=0.017586},
	{cf=CFrame.new(-4.628143,-0.728882,2.424308,-0.108452,0.248552,-0.962529,0.170563,0.958533,0.228302,0.979361,-0.139412,-0.146348),fov=55.000000,dt=0.017145},
	{cf=CFrame.new(-4.601837,-0.717499,2.438838,-0.133657,0.247133,-0.959720,0.162019,0.960828,0.224854,0.977695,-0.125439,-0.168461),fov=55.000000,dt=0.019159},
	{cf=CFrame.new(-4.568970,-0.703247,2.456992,-0.165004,0.244858,-0.955416,0.151107,0.963533,0.220842,0.974649,-0.107931,-0.195986),fov=55.000000,dt=0.018124},
	{cf=CFrame.new(-4.536072,-0.689026,2.475164,-0.196142,0.242027,-0.950238,0.139952,0.966050,0.217167,0.970538,-0.090392,-0.223355),fov=55.000000,dt=0.019838},
	{cf=CFrame.new(-4.517395,-0.658966,2.502883,-0.201303,0.247792,-0.947669,0.147746,0.964086,0.220701,0.968323,-0.095586,-0.230684),fov=55.000000,dt=0.016093},
	{cf=CFrame.new(-4.493195,-0.604156,2.551452,-0.198652,0.260694,-0.944763,0.168085,0.958754,0.229212,0.965550,-0.113267,-0.234277),fov=55.000000,dt=0.016656},
	{cf=CFrame.new(-4.462982,-0.535583,2.612144,-0.194785,0.276707,-0.941007,0.193361,0.951388,0.239735,0.961599,-0.135257,-0.238820),fov=55.000000,dt=0.018186},
	{cf=CFrame.new(-4.444794,-0.494476,2.648555,-0.192171,0.286246,-0.938688,0.208437,0.946597,0.245986,0.958971,-0.148386,-0.241572),fov=55.000000,dt=0.014862},
	{cf=CFrame.new(-4.426666,-0.453339,2.684970,-0.189338,0.295727,-0.936321,0.223440,0.941528,0.252189,0.956152,-0.161462,-0.244344),fov=55.000000,dt=0.012647},
	{cf=CFrame.new(-4.408508,-0.412201,2.721400,-0.186288,0.305148,-0.933908,0.238363,0.936184,0.258345,0.953143,-0.174483,-0.247136),fov=55.000000,dt=0.011956},
	{cf=CFrame.new(-4.390381,-0.371063,2.757815,-0.171552,0.272927,-0.946616,0.219547,0.947288,0.233333,0.960401,-0.167798,-0.222430),fov=55.000000,dt=0.013599},
	{cf=CFrame.new(-4.366180,-0.316223,2.806365,-0.150138,0.229591,-0.961638,0.194843,0.960458,0.198889,0.969276,-0.157507,-0.188936),fov=55.000000,dt=0.014442},
	{cf=CFrame.new(-4.341980,-0.261414,2.854933,-0.126888,0.186385,-0.974249,0.171015,0.971590,0.163603,0.977064,-0.145852,-0.155158),fov=55.000000,dt=0.016510},
	{cf=CFrame.new(-4.317780,-0.206573,2.903486,-0.101886,0.143451,-0.984399,0.148159,0.980700,0.127578,0.983702,-0.132849,-0.121174),fov=55.000000,dt=0.016768},
	{cf=CFrame.new(-4.319580,-0.217255,3.021584,-0.078161,0.121048,-0.989565,0.138739,0.984263,0.109442,0.987241,-0.128737,-0.093725),fov=55.000000,dt=0.016841},
	{cf=CFrame.new(-4.330200,-0.250397,3.163461,-0.055065,0.105671,-0.992876,0.133963,0.986176,0.097528,0.989456,-0.127638,-0.068460),fov=55.000000,dt=0.016637},
	{cf=CFrame.new(-4.340881,-0.283508,3.305371,-0.031796,0.090395,-0.995399,0.129498,0.987880,0.085576,0.991070,-0.126181,-0.043117),fov=55.000000,dt=0.016736},
	{cf=CFrame.new(-4.351532,-0.316650,3.447267,-0.008373,0.075233,-0.997132,0.125344,0.989380,0.073596,0.992079,-0.124368,-0.017714),fov=55.000000,dt=0.016740},
	{cf=CFrame.new(-4.362183,-0.349792,3.589144,0.015183,0.060197,-0.998072,0.121503,0.990678,0.061600,0.992476,-0.122204,0.007727),fov=55.000000,dt=0.016187},
	{cf=CFrame.new(-4.372864,-0.382904,3.731024,0.038852,0.045298,-0.998218,0.117976,0.991777,0.049598,0.992257,-0.119693,0.033189),fov=55.000000,dt=0.016832},
	{cf=CFrame.new(-4.383514,-0.416046,3.872934,0.062614,0.030547,-0.997571,0.114763,0.992681,0.037600,0.991418,-0.116839,0.058650),fov=55.000000,dt=0.016799},
	{cf=CFrame.new(-4.394165,-0.449158,4.014812,0.086446,0.015954,-0.996130,0.111864,0.993393,0.025618,0.989957,-0.113646,0.084090),fov=55.000000,dt=0.017110},
	{cf=CFrame.new(-4.404846,-0.482300,4.156707,0.110330,0.001531,-0.993895,0.109280,0.993917,0.013662,0.987870,-0.110120,0.109491),fov=55.000000,dt=0.016878},
	{cf=CFrame.new(-4.415497,-0.515442,4.298602,0.134243,-0.012712,-0.990868,0.107009,0.994256,0.001742,0.985154,-0.106266,0.134832),fov=55.000000,dt=0.016159},
	{cf=CFrame.new(-4.426147,-0.548553,4.440495,0.158164,-0.026765,-0.987051,0.105052,0.994415,-0.010131,0.981809,-0.102089,0.160093),fov=55.000000,dt=0.016663},
	{cf=CFrame.new(-4.443420,-0.567566,4.509140,0.183308,-0.039174,-0.982275,0.095435,0.995195,-0.021880,0.978413,-0.089733,0.186165),fov=55.000000,dt=0.016768},
	{cf=CFrame.new(-4.462982,-0.581726,4.552683,0.208977,-0.050647,-0.976609,0.083481,0.995937,-0.033785,0.974351,-0.074467,0.212356),fov=55.000000,dt=0.016419},
	{cf=CFrame.new(-4.482513,-0.595886,4.596208,0.234741,-0.061633,-0.970103,0.071940,0.996353,-0.045892,0.969393,-0.059017,0.238319),fov=55.000000,dt=0.016549},
	{cf=CFrame.new(-4.502075,-0.610046,4.639750,0.260565,-0.072124,-0.962759,0.060825,0.996451,-0.058186,0.963539,-0.043398,0.264027),fov=55.000000,dt=0.016505},
	{cf=CFrame.new(-4.521606,-0.624207,4.683308,0.286416,-0.082113,-0.954581,0.050143,0.996240,-0.070651,0.956793,-0.027630,0.289457),fov=55.000000,dt=0.017061},
	{cf=CFrame.new(-4.541138,-0.638367,4.726832,0.312264,-0.091591,-0.945571,0.039903,0.995728,-0.083272,0.949158,-0.011729,0.314584),fov=55.000000,dt=0.016658},
	{cf=CFrame.new(-4.560699,-0.652527,4.770391,0.338074,-0.100553,-0.935733,0.030115,0.994923,-0.096033,0.940638,0.004287,0.339386),fov=55.000000,dt=0.016353},
	{cf=CFrame.new(-4.580261,-0.666687,4.813933,0.363814,-0.108992,-0.925074,0.020784,0.993833,-0.108919,0.931240,0.020399,0.363836),fov=55.000000,dt=0.016782},
	{cf=CFrame.new(-4.599762,-0.680878,4.857472,0.389452,-0.116903,-0.913598,0.011919,0.992469,-0.121915,0.920970,0.036591,0.387913),fov=55.000000,dt=0.016447},
	{cf=CFrame.new(-4.619324,-0.695038,4.901015,0.414956,-0.124282,-0.901314,0.003525,0.990839,-0.135003,0.909835,0.052843,0.411593),fov=55.000000,dt=0.016784},
	{cf=CFrame.new(-4.638885,-0.709198,4.944558,0.440292,-0.131123,-0.888229,-0.004392,0.988952,-0.148169,0.897845,0.069139,0.434852),fov=55.000000,dt=0.016807},
	{cf=CFrame.new(-4.658417,-0.723358,4.988097,0.465428,-0.137425,-0.874352,-0.011827,0.986819,-0.161397,0.885007,0.085460,0.457668),fov=55.000000,dt=0.017213},
	{cf=CFrame.new(-4.677948,-0.737518,5.031640,0.490332,-0.143184,-0.859694,-0.018776,0.984448,-0.174671,0.871334,0.101788,0.480018),fov=55.000000,dt=0.016303},
	{cf=CFrame.new(-4.697510,-0.751678,5.075183,0.514974,-0.148398,-0.844264,-0.025234,0.981850,-0.187974,0.856835,0.118106,0.501882),fov=55.000000,dt=0.016414},
	{cf=CFrame.new(-4.717041,-0.765839,5.118722,0.539319,-0.153066,-0.828074,-0.031200,0.979035,-0.201291,0.841524,0.134396,0.523236),fov=55.000000,dt=0.016734},
	{cf=CFrame.new(-4.736603,-0.779999,5.162265,0.563338,-0.157188,-0.811137,-0.036670,0.976012,-0.214606,0.825413,0.150640,0.544060),fov=55.000000,dt=0.016860},
	{cf=CFrame.new(-4.730865,-0.806427,5.204713,0.579306,-0.160744,-0.799104,-0.036203,0.974321,-0.222235,0.814307,0.157672,0.558610),fov=55.000000,dt=0.016733},
	{cf=CFrame.new(-4.716461,-0.837067,5.246799,0.592453,-0.164139,-0.788707,-0.033728,0.973112,-0.227852,0.804899,0.161593,0.570987),fov=55.000000,dt=0.016862},
	{cf=CFrame.new(-4.702057,-0.867706,5.288871,0.605442,-0.167437,-0.778079,-0.031165,0.971883,-0.233393,0.795280,0.165554,0.583200),fov=55.000000,dt=0.015968},
	{cf=CFrame.new(-4.687653,-0.898315,5.330942,0.618268,-0.170637,-0.767222,-0.028515,0.970636,-0.238856,0.785451,0.169554,0.595247),fov=55.000000,dt=0.017314},
	{cf=CFrame.new(-4.669678,-0.936615,5.383549,0.634066,-0.174497,-0.753334,-0.025081,0.969053,-0.245575,0.772873,0.174605,0.610067),fov=55.000000,dt=0.019659},
	{cf=CFrame.new(-4.655273,-0.967255,5.425635,0.646512,-0.177474,-0.741975,-0.022240,0.967768,-0.250860,0.762580,0.178686,0.621727),fov=55.000000,dt=0.016979},
	{cf=CFrame.new(-4.640869,-0.997894,5.467706,0.658782,-0.180351,-0.730397,-0.019316,0.966467,-0.256064,0.752086,0.182799,0.633208),fov=55.000000,dt=0.017060},
	{cf=CFrame.new(-4.626465,-1.028534,5.509777,0.670874,-0.183128,-0.718606,-0.016311,0.965151,-0.261185,0.741393,0.186943,0.644507),fov=55.000000,dt=0.017285},
	{cf=CFrame.new(-4.612061,-1.059174,5.551848,0.682782,-0.185804,-0.706603,-0.013227,0.963821,-0.266221,0.730504,0.191117,0.655622),fov=55.000000,dt=0.018279},
	{cf=CFrame.new(-4.594055,-1.097473,5.604437,0.697404,-0.189006,-0.691307,-0.009262,0.962141,-0.272397,0.716619,0.196374,0.669250),fov=55.000000,dt=0.018205},
	{cf=CFrame.new(-4.579681,-1.128082,5.646523,0.708887,-0.191454,-0.678842,-0.006004,0.960782,-0.277240,0.705298,0.200607,0.679936),fov=55.000000,dt=0.016546},
	{cf=CFrame.new(-4.569366,-1.155029,5.689970,0.716139,-0.196845,-0.669625,-0.001877,0.958859,-0.283877,0.697956,0.204552,0.686307),fov=55.000000,dt=0.017802},
	{cf=CFrame.new(-4.571625,-1.170593,5.737650,0.710819,-0.211605,-0.670791,0.004695,0.955080,-0.296312,0.703360,0.207475,0.679883),fov=55.000000,dt=0.017107},
	{cf=CFrame.new(-4.573914,-1.186157,5.785349,0.705446,-0.226362,-0.671646,0.011203,0.951071,-0.308768,0.708676,0.210295,0.673465),fov=55.000000,dt=0.017915},
	{cf=CFrame.new(-4.576782,-1.205597,5.844947,0.698656,-0.244794,-0.672278,0.019250,0.945737,-0.324363,0.715200,0.213677,0.665457),fov=55.000000,dt=0.017744},
	{cf=CFrame.new(-4.579041,-1.221161,5.892645,0.693169,-0.259522,-0.672433,0.025615,0.941210,-0.336851,0.720320,0.216270,0.659065),fov=55.000000,dt=0.016088},
	{cf=CFrame.new(-4.580780,-1.232819,5.928411,0.689023,-0.270555,-0.672346,0.030347,0.937662,-0.346220,0.724105,0.218150,0.654281),fov=55.000000,dt=0.014800},
	{cf=CFrame.new(-4.583649,-1.252258,5.988028,0.682057,-0.288910,-0.671812,0.038153,0.931461,-0.361836,0.730304,0.221161,0.646332),fov=55.000000,dt=0.018540},
	{cf=CFrame.new(-4.585907,-1.267822,6.035707,0.676436,-0.303557,-0.671035,0.044324,0.926238,-0.374322,0.735167,0.223462,0.639996),fov=55.000000,dt=0.018332},
	{cf=CFrame.new(-4.588196,-1.283386,6.083406,0.670775,-0.318167,-0.669950,0.050431,0.920785,-0.386797,0.739945,0.225668,0.633685),fov=55.000000,dt=0.019496},
	{cf=CFrame.new(-4.592194,-1.310608,6.166871,0.660777,-0.343627,-0.667304,0.060963,0.910681,-0.408587,0.748103,0.229304,0.622706),fov=55.000000,dt=0.028273},
	{cf=CFrame.new(-4.592743,-1.301880,6.190797,0.647559,-0.357624,-0.672884,0.065950,0.906021,-0.418063,0.759157,0.226344,0.610288),fov=55.000000,dt=0.018247},
	{cf=CFrame.new(-4.591034,-1.270813,6.172499,0.633943,-0.362178,-0.683334,0.066739,0.905890,-0.418222,0.770496,0.219524,0.598454),fov=55.000000,dt=0.012837},
	{cf=CFrame.new(-4.589264,-1.239777,6.154197,0.620127,-0.366638,-0.693556,0.067560,0.905746,-0.418402,0.781588,0.212606,0.586447),fov=55.000000,dt=0.012259},
	{cf=CFrame.new(-4.587494,-1.208740,6.135880,0.606116,-0.371002,-0.703549,0.068413,0.905588,-0.418605,0.792429,0.205591,0.574273),fov=55.000000,dt=0.012626},
	{cf=CFrame.new(-4.585175,-1.167328,6.111481,0.587142,-0.376668,-0.716510,0.069600,0.905356,-0.418911,0.806487,0.196091,0.557789),fov=55.000000,dt=0.017084},
	{cf=CFrame.new(-4.582825,-1.125946,6.087078,0.567841,-0.382155,-0.729051,0.070842,0.905098,-0.419259,0.820085,0.186425,0.541025),fov=55.000000,dt=0.016645},
	{cf=CFrame.new(-4.580505,-1.084534,6.062679,0.548224,-0.387461,-0.741165,0.072137,0.904814,-0.419653,0.833215,0.176598,0.523991),fov=55.000000,dt=0.016475},
	{cf=CFrame.new(-4.578186,-1.043152,6.038261,0.528302,-0.392579,-0.752848,0.073485,0.904501,-0.420093,0.845871,0.166613,0.506699),fov=55.000000,dt=0.016407},
	{cf=CFrame.new(-4.575867,-1.001740,6.013862,0.508088,-0.397507,-0.764092,0.074883,0.904159,-0.420581,0.858045,0.156475,0.489159),fov=55.000000,dt=0.016747},
	{cf=CFrame.new(-4.573517,-0.960358,5.989445,0.487591,-0.402240,-0.774893,0.076330,0.903788,-0.421119,0.869730,0.146187,0.471382),fov=55.000000,dt=0.016902},
	{cf=CFrame.new(-4.571198,-0.918945,5.965045,0.466825,-0.406776,-0.785245,0.077825,0.903385,-0.421709,0.880919,0.135753,0.453380),fov=55.000000,dt=0.016438},
	{cf=CFrame.new(-4.568848,-0.877563,5.940628,0.445800,-0.411109,-0.795143,0.079365,0.902951,-0.422352,0.891608,0.125178,0.435164),fov=55.000000,dt=0.016855},
	{cf=CFrame.new(-4.566528,-0.836151,5.916244,0.424530,-0.415237,-0.804583,0.080951,0.902483,-0.423050,0.901788,0.114466,0.416745),fov=55.000000,dt=0.016541},
	{cf=CFrame.new(-4.564178,-0.794769,5.891826,0.403026,-0.419156,-0.813560,0.082579,0.901982,-0.423804,0.911456,0.103621,0.398135),fov=55.000000,dt=0.016663},
	{cf=CFrame.new(-4.561859,-0.753357,5.867427,0.381300,-0.422862,-0.822070,0.084247,0.901446,-0.424616,0.920606,0.092649,0.379346),fov=55.000000,dt=0.016915},
	{cf=CFrame.new(-4.555542,-0.746490,5.811398,0.341060,-0.422841,-0.839574,0.087552,0.903530,-0.419486,0.935956,0.069563,0.345178),fov=55.000000,dt=0.016541},
	{cf=CFrame.new(-4.547852,-0.751465,5.744507,0.293833,-0.420421,-0.858434,0.092000,0.906347,-0.412396,0.951420,0.042200,0.304993),fov=55.000000,dt=0.016627},
	{cf=CFrame.new(-4.540161,-0.756439,5.677630,0.245946,-0.416655,-0.875163,0.097116,0.908945,-0.405446,0.964407,0.014725,0.264015),fov=55.000000,dt=0.017621},
	{cf=CFrame.new(-4.532501,-0.761414,5.610773,0.197532,-0.411537,-0.889730,0.102889,0.911304,-0.398672,0.974883,-0.012793,0.222354),fov=55.000000,dt=0.015649},
	{cf=CFrame.new(-4.524811,-0.766388,5.543898,0.148725,-0.405062,-0.902113,0.109305,0.913401,-0.392110,0.982820,-0.040289,0.180121),fov=55.000000,dt=0.017773},
	{cf=CFrame.new(-4.517120,-0.771332,5.477006,0.099663,-0.397231,-0.912292,0.116347,0.915219,-0.385796,0.988196,-0.067693,0.137430),fov=55.000000,dt=0.015558},
	{cf=CFrame.new(-4.509430,-0.776306,5.410131,0.050479,-0.388049,-0.920256,0.123996,0.916736,-0.379764,0.990999,-0.094938,0.094393),fov=55.000000,dt=0.016867},
	{cf=CFrame.new(-4.501770,-0.781281,5.343273,0.001312,-0.377524,-0.926000,0.132231,0.917934,-0.374048,0.991219,-0.121955,0.051125),fov=55.000000,dt=0.016957},
	{cf=CFrame.new(-4.494080,-0.786255,5.276397,-0.047702,-0.365665,-0.929524,0.141029,0.918795,-0.368682,0.988856,-0.148677,0.007741),fov=55.000000,dt=0.016408},
	{cf=CFrame.new(-4.486420,-0.791229,5.209506,-0.096429,-0.352489,-0.930835,0.150365,0.919301,-0.363698,0.983917,-0.175036,-0.035645),fov=55.000000,dt=0.017085},
	{cf=CFrame.new(-4.478729,-0.796204,5.142630,-0.144732,-0.338013,-0.929947,0.160210,0.919435,-0.359126,0.976415,-0.200964,-0.078919),fov=55.000000,dt=0.016753},
	{cf=CFrame.new(-4.471069,-0.801178,5.075773,-0.192479,-0.322259,-0.926878,0.170535,0.919182,-0.354997,0.966370,-0.226394,-0.121967),fov=55.000000,dt=0.015911},
	{cf=CFrame.new(-4.463379,-0.806152,5.008897,-0.239537,-0.305253,-0.921653,0.181308,0.918525,-0.351338,0.953809,-0.251261,-0.164676),fov=55.000000,dt=0.016618},
	{cf=CFrame.new(-4.253021,-0.914276,5.173211,-0.345708,-0.257849,-0.902220,0.181459,0.924983,-0.333885,0.920630,-0.279143,-0.272985),fov=55.000000,dt=0.016632},
	{cf=CFrame.new(-3.973114,-1.057831,5.416883,-0.466482,-0.196585,-0.862409,0.181710,0.932897,-0.310941,0.865666,-0.301757,-0.399459),fov=55.000000,dt=0.017032},
	{cf=CFrame.new(-3.693176,-1.201385,5.660541,-0.578252,-0.132023,-0.805106,0.186365,0.939355,-0.287890,0.794288,-0.316517,-0.518579),fov=55.000000,dt=0.016417},
	{cf=CFrame.new(-3.413300,-1.344940,5.904232,-0.678690,-0.065254,-0.731521,0.195324,0.944135,-0.265437,0.707976,-0.323033,-0.628029),fov=55.000000,dt=0.017091},
	{cf=CFrame.new(-3.418274,-1.526886,5.449445,-0.659800,-0.107318,-0.743739,0.137966,0.955623,-0.260287,0.738668,-0.274348,-0.615714),fov=55.000000,dt=0.052396},
	{cf=CFrame.new(-3.465637,-1.663605,4.969033,-0.689382,-0.146653,-0.709399,0.024413,0.974033,-0.225085,0.723987,-0.172488,-0.667901),fov=55.000000,dt=0.045349},
	{cf=CFrame.new(-3.456116,-1.627472,4.901855,-0.742847,-0.138963,-0.654881,0.036854,0.968248,-0.247262,0.668448,-0.207812,-0.714138),fov=55.000000,dt=0.023366},
	{cf=CFrame.new(-3.449280,-1.601654,4.853901,-0.778341,-0.131894,-0.613833,0.044773,0.963536,-0.263806,0.626244,-0.232814,-0.744054),fov=55.000000,dt=0.025820},
	{cf=CFrame.new(-3.455261,-1.560242,4.881612,-0.791292,-0.122993,-0.598942,0.066500,0.956438,-0.284261,0.607812,-0.264763,-0.748643),fov=55.000000,dt=0.028964},
	{cf=CFrame.new(-3.465363,-1.534332,4.938564,-0.783660,-0.119236,-0.609640,0.084003,0.952049,-0.294187,0.615485,-0.281754,-0.736067),fov=55.000000,dt=0.022337},
	{cf=CFrame.new(-3.477509,-1.503235,5.006947,-0.774193,-0.115069,-0.622404,0.105089,0.946320,-0.305672,0.624166,-0.302057,-0.720541),fov=55.000000,dt=0.025211},
	{cf=CFrame.new(-3.491669,-1.466980,5.086709,-0.762730,-0.110681,-0.637177,0.129787,0.939005,-0.318471,0.633561,-0.325605,-0.701842),fov=55.000000,dt=0.027450},
	{cf=CFrame.new(-3.503723,-1.438660,5.150737,-0.751189,-0.107202,-0.651324,0.148524,0.933971,-0.325020,0.643161,-0.340889,-0.685667),fov=55.000000,dt=0.027136},
	{cf=CFrame.new(-3.517273,-1.422363,5.199475,-0.728896,-0.102365,-0.676930,0.155165,0.938329,-0.308970,0.666811,-0.330242,-0.668061),fov=55.000000,dt=0.026651},
	{cf=CFrame.new(-3.530792,-1.406067,5.248228,-0.705763,-0.097203,-0.701749,0.161290,0.942484,-0.292761,0.689845,-0.319805,-0.649493),fov=55.000000,dt=0.028539},
	{cf=CFrame.new(-3.536621,-1.399109,5.269111,-0.695598,-0.094894,-0.712138,0.163756,0.944203,-0.285770,0.699520,-0.315398,-0.641246),fov=55.000000,dt=0.015166},
	{cf=CFrame.new(-3.544342,-1.389771,5.296969,-0.681817,-0.091728,-0.725750,0.166895,0.946436,-0.276414,0.712231,-0.309588,-0.629987),fov=55.000000,dt=0.015546},
	{cf=CFrame.new(-3.554016,-1.378143,5.331802,-0.664229,-0.087632,-0.742375,0.170580,0.949134,-0.264663,0.727807,-0.302431,-0.615495),fov=55.000000,dt=0.021547},
	{cf=CFrame.new(-3.558777,-1.376099,5.315020,-0.661665,-0.087791,-0.744644,0.157591,0.954656,-0.252581,0.733053,-0.284472,-0.617827),fov=55.000000,dt=0.022476},
	{cf=CFrame.new(-3.561005,-1.376343,5.295828,-0.662494,-0.088633,-0.743805,0.146547,0.958450,-0.244738,0.734593,-0.271140,-0.621979),fov=55.000000,dt=0.019356},
	{cf=CFrame.new(-3.563232,-1.376617,5.276655,-0.663293,-0.089499,-0.742990,0.135481,0.962057,-0.236836,0.735995,-0.257753,-0.626000),fov=55.000000,dt=0.016437},
	{cf=CFrame.new(-3.567169,-1.377075,5.243077,-0.664611,-0.091068,-0.741620,0.116066,0.967914,-0.222871,0.738120,-0.234199,-0.632717),fov=55.000000,dt=0.028409},
	{cf=CFrame.new(-3.569946,-1.377411,5.219085,-0.665493,-0.092229,-0.740685,0.102165,0.971741,-0.212794,0.739380,-0.217285,-0.637264),fov=55.000000,dt=0.018422},
	{cf=CFrame.new(-3.572174,-1.377655,5.199894,-0.666161,-0.093181,-0.739965,0.091027,0.974588,-0.204675,0.740233,-0.203703,-0.640750),fov=55.000000,dt=0.018864},
	{cf=CFrame.new(-3.575165,-1.372925,5.183942,-0.668225,-0.091410,-0.738323,0.087426,0.975898,-0.199950,0.738805,-0.198160,-0.644128),fov=55.000000,dt=0.019125},
	{cf=CFrame.new(-3.577789,-1.362915,5.181015,-0.671369,-0.086322,-0.736080,0.097161,0.974370,-0.202886,0.734728,-0.207729,-0.645775),fov=55.000000,dt=0.019233},
	{cf=CFrame.new(-3.580383,-1.352905,5.178069,-0.674439,-0.081196,-0.733854,0.106876,0.972730,-0.205850,0.730556,-0.217264,-0.647369),fov=55.000000,dt=0.016751},
	{cf=CFrame.new(-3.582977,-1.342926,5.175124,-0.677435,-0.076035,-0.731643,0.116572,0.970977,-0.208842,0.726288,-0.226766,-0.648910),fov=55.000000,dt=0.016182},
	{cf=CFrame.new(-3.586273,-1.330414,5.171455,-0.681076,-0.069534,-0.728904,0.128662,0.968627,-0.212621,0.720821,-0.238593,-0.650762),fov=55.000000,dt=0.019541},
	{cf=CFrame.new(-3.588226,-1.322937,5.169266,-0.683205,-0.065607,-0.727274,0.135899,0.967133,-0.214909,0.717470,-0.245663,-0.651834),fov=55.000000,dt=0.014454},
	{cf=CFrame.new(-3.590851,-1.312927,5.166321,-0.685979,-0.060343,-0.725116,0.145527,0.965042,-0.217982,0.712921,-0.255055,-0.653217),fov=55.000000,dt=0.013595},
	{cf=CFrame.new(-3.594177,-1.307831,5.169606,-0.684685,-0.057717,-0.726551,0.154467,0.962723,-0.222045,0.712283,-0.264259,-0.650247),fov=55.000000,dt=0.016465},
	{cf=CFrame.new(-3.602600,-1.307648,5.189191,-0.673666,-0.058096,-0.736750,0.171199,0.957521,-0.232045,0.718934,-0.282452,-0.635103),fov=55.000000,dt=0.015259},
	{cf=CFrame.new(-3.610992,-1.307465,5.208760,-0.662461,-0.058776,-0.746788,0.187991,0.951970,-0.241688,0.725125,-0.300499,-0.619593),fov=55.000000,dt=0.016186},
	{cf=CFrame.new(-3.619385,-1.307281,5.228345,-0.651076,-0.059756,-0.756658,0.204835,0.946075,-0.250968,0.730852,-0.318389,-0.603726),fov=55.000000,dt=0.014053},
	{cf=CFrame.new(-3.625702,-1.307159,5.243031,-0.642422,-0.060689,-0.763945,0.217496,0.941431,-0.257687,0.734841,-0.331699,-0.591596),fov=55.000000,dt=0.014112},
	{cf=CFrame.new(-3.632019,-1.307037,5.257716,-0.637733,-0.063260,-0.767656,0.213237,0.943171,-0.254871,0.740153,-0.326232,-0.588002),fov=55.000000,dt=0.014865},
	{cf=CFrame.new(-3.642517,-1.306793,5.282200,-0.629876,-0.067486,-0.773759,0.205890,0.946071,-0.250119,0.748911,-0.316853,-0.582012),fov=55.000000,dt=0.019476},
	{cf=CFrame.new(-3.648804,-1.306671,5.296885,-0.625106,-0.069976,-0.777398,0.201455,0.947765,-0.247301,0.754095,-0.311200,-0.578357),fov=55.000000,dt=0.012883},
	{cf=CFrame.new(-3.657227,-1.306488,5.316471,-0.618683,-0.073241,-0.782220,0.195512,0.949969,-0.243584,0.760925,-0.303635,-0.573411),fov=55.000000,dt=0.015823},
	{cf=CFrame.new(-3.486084,-1.203949,5.494327,-0.674562,-0.034240,-0.737425,0.188310,0.957897,-0.216733,0.713797,-0.285064,-0.639713),fov=55.000000,dt=0.015992},
	{cf=CFrame.new(-3.253357,-1.066315,5.726432,-0.745097,0.017456,-0.666729,0.184354,0.966101,-0.180729,0.640973,-0.257575,-0.723056),fov=55.000000,dt=0.022627},
	{cf=CFrame.new(-2.990417,-0.921265,5.999174,-0.824216,0.011958,-0.566150,0.112461,0.983319,-0.142954,0.554997,-0.181495,-0.811812),fov=55.000000,dt=0.029277},
	{cf=CFrame.new(-3.029541,-0.958466,5.974210,-0.822882,0.042229,-0.566642,0.156609,0.975465,-0.154732,0.546205,-0.216067,-0.809306),fov=55.000000,dt=0.015593},
	{cf=CFrame.new(-3.068665,-0.995697,5.949230,-0.815106,0.113016,-0.568182,0.248310,0.954280,-0.166408,0.523398,-0.276725,-0.805903),fov=55.000000,dt=0.015639},
	{cf=CFrame.new(-3.107788,-1.032928,5.924250,-0.816824,0.087025,-0.570286,0.226111,0.957755,-0.177707,0.530729,-0.274103,-0.801995),fov=55.000000,dt=0.017260},
	{cf=CFrame.new(-3.146881,-1.070160,5.899267,-0.819833,0.027759,-0.571931,0.164758,0.968020,-0.189190,0.548389,-0.249334,-0.798188),fov=55.000000,dt=0.016222},
	{cf=CFrame.new(-3.186035,-1.107391,5.874288,-0.819480,0.010093,-0.573020,0.152318,0.967721,-0.200786,0.552497,-0.251821,-0.794566),fov=55.000000,dt=0.016316},
	{cf=CFrame.new(-3.225159,-1.144592,5.849308,-0.818848,0.006725,-0.573971,0.156746,0.964547,-0.212319,0.552195,-0.263825,-0.790872),fov=55.000000,dt=0.016965},
	{cf=CFrame.new(-3.264252,-1.181824,5.824325,-0.818221,0.003343,-0.574895,0.161176,0.961215,-0.223805,0.551849,-0.275781,-0.787025),fov=55.000000,dt=0.016477},
	{cf=CFrame.new(-3.303375,-1.219055,5.799345,-0.817599,-0.000053,-0.575790,0.165605,0.957725,-0.235242,0.551460,-0.287687,-0.783026),fov=55.000000,dt=0.016637},
	{cf=CFrame.new(-3.322968,-1.260468,5.773556,-0.808096,0.013429,-0.588899,0.192943,0.950623,-0.243083,0.556556,-0.310058,-0.770786),fov=55.000000,dt=0.016794},
	{cf=CFrame.new(-3.335876,-1.303314,5.747490,-0.794658,0.032105,-0.606209,0.227970,0.941295,-0.248986,0.562628,-0.336056,-0.755326),fov=55.000000,dt=0.016484},
	{cf=CFrame.new(-3.348755,-1.346191,5.721391,-0.781584,0.024891,-0.623304,0.232697,0.938714,-0.254301,0.578775,-0.343799,-0.739475),fov=55.000000,dt=0.017134},
	{cf=CFrame.new(-3.361633,-1.389038,5.695325,-0.768364,0.008947,-0.639951,0.227225,0.938577,-0.259698,0.598320,-0.344955,-0.723202),fov=55.000000,dt=0.016623},
	{cf=CFrame.new(-3.374512,-1.431885,5.669259,-0.754596,-0.006989,-0.656153,0.221921,0.938304,-0.265211,0.617525,-0.345741,-0.706489),fov=55.000000,dt=0.017347},
	{cf=CFrame.new(-3.387421,-1.474762,5.643178,-0.740289,-0.022907,-0.671899,0.216791,0.937897,-0.270834,0.636376,-0.346157,-0.689349),fov=55.000000,dt=0.015952},
	{cf=CFrame.new(-3.400299,-1.517609,5.617127,-0.725455,-0.038797,-0.687176,0.211839,0.937357,-0.276562,0.654859,-0.346204,-0.671791),fov=55.000000,dt=0.016888},
	{cf=CFrame.new(-3.413177,-1.560455,5.591046,-0.710104,-0.054649,-0.701973,0.207068,0.936685,-0.282388,0.672961,-0.345882,-0.653828),fov=55.000000,dt=0.016556},
	{cf=CFrame.new(-3.426056,-1.603333,5.564961,-0.694248,-0.070453,-0.716280,0.202483,0.935884,-0.288308,0.690667,-0.345192,-0.635471),fov=55.000000,dt=0.017650},
	{cf=CFrame.new(-3.438934,-1.646179,5.538896,-0.677900,-0.086199,-0.730084,0.198086,0.934955,-0.294315,0.707966,-0.344135,-0.616731),fov=55.000000,dt=0.015890},
	{cf=CFrame.new(-3.470978,-1.666138,5.555059,-0.663613,-0.086600,-0.743048,0.193796,0.939466,-0.282571,0.722539,-0.331518,-0.606659),fov=55.000000,dt=0.017701},
	{cf=CFrame.new(-3.509552,-1.678223,5.585736,-0.649950,-0.081489,-0.755596,0.189215,0.945575,-0.264737,0.736046,-0.315036,-0.599158),fov=55.000000,dt=0.015068},
	{cf=CFrame.new(-3.548157,-1.690338,5.616397,-0.636077,-0.076082,-0.767866,0.184308,0.951343,-0.246937,0.749291,-0.298595,-0.591105),fov=55.000000,dt=0.017205},
	{cf=CFrame.new(-3.586731,-1.702423,5.647058,-0.622000,-0.070383,-0.779848,0.179079,0.956769,-0.229182,0.762265,-0.282205,-0.582506),fov=55.000000,dt=0.016217},
	{cf=CFrame.new(-3.625336,-1.714539,5.677734,-0.607726,-0.064395,-0.791533,0.173529,0.961853,-0.211485,0.774957,-0.265879,-0.573368),fov=55.000000,dt=0.016748},
	{cf=CFrame.new(-3.663910,-1.726624,5.708392,-0.593259,-0.058123,-0.802911,0.167663,0.966596,-0.193856,0.787359,-0.249626,-0.563697),fov=55.000000,dt=0.019234},
	{cf=CFrame.new(-3.721802,-1.744781,5.754400,-0.571215,-0.048190,-0.819385,0.158279,0.973072,-0.167569,0.805396,-0.225410,-0.548206),fov=55.000000,dt=0.027697},
	{cf=CFrame.new(-3.798950,-1.768982,5.815719,-0.541215,-0.033988,-0.840198,0.144695,0.980515,-0.132870,0.828342,-0.193483,-0.525752),fov=55.000000,dt=0.031428},
	{cf=CFrame.new(-3.856842,-1.787109,5.861743,-0.518290,-0.022638,-0.854906,0.133720,0.985209,-0.107157,0.844687,-0.169857,-0.507597),fov=55.000000,dt=0.022453},
	{cf=CFrame.new(-3.905060,-1.802246,5.900059,-0.498925,-0.012735,-0.866552,0.124072,0.988542,-0.085964,0.857719,-0.150405,-0.491629),fov=55.000000,dt=0.020104},
	{cf=CFrame.new(-3.965027,-1.732056,5.952387,-0.482299,-0.017575,-0.875831,0.108671,0.990876,-0.079726,0.869241,-0.133629,-0.475988),fov=55.000000,dt=0.022285},
	{cf=CFrame.new(-4.049072,-1.633240,6.025733,-0.458529,-0.023896,-0.888359,0.086932,0.993638,-0.071598,0.884418,-0.110057,-0.453535),fov=55.000000,dt=0.026353},
	{cf=CFrame.new(-4.097107,-1.576752,6.067625,-0.444688,-0.027215,-0.895273,0.074447,0.994957,-0.067223,0.892587,-0.096544,-0.440419),fov=55.000000,dt=0.019783},
	{cf=CFrame.new(-4.157135,-1.506195,6.120024,-0.427132,-0.031063,-0.903656,0.058784,0.996341,-0.062035,0.902277,-0.079617,-0.423743),fov=55.000000,dt=0.019467},
	{cf=CFrame.new(-4.217133,-1.435608,6.172404,-0.409304,-0.034574,-0.911744,0.043070,0.997436,-0.057159,0.911382,-0.062664,-0.406765),fov=55.000000,dt=0.020747},
	{cf=CFrame.new(-4.277191,-1.365021,6.224819,-0.391214,-0.037747,-0.919526,0.027316,0.998242,-0.052600,0.919895,-0.045696,-0.389495),fov=55.000000,dt=0.019667},
	{cf=CFrame.new(-4.337219,-1.294434,6.277218,-0.372874,-0.040580,-0.926995,0.011533,0.998763,-0.048361,0.927811,-0.028724,-0.371945),fov=55.000000,dt=0.022386},
	{cf=CFrame.new(-4.397247,-1.223846,6.329599,-0.354296,-0.043070,-0.934142,-0.004268,0.999003,-0.044442,0.935125,-0.011759,-0.354126),fov=55.000000,dt=0.018705},
	{cf=CFrame.new(-4.445221,-1.167389,6.371491,-0.339270,-0.044816,-0.939622,-0.016914,0.998994,-0.041541,0.940538,0.001800,-0.339686),fov=55.000000,dt=0.018699},
	{cf=CFrame.new(-4.493256,-1.110931,6.413417,-0.324105,-0.046342,-0.944886,-0.029560,0.998808,-0.038847,0.945560,0.015340,-0.325088),fov=55.000000,dt=0.016678},
	{cf=CFrame.new(-4.539307,-1.073456,6.441513,-0.310751,-0.046306,-0.949363,-0.038891,0.998595,-0.035978,0.949696,0.025741,-0.312116),fov=55.000000,dt=0.015814},
	{cf=CFrame.new(-4.579163,-1.094635,6.427059,-0.303338,-0.042043,-0.951955,-0.038017,0.998765,-0.031997,0.952125,0.026485,-0.304562),fov=55.000000,dt=0.018660},
	{cf=CFrame.new(-4.619019,-1.115845,6.412572,-0.295899,-0.037782,-0.954472,-0.037177,0.998916,-0.028016,0.954496,0.027194,-0.296983),fov=55.000000,dt=0.014314},
	{cf=CFrame.new(-4.648926,-1.131744,6.401709,-0.290303,-0.034586,-0.956310,-0.036568,0.999018,-0.025030,0.956237,0.027704,-0.291282),fov=55.000000,dt=0.015335},
  	{cf=CFrame.new(-4.688782,-1.152924,6.387221,-0.282818,-0.030327,-0.958695,-0.035784,0.999138,-0.021050,0.958506,0.028353,-0.283660),fov=55.000000,dt=0.013041},
	{cf=CFrame.new(-4.718689,-1.168823,6.376373,-0.277188,-0.027133,-0.960433,-0.035218,0.999216,-0.018065,0.960171,0.028817,-0.277927),fov=55.000000,dt=0.013871},
	{cf=CFrame.new(-4.758545,-1.190033,6.361885,-0.269661,-0.022878,-0.962684,-0.034492,0.999306,-0.014087,0.962338,0.029406,-0.270262),fov=55.000000,dt=0.016528},
	{cf=CFrame.new(-4.798401,-1.211212,6.347397,-0.262109,-0.018625,-0.964859,-0.033798,0.999378,-0.010110,0.964447,0.029961,-0.262575),fov=55.000000,dt=0.016857},
	{cf=CFrame.new(-4.838287,-1.232422,6.332928,-0.254534,-0.014375,-0.966958,-0.033137,0.999432,-0.006135,0.966497,0.030481,-0.254866),fov=55.000000,dt=0.016368},
	{cf=CFrame.new(-4.878113,-1.253601,6.318456,-0.246936,-0.010128,-0.968980,-0.032509,0.999469,-0.002162,0.968487,0.030967,-0.247134),fov=55.000000,dt=0.016418},
	{cf=CFrame.new(-4.917999,-1.274811,6.303987,-0.239317,-0.005885,-0.970924,-0.031914,0.999489,0.001808,0.970418,0.031418,-0.239382),fov=55.000000,dt=0.016920},
	{cf=CFrame.new(-4.968109,-1.266693,6.279857,-0.245364,-0.002272,-0.969429,-0.022345,0.999745,0.003313,0.969174,0.022474,-0.245352),fov=55.000000,dt=0.016483},
	{cf=CFrame.new(-5.021729,-1.248535,6.252427,-0.256012,0.001252,-0.966673,-0.009653,0.999946,0.003851,0.966626,0.010317,-0.255987),fov=55.000000,dt=0.016612},
	{cf=CFrame.new(-5.075378,-1.230377,6.225029,-0.266549,0.004917,-0.963810,0.003077,0.999986,0.004251,0.963817,-0.001833,-0.266560),fov=55.000000,dt=0.016658},
	{cf=CFrame.new(-5.128998,-1.212189,6.197614,-0.276969,0.008724,-0.960840,0.015841,0.999864,0.004512,0.960749,-0.013971,-0.277070),fov=55.000000,dt=0.016791},
	{cf=CFrame.new(-5.182617,-1.194031,6.170183,-0.287272,0.012671,-0.957766,0.028635,0.999579,0.004635,0.957422,-0.026094,-0.287514),fov=55.000000,dt=0.017106},
	{cf=CFrame.new(-5.236237,-1.175873,6.142768,-0.297453,0.016756,-0.954590,0.041456,0.999130,0.004620,0.953837,-0.038199,-0.297889),fov=55.000000,dt=0.016310},
	{cf=CFrame.new(-5.289886,-1.157684,6.115355,-0.307510,0.020979,-0.951314,0.054300,0.998515,0.004468,0.949995,-0.050283,-0.308192),fov=55.000000,dt=0.016750},
	{cf=CFrame.new(-5.343506,-1.139526,6.087940,-0.317439,0.025338,-0.947941,0.067163,0.997733,0.004177,0.945898,-0.062341,-0.318421),fov=55.000000,dt=0.016671},
	{cf=CFrame.new(-5.397156,-1.121368,6.060524,-0.327238,0.029831,-0.944472,0.080042,0.996785,0.003750,0.941546,-0.074371,-0.328574),fov=55.000000,dt=0.016745},
	{cf=CFrame.new(-5.450775,-1.103180,6.033109,-0.336904,0.034456,-0.940909,0.092933,0.995667,0.003186,0.936942,-0.086368,-0.338647),fov=55.000000,dt=0.017103},
	{cf=CFrame.new(-5.504395,-1.085022,6.005678,-0.346435,0.039213,-0.937255,0.105832,0.994381,0.002485,0.932086,-0.098331,-0.348638),fov=55.000000,dt=0.015947},
	{cf=CFrame.new(-5.528595,-1.070465,5.985365,-0.346949,0.032037,-0.937337,0.103408,0.994630,-0.004280,0.932166,-0.098414,-0.348399),fov=55.000000,dt=0.016892},
	{cf=CFrame.new(-5.542664,-1.057129,5.967481,-0.344292,0.020747,-0.938634,0.095745,0.995319,-0.013119,0.933968,-0.094387,-0.344667),fov=55.000000,dt=0.016517},
	{cf=CFrame.new(-5.556763,-1.043793,5.949615,-0.341515,0.009473,-0.939829,0.088112,0.995868,-0.021980,0.935738,-0.090317,-0.340938),fov=55.000000,dt=0.016836},
	{cf=CFrame.new(-5.577881,-1.023773,5.922791,-0.337125,-0.007405,-0.941431,0.076722,0.996427,-0.035311,0.938329,-0.084133,-0.335352),fov=55.000000,dt=0.027848},
	{cf=CFrame.new(-5.591949,-1.010437,5.904907,-0.334050,-0.018631,-0.942372,0.069170,0.996624,-0.044223,0.940014,-0.079957,-0.331634),fov=55.000000,dt=0.014985},
	{cf=CFrame.new(-5.606018,-0.997101,5.887023,-0.330857,-0.029835,-0.943210,0.061654,0.996681,-0.053153,0.941665,-0.075739,-0.327920),fov=55.000000,dt=0.013779},
	{cf=CFrame.new(-5.616577,-0.987122,5.873619,-0.328386,-0.038222,-0.943771,0.056040,0.996632,-0.059862,0.942880,-0.072547,-0.325138),fov=55.000000,dt=0.012842},
	{cf=CFrame.new(-5.627136,-0.977112,5.860199,-0.325848,-0.046595,-0.944274,0.050448,0.996505,-0.066581,0.944076,-0.069332,-0.322359),fov=55.000000,dt=0.017336},
	{cf=CFrame.new(-5.648285,-0.957092,5.833375,-0.320577,-0.063291,-0.945106,0.039332,0.996015,-0.080042,0.946406,-0.062832,-0.316810),fov=55.000000,dt=0.019802},
	{cf=CFrame.new(-5.658844,-0.947083,5.819955,-0.317844,-0.071615,-0.945435,0.033808,0.995653,-0.086785,0.947541,-0.059547,-0.314041),fov=55.000000,dt=0.015257},
	{cf=CFrame.new(-5.669403,-0.937103,5.806566,-0.315046,-0.079921,-0.945706,0.028308,0.995213,-0.093535,0.948655,-0.056239,-0.311276),fov=55.000000,dt=0.013259},
	{cf=CFrame.new(-5.683502,-0.923767,5.788685,-0.311216,-0.090965,-0.945976,0.021014,0.994506,-0.102546,0.950108,-0.051793,-0.307595),fov=55.000000,dt=0.015624},
	{cf=CFrame.new(-5.685608,-0.905182,5.839571,-0.302024,-0.090717,-0.948975,0.022272,0.994519,-0.102159,0.953041,-0.051990,-0.298348),fov=55.000000,dt=0.015871},
	{cf=CFrame.new(-5.683594,-0.884827,5.914098,-0.290959,-0.086626,-0.952806,0.026413,0.994786,-0.098508,0.956371,-0.053829,-0.287154),fov=55.000000,dt=0.016411},
	{cf=CFrame.new(-5.681641,-0.864441,5.988644,-0.279831,-0.082568,-0.956493,0.030504,0.995027,-0.094819,0.959565,-0.055710,-0.275921),fov=55.000000,dt=0.016585},
	{cf=CFrame.new(-5.679657,-0.844086,6.063171,-0.268643,-0.078544,-0.960033,0.034543,0.995243,-0.091091,0.962621,-0.057633,-0.264652),fov=55.000000,dt=0.016696},
	{cf=CFrame.new(-5.677673,-0.823730,6.137699,-0.257395,-0.074555,-0.963427,0.038530,0.995434,-0.087326,0.965539,-0.059598,-0.253347),fov=55.000000,dt=0.016472},
	{cf=CFrame.new(-5.675690,-0.803345,6.212212,-0.246090,-0.070602,-0.966673,0.042464,0.995601,-0.083525,0.968317,-0.061603,-0.242009),fov=55.000000,dt=0.016574},
	{cf=CFrame.new(-5.673706,-0.782990,6.286739,-0.234730,-0.066684,-0.969771,0.046345,0.995742,-0.079687,0.970956,-0.063650,-0.230640),fov=55.000000,dt=0.017465},
	{cf=CFrame.new(-5.671722,-0.762634,6.361285,-0.223316,-0.062802,-0.972721,0.050174,0.995859,-0.075815,0.973455,-0.065736,-0.219241),fov=55.000000,dt=0.017442},
	{cf=CFrame.new(-5.669739,-0.742249,6.435813,-0.211852,-0.058958,-0.975523,0.053948,0.995951,-0.071908,0.975812,-0.067861,-0.207814),fov=55.000000,dt=0.017501},
	{cf=CFrame.new(-5.667267,-0.716797,6.528973,-0.197452,-0.054204,-0.978814,0.058590,0.996033,-0.066977,0.978561,-0.070573,-0.193493),fov=55.000000,dt=0.018765},
	{cf=CFrame.new(-5.665283,-0.696442,6.603500,-0.185879,-0.050445,-0.981278,0.062241,0.996071,-0.062995,0.980600,-0.072785,-0.182009),fov=55.000000,dt=0.020422},
	{cf=CFrame.new(-5.662781,-0.670959,6.696676,-0.171349,-0.045800,-0.984146,0.066728,0.996086,-0.057973,0.982949,-0.075604,-0.167623),fov=55.000000,dt=0.017683},
	{cf=CFrame.new(-5.660461,-0.660034,6.766875,-0.161510,-0.045316,-0.985831,0.069014,0.995981,-0.057090,0.984456,-0.077257,-0.157733),fov=55.000000,dt=0.016987},
	{cf=CFrame.new(-5.656189,-0.682922,6.837877,-0.156239,-0.057053,-0.986071,0.067086,0.995412,-0.068223,0.985439,-0.076811,-0.151695),fov=55.000000,dt=0.019571},
	{cf=CFrame.new(-5.651947,-0.705780,6.908894,-0.150908,-0.068764,-0.986154,0.065224,0.994711,-0.079342,0.986394,-0.076294,-0.145625),fov=55.000000,dt=0.020486},
	{cf=CFrame.new(-5.648529,-0.724060,6.965690,-0.146600,-0.078114,-0.986108,0.063782,0.994056,-0.088226,0.987138,-0.075830,-0.140746),fov=55.000000,dt=0.017627},
	{cf=CFrame.new(-5.645142,-0.742371,7.022489,-0.142254,-0.087446,-0.985961,0.062383,0.993318,-0.097099,0.987863,-0.075320,-0.135849),fov=55.000000,dt=0.017738},
	{cf=CFrame.new(-5.641724,-0.760651,7.079303,-0.137872,-0.096758,-0.985713,0.061027,0.992496,-0.105960,0.988569,-0.074764,-0.130933),fov=55.000000,dt=0.015519},
	{cf=CFrame.new(-5.638336,-0.778961,7.136083,-0.133453,-0.106051,-0.985365,0.059715,0.991591,-0.114808,0.989255,-0.074163,-0.125998),fov=55.000000,dt=0.016579},
	{cf=CFrame.new(-5.634918,-0.797241,7.192897,-0.128999,-0.115322,-0.984917,0.058447,0.990604,-0.123643,0.989922,-0.073515,-0.121046),fov=55.000000,dt=0.018599},
	{cf=CFrame.new(-5.630676,-0.820099,7.263899,-0.123380,-0.126881,-0.984215,0.056924,0.989255,-0.134667,0.990726,-0.072640,-0.114832),fov=55.000000,dt=0.018469},
	{cf=CFrame.new(-5.627258,-0.838409,7.320694,-0.118847,-0.136101,-0.983541,0.055756,0.988083,-0.143467,0.991347,-0.071889,-0.109842),fov=55.000000,dt=0.016221},
	{cf=CFrame.new(-5.590179,-0.850433,7.408028,-0.098536,-0.133254,-0.986172,0.057440,0.988580,-0.139319,0.993475,-0.070374,-0.089757),fov=55.000000,dt=0.015472},
	{cf=CFrame.new(-5.527985,-0.870483,7.554183,-0.064362,-0.128372,-0.989636,0.060091,0.989393,-0.132248,0.996116,-0.067980,-0.055965),fov=55.000000,dt=0.019837},
	{cf=CFrame.new(-5.490631,-0.882477,7.641883,-0.043806,-0.125438,-0.991135,0.061568,0.989862,-0.127998,0.997142,-0.066630,-0.035639),fov=55.000000,dt=0.013418},
	{cf=CFrame.new(-5.440887,-0.898499,7.758812,-0.016361,-0.121524,-0.992454,0.063406,0.990463,-0.122326,0.997854,-0.064929,-0.008500),fov=55.000000,dt=0.014503},
	{cf=CFrame.new(-5.391113,-0.914520,7.875727,0.011111,-0.117611,-0.992998,0.065094,0.991037,-0.116651,0.997818,-0.063342,0.018667),fov=55.000000,dt=0.016754},
	{cf=CFrame.new(-5.341339,-0.930573,7.992637,0.038586,-0.113701,-0.992766,0.066632,0.991587,-0.110977,0.997032,-0.061868,0.045838),fov=55.000000,dt=0.016387},
	{cf=CFrame.new(-5.291565,-0.946594,8.109567,0.066046,-0.109799,-0.991758,0.068021,0.992110,-0.105308,0.995496,-0.060505,0.072993),fov=55.000000,dt=0.016622},
	{cf=CFrame.new(-5.241791,-0.962616,8.226461,0.093467,-0.105906,-0.989974,0.069262,0.992609,-0.099649,0.993211,-0.059254,0.100111),fov=55.000000,dt=0.016795},
	{cf=CFrame.new(-5.192047,-0.978638,8.343407,0.120828,-0.102027,-0.987417,0.070356,0.993083,-0.094003,0.990178,-0.058112,0.127171),fov=55.000000,dt=0.016622},
	{cf=CFrame.new(-5.142242,-0.994659,8.460301,0.148109,-0.098163,-0.984088,0.071303,0.993532,-0.088374,0.986398,-0.057080,0.154150),fov=55.000000,dt=0.017039},
	{cf=CFrame.new(-5.092499,-1.010681,8.577230,0.175288,-0.094319,-0.979990,0.072106,0.993957,-0.082766,0.981874,-0.056155,0.181029),fov=55.000000,dt=0.016498},
	{cf=CFrame.new(-5.042694,-1.026703,8.694141,0.202343,-0.090498,-0.975125,0.072765,0.994358,-0.077184,0.976608,-0.055337,0.207787),fov=55.000000,dt=0.016878},
	{cf=CFrame.new(-4.992950,-1.042725,8.811055,0.229255,-0.086701,-0.969498,0.073282,0.994736,-0.071630,0.970605,-0.054625,0.234401),fov=55.000000,dt=0.016777},
	{cf=CFrame.new(-4.943207,-1.058746,8.927984,0.256001,-0.082933,-0.963113,0.073657,0.995090,-0.066108,0.963867,-0.054016,0.260852),fov=55.000000,dt=0.016428},
	{cf=CFrame.new(-4.893402,-1.074768,9.044895,0.282561,-0.079196,-0.955975,0.073893,0.995422,-0.060623,0.956400,-0.053511,0.287119),fov=55.000000,dt=0.016445},
	{cf=CFrame.new(-4.843658,-1.090790,9.161824,0.308914,-0.075493,-0.948090,0.073992,0.995731,-0.055178,0.948208,-0.053106,0.313182),fov=55.000000,dt=0.016859},
	{cf=CFrame.new(-4.793854,-1.106812,9.278720,0.335040,-0.071826,-0.939463,0.073954,0.996019,-0.049776,0.939298,-0.052800,0.339018),fov=55.000000,dt=0.016619},
	{cf=CFrame.new(-4.744110,-1.122833,9.395649,0.360919,-0.068199,-0.930101,0.073782,0.996285,-0.044421,0.929675,-0.052592,0.364610),fov=55.000000,dt=0.016494},
	{cf=CFrame.new(-4.694305,-1.138855,9.512560,0.386529,-0.064613,-0.920012,0.073478,0.996529,-0.039117,0.919346,-0.052481,0.389936),fov=55.000000,dt=0.018117},
	{cf=CFrame.new(-4.644562,-1.154877,9.629474,0.411852,-0.061072,-0.909203,0.073043,0.996754,-0.033866,0.908319,-0.052463,0.414976),fov=55.000000,dt=0.015634},
	{cf=CFrame.new(-4.594788,-1.170929,9.746385,0.436868,-0.057578,-0.897682,0.072480,0.996957,-0.028672,0.896602,-0.052538,0.439712),fov=55.000000,dt=0.016434},
	{cf=CFrame.new(-4.545013,-1.186951,9.863314,0.461556,-0.054133,-0.885459,0.071791,0.997142,-0.023539,0.884202,-0.052704,0.464123),fov=55.000000,dt=0.016710},
	{cf=CFrame.new(-4.513641,-1.179382,9.909567,0.482562,-0.053896,-0.874203,0.070377,0.997264,-0.022634,0.873031,-0.050601,0.485034),fov=55.000000,dt=0.017033},
	{cf=CFrame.new(-4.488617,-1.163696,9.931553,0.502164,-0.054693,-0.863042,0.068767,0.997363,-0.023193,0.862035,-0.047703,0.504601),fov=55.000000,dt=0.016451},
	{cf=CFrame.new(-4.463593,-1.148010,9.953490,0.521514,-0.055427,-0.851441,0.067190,0.997457,-0.023777,0.850594,-0.044808,0.523912),fov=55.000000,dt=0.016439},
	{cf=CFrame.new(-4.438538,-1.132324,9.975457,0.540603,-0.056096,-0.839406,0.065646,0.997545,-0.024386,0.838713,-0.041920,0.542958),fov=55.000000,dt=0.016876},
	{cf=CFrame.new(-4.413513,-1.116638,9.997428,0.559420,-0.056702,-0.826943,0.064135,0.997628,-0.025019,0.826400,-0.039040,0.561730),fov=55.000000,dt=0.016532},
	{cf=CFrame.new(-4.388489,-1.100952,10.019381,0.577956,-0.057245,-0.814059,0.062657,0.997705,-0.025675,0.813660,-0.036167,0.580216),fov=55.000000,dt=0.016668},
	{cf=CFrame.new(-4.363434,-1.085266,10.041348,0.596200,-0.057726,-0.800758,0.061213,0.997777,-0.026352,0.800499,-0.033305,0.598409),fov=55.000000,dt=0.016606},
	{cf=CFrame.new(-4.338409,-1.069580,10.063318,0.614145,-0.058144,-0.787050,0.059803,0.997843,-0.027051,0.786925,-0.030455,0.616297),fov=55.000000,dt=0.016659},
	{cf=CFrame.new(-4.313354,-1.053894,10.085285,0.631779,-0.058500,-0.772939,0.058428,0.997905,-0.027770,0.772945,-0.027617,0.633873),fov=55.000000,dt=0.016589},
	{cf=CFrame.new(-4.288330,-1.038239,10.107238,0.649094,-0.058796,-0.758433,0.057087,0.997962,-0.028507,0.758564,-0.024793,0.651128),fov=55.000000,dt=0.017149},
	{cf=CFrame.new(-4.263306,-1.022552,10.129209,0.666082,-0.059031,-0.743540,0.055782,0.998014,-0.029263,0.743791,-0.021984,0.668052),fov=55.000000,dt=0.016441},
	{cf=CFrame.new(-4.238251,-1.006866,10.151160,0.682732,-0.059206,-0.728267,0.054511,0.998061,-0.030036,0.728634,-0.019192,0.684636),fov=55.000000,dt=0.016722},
	{cf=CFrame.new(-4.213226,-0.991180,10.173128,0.699037,-0.059321,-0.712622,0.053276,0.998104,-0.030825,0.713099,-0.016418,0.700872),fov=55.000000,dt=0.016744},
	{cf=CFrame.new(-4.188202,-0.975494,10.195099,0.714988,-0.059378,-0.696612,0.052077,0.998142,-0.031629,0.697196,-0.013663,0.716751),fov=55.000000,dt=0.017165},
	{cf=CFrame.new(-4.163177,-0.959808,10.217051,0.730576,-0.059377,-0.680246,0.050913,0.998176,-0.032447,0.680931,-0.010928,0.732267),fov=55.000000,dt=0.015938},
	{cf=CFrame.new(-4.138123,-0.944122,10.239018,0.745794,-0.059318,-0.663531,0.049786,0.998205,-0.033279,0.664315,-0.008215,0.747409),fov=55.000000,dt=0.016637},
	{cf=CFrame.new(-4.113098,-0.928436,10.260988,0.760634,-0.059203,-0.646477,0.048694,0.998230,-0.034123,0.647354,-0.005525,0.762171),fov=55.000000,dt=0.017279},
	{cf=CFrame.new(-4.081787,-0.908844,10.288441,0.778639,-0.058980,-0.624695,0.047380,0.998257,-0.035193,0.625681,-0.002195,0.780077),fov=55.000000,dt=0.020243},
	{cf=CFrame.new(-4.056732,-0.893158,10.310409,0.792599,-0.058740,-0.606908,0.046370,0.998273,-0.036061,0.607979,0.000440,0.793954),fov=55.000000,dt=0.018999},
	{cf=CFrame.new(-4.025116,-0.872894,10.335443,0.806918,-0.058200,-0.587790,0.044412,0.998295,-0.037878,0.588993,0.004459,0.808127),fov=55.000000,dt=0.018378},
	{cf=CFrame.new(-3.998749,-0.854462,10.347516,0.809703,-0.057187,-0.584048,0.040420,0.998312,-0.041712,0.585447,0.010167,0.810648),fov=55.000000,dt=0.017512},
	{cf=CFrame.new(-3.972321,-0.836029,10.359570,0.812478,-0.056149,-0.580283,0.036454,0.998297,-0.045555,0.581852,0.015859,0.813141),fov=55.000000,dt=0.018170},
	{cf=CFrame.new(-3.939301,-0.813019,10.374659,0.815930,-0.054817,-0.575547,0.031533,0.998233,-0.050371,0.577291,0.022950,0.816217),fov=55.000000,dt=0.021755},
	{cf=CFrame.new(-3.906281,-0.789978,10.389728,0.819365,-0.053447,-0.570777,0.026654,0.998120,-0.055200,0.572654,0.030016,0.819248),fov=55.000000,dt=0.018423},
	{cf=CFrame.new(-3.879913,-0.771545,10.401800,0.822099,-0.052323,-0.566937,0.022781,0.997994,-0.059072,0.568890,0.035648,0.821641),fov=55.000000,dt=0.017138},
	{cf=CFrame.new(-3.846893,-0.748535,10.416869,0.825499,-0.050885,-0.562107,0.017977,0.997793,-0.063924,0.564119,0.042664,0.824591),fov=55.000000,dt=0.021388},
	{cf=CFrame.new(-3.820496,-0.730103,10.428957,0.828204,-0.049707,-0.558219,0.014166,0.997597,-0.067814,0.560249,0.048256,0.826918),fov=55.000000,dt=0.013779},
	{cf=CFrame.new(-3.800659,-0.716278,10.437992,0.830225,-0.048807,-0.555289,0.011325,0.997431,-0.070737,0.557315,0.052439,0.828644),fov=55.000000,dt=0.016105},
	{cf=CFrame.new(-3.767670,-0.693268,10.453079,0.833576,-0.047277,-0.550380,0.006625,0.997115,-0.075617,0.552367,0.059386,0.831484),fov=55.000000,dt=0.017470},
	{cf=CFrame.new(-3.741241,-0.674835,10.465134,0.836241,-0.046026,-0.546429,0.002898,0.996828,-0.079529,0.548356,0.064922,0.833722),fov=55.000000,dt=0.019699},
	{cf=CFrame.new(-3.714874,-0.656403,10.477221,0.838892,-0.044750,-0.542456,-0.000801,0.996512,-0.083447,0.544298,0.070438,0.835930),fov=55.000000,dt=0.013413},
	{cf=CFrame.new(-3.688446,-0.638000,10.489290,0.842427,-0.049058,-0.536574,0.003442,0.996316,-0.085687,0.538801,0.070338,0.839492),fov=55.000000,dt=0.016896},
	{cf=CFrame.new(-3.662048,-0.619568,10.501328,0.845916,-0.053383,-0.530639,0.007734,0.996101,-0.087880,0.533261,0.070235,0.843031),fov=55.000000,dt=0.019287},
	{cf=CFrame.new(-3.629028,-0.596527,10.516432,0.850207,-0.058768,-0.523159,0.013102,0.995804,-0.090569,0.526286,0.070148,0.847410),fov=55.000000,dt=0.019014},
	{cf=CFrame.new(-3.596039,-0.573517,10.531520,0.854419,-0.064128,-0.515614,0.018472,0.995476,-0.093200,0.519258,0.070107,0.851738),fov=55.000000,dt=0.019526},
	{cf=CFrame.new(-3.576202,-0.559692,10.540539,0.856907,-0.067332,-0.511055,0.021695,0.995265,-0.094750,0.515015,0.070105,0.854310),fov=55.000000,dt=0.015739},
	{cf=CFrame.new(-3.549805,-0.541260,10.552608,0.860180,-0.071589,-0.504942,0.025991,0.994966,-0.096785,0.509329,0.070129,0.857711),fov=55.000000,dt=0.016103},
	{cf=CFrame.new(-3.525940,-0.520813,10.563036,0.864732,-0.075805,-0.496481,0.030227,0.994607,-0.099213,0.501324,0.070785,0.862360),fov=55.000000,dt=0.019891},
	{cf=CFrame.new(-3.519989,-0.510956,10.564985,0.867907,-0.077327,-0.490672,0.031732,0.994422,-0.100589,0.495713,0.071732,0.865520),fov=55.000000,dt=0.014118},
	{cf=CFrame.new(-3.514069,-0.501068,10.566937,0.871043,-0.078838,-0.484839,0.033241,0.994234,-0.101950,0.490081,0.072686,0.868642),fov=55.000000,dt=0.012703},
	{cf=CFrame.new(-3.506134,-0.487885,10.569554,0.875165,-0.080833,-0.477026,0.035261,0.993979,-0.103742,0.482540,0.073971,0.872746),fov=55.000000,dt=0.013691},
	{cf=CFrame.new(-3.500214,-0.477997,10.571507,0.878211,-0.082315,-0.471137,0.036782,0.993785,-0.105068,0.476858,0.074943,0.875781),fov=55.000000,dt=0.013754},
	{cf=CFrame.new(-3.492279,-0.464844,10.574124,0.882212,-0.084272,-0.463250,0.038817,0.993521,-0.106814,0.469250,0.076251,0.879768),fov=55.000000,dt=0.018485},
	{cf=CFrame.new(-3.480408,-0.445068,10.578026,0.888084,-0.087166,-0.451343,0.041885,0.993117,-0.109383,0.457771,0.078237,0.885622),fov=55.000000,dt=0.023397},
	{cf=CFrame.new(-3.474487,-0.435181,10.579979,0.890961,-0.088595,-0.445355,0.043426,0.992911,-0.110645,0.452001,0.079241,0.888492),fov=55.000000,dt=0.013931},
	{cf=CFrame.new(-3.466553,-0.422028,10.582581,0.894735,-0.090481,-0.437337,0.045487,0.992632,-0.112305,0.444276,0.080590,0.892258),fov=55.000000,dt=0.013646},
	{cf=CFrame.new(-3.460632,-0.412140,10.584549,0.897520,-0.091880,-0.431298,0.047038,0.992420,-0.113533,0.438460,0.081610,0.895038),fov=55.000000,dt=0.013568},
	{cf=CFrame.new(-3.452698,-0.398956,10.587151,0.901170,-0.093727,-0.423213,0.049112,0.992134,-0.115146,0.430676,0.082981,0.898684),fov=55.000000,dt=0.016500},
	{cf=CFrame.new(-3.446899,-0.391724,10.589491,0.904413,-0.092115,-0.416597,0.046407,0.991861,-0.118565,0.424127,0.087899,0.901327),fov=55.000000,dt=0.016381},
	{cf=CFrame.new(-3.441864,-0.386505,10.591753,0.907494,-0.089289,-0.410468,0.042098,0.991560,-0.122620,0.417952,0.093997,0.903594),fov=55.000000,dt=0.016631},
	{cf=CFrame.new(-3.436798,-0.381317,10.593997,0.910530,-0.086429,-0.404310,0.037835,0.991221,-0.126685,0.411710,0.100054,0.905807),fov=55.000000,dt=0.016975},
	{cf=CFrame.new(-3.431702,-0.376099,10.596256,0.913521,-0.083535,-0.398124,0.033618,0.990844,-0.130762,0.405402,0.106070,0.907965),fov=55.000000,dt=0.016717},
	{cf=CFrame.new(-3.426636,-0.370911,10.598501,0.916466,-0.080607,-0.391910,0.029447,0.990429,-0.134849,0.399029,0.112044,0.910068),fov=55.000000,dt=0.016656},
	{cf=CFrame.new(-3.421570,-0.365692,10.600744,0.919365,-0.077646,-0.385669,0.025323,0.989976,-0.138946,0.392591,0.117976,0.912116),fov=55.000000,dt=0.016773},
	{cf=CFrame.new(-3.416534,-0.360504,10.603007,0.922217,-0.074652,-0.379400,0.021246,0.989487,-0.143053,0.386090,0.123865,0.914108),fov=55.000000,dt=0.016228},
	{cf=CFrame.new(-3.411469,-0.355286,10.605251,0.925021,-0.071625,-0.373104,0.017216,0.988962,-0.147169,0.379526,0.129711,0.916044),fov=55.000000,dt=0.017051},
	{cf=CFrame.new(-3.399994,-0.340424,10.609715,0.925600,-0.073947,-0.371212,0.019261,0.988662,-0.148919,0.378015,0.130689,0.916529),fov=55.000000,dt=0.016520},
	{cf=CFrame.new(-3.386353,-0.322205,10.614909,0.925412,-0.078112,-0.370827,0.023383,0.988432,-0.149853,0.378242,0.130005,0.916533),fov=55.000000,dt=0.016600},
	{cf=CFrame.new(-3.372711,-0.304016,10.620121,0.925211,-0.082276,-0.370427,0.027506,0.988184,-0.150785,0.378456,0.129319,0.916542),fov=55.000000,dt=0.016890},
	{cf=CFrame.new(-3.359070,-0.285828,10.625331,0.924997,-0.086437,-0.370014,0.031628,0.987918,-0.151716,0.378657,0.128634,0.916555),fov=55.000000,dt=0.017042},
	{cf=CFrame.new(-3.345428,-0.267609,10.630540,0.924770,-0.090597,-0.369585,0.035750,0.987634,-0.152645,0.378844,0.127949,0.916574),fov=55.000000,dt=0.015972},
	{cf=CFrame.new(-3.331818,-0.249420,10.635752,0.924530,-0.094754,-0.369144,0.039873,0.987333,-0.153572,0.379019,0.127263,0.916597),fov=55.000000,dt=0.016866},
	{cf=CFrame.new(-3.318176,-0.231232,10.640962,0.924277,-0.098908,-0.368688,0.043994,0.987013,-0.154497,0.379181,0.126578,0.916625),fov=55.000000,dt=0.016708},
	{cf=CFrame.new(-3.304535,-0.213013,10.646173,0.924011,-0.103061,-0.368218,0.048116,0.986676,-0.155420,0.379329,0.125892,0.916658),fov=55.000000,dt=0.016906},
	{cf=CFrame.new(-3.290894,-0.194824,10.651382,0.923887,-0.111576,-0.366039,0.058197,0.986390,-0.153780,0.378215,0.120773,0.917806),fov=55.000000,dt=0.016448},
	{cf=CFrame.new(-3.277252,-0.176605,10.656577,0.923736,-0.121580,-0.363223,0.070311,0.985995,-0.151227,0.376522,0.114155,0.919348),fov=55.000000,dt=0.016917},
	{cf=CFrame.new(-3.263641,-0.158417,10.661789,0.923494,-0.131572,-0.360346,0.082403,0.985453,-0.148635,0.374660,0.107570,0.920902),fov=55.000000,dt=0.016377},
	{cf=CFrame.new(-3.250000,-0.140228,10.666998,0.923160,-0.141550,-0.357409,0.094470,0.984763,-0.146003,0.372630,0.101020,0.922466),fov=55.000000,dt=0.016782},
	{cf=CFrame.new(-3.236328,-0.122009,10.672193,0.922734,-0.151513,-0.354411,0.106509,0.983927,-0.143331,0.370431,0.094508,0.924040),fov=55.000000,dt=0.017020},
	{cf=CFrame.new(-3.222717,-0.103821,10.677420,0.922216,-0.161459,-0.351354,0.118518,0.982945,-0.140617,0.368065,0.088037,0.925623),fov=55.000000,dt=0.016108},
	{cf=CFrame.new(-3.209076,-0.085632,10.682613,0.921607,-0.171388,-0.348237,0.130493,0.981818,-0.137860,0.365533,0.081610,0.927215),fov=55.000000,dt=0.016560},
	{cf=CFrame.new(-3.195404,-0.067413,10.687823,0.920905,-0.181298,-0.345061,0.142433,0.980547,-0.135059,0.362834,0.075228,0.928813),fov=55.000000,dt=0.016835},
	{cf=CFrame.new(-3.181793,-0.049225,10.693035,0.920111,-0.191188,-0.341826,0.154334,0.979133,-0.132213,0.359970,0.068895,0.930417),fov=55.000000,dt=0.016595},
	{cf=CFrame.new(-3.168152,-0.031036,10.698229,0.919224,-0.201058,-0.338532,0.166194,0.977576,-0.129322,0.356943,0.062613,0.932026),fov=55.000000,dt=0.016974},
	{cf=CFrame.new(-3.179413,-0.009216,10.697962,0.919988,-0.195400,-0.339768,0.160938,0.978746,-0.127103,0.357383,0.062252,0.931882),fov=55.000000,dt=0.016939},
	{cf=CFrame.new(-3.199249,0.013824,10.695824,0.921254,-0.184370,-0.342491,0.149777,0.980775,-0.125091,0.358969,0.063943,0.931157),fov=55.000000,dt=0.016382},
	{cf=CFrame.new(-3.219055,0.036865,10.693653,0.922422,-0.173306,-0.345114,0.138593,0.982677,-0.123039,0.360459,0.065663,0.930462),fov=55.000000,dt=0.017839},
	{cf=CFrame.new(-3.238892,0.059937,10.691482,0.923492,-0.162211,-0.347637,0.127388,0.984451,-0.120949,0.361851,0.067411,0.929796),fov=55.000000,dt=0.020826},
	{cf=CFrame.new(-3.273926,0.094666,10.682808,0.924799,-0.144245,-0.352054,0.108806,0.986967,-0.118566,0.364569,0.071344,0.928440),fov=55.000000,dt=0.024198},
	{cf=CFrame.new(-3.336304,0.130371,10.646151,0.925102,-0.119659,-0.360374,0.081152,0.989427,-0.120207,0.370948,0.081959,0.925031),fov=55.000000,dt=0.020272},
	{cf=CFrame.new(-3.377899,0.154144,10.621740,0.924996,-0.103208,-0.365693,0.062634,0.990655,-0.121160,0.374781,0.089168,0.922816),fov=55.000000,dt=0.018332},
	{cf=CFrame.new(-3.429871,0.183899,10.591185,0.924518,-0.082586,-0.372086,0.039408,0.991723,-0.122201,0.379098,0.098314,0.920120),fov=55.000000,dt=0.018325},
	{cf=CFrame.new(-3.471436,0.207672,10.566740,0.923859,-0.066049,-0.376991,0.020776,0.992199,-0.122919,0.382169,0.105727,0.918025),fov=55.000000,dt=0.018895},
	{cf=CFrame.new(-3.513031,0.231476,10.542315,0.922957,-0.049482,-0.381711,0.002108,0.992337,-0.123541,0.384899,0.113219,0.915989),fov=55.000000,dt=0.015565},
	{cf=CFrame.new(-3.554596,0.255280,10.517870,0.921811,-0.032891,-0.386243,-0.016587,0.992134,-0.124073,0.387286,0.120778,0.914015),fov=55.000000,dt=0.018568},
	{cf=CFrame.new(-3.606598,0.285004,10.487329,0.920038,-0.012126,-0.391644,-0.039981,0.991399,-0.124618,0.389787,0.130312,0.911639),fov=55.000000,dt=0.022427},
	{cf=CFrame.new(-3.628815,0.295349,10.484236,0.920065,0.006298,-0.391716,-0.059412,0.990550,-0.123620,0.387235,0.137011,0.911745),fov=55.000000,dt=0.023916},
	{cf=CFrame.new(-3.613281,0.282501,10.510075,0.922143,0.016119,-0.386514,-0.068251,0.990238,-0.121536,0.380782,0.138454,0.914241),fov=55.000000,dt=0.021884},
	{cf=CFrame.new(-3.597778,0.269653,10.535947,0.924120,0.025919,-0.381225,-0.077065,0.989837,-0.119514,0.374253,0.139824,0.916725),fov=55.000000,dt=0.021132},
	{cf=CFrame.new(-3.582275,0.256805,10.561820,0.925994,0.035697,-0.375848,-0.085852,0.989349,-0.117553,0.367648,0.141121,0.919196),fov=55.000000,dt=0.022149},
	{cf=CFrame.new(-3.560547,0.238800,10.598016,0.928447,0.049345,-0.368174,-0.098107,0.988519,-0.114914,0.358276,0.142812,0.922629),fov=55.000000,dt=0.027302},
	{cf=CFrame.new(-3.534119,0.228638,10.626427,0.931277,0.055839,-0.360008,-0.103308,0.988097,-0.113983,0.349359,0.143341,0.925961),fov=55.000000,dt=0.017837},
	{cf=CFrame.new(-3.499634,0.223846,10.652295,0.934910,0.057072,-0.350266,-0.103151,0.988073,-0.114328,0.339564,0.143017,0.929647),fov=55.000000,dt=0.021666},
	{cf=CFrame.new(-3.447906,0.216614,10.691094,0.940168,0.058912,-0.335581,-0.102905,0.988039,-0.114846,0.324802,0.142507,0.934985),fov=55.000000,dt=0.024361},
	{cf=CFrame.new(-3.404785,0.210602,10.723419,0.944372,0.060435,-0.323281,-0.102690,0.988011,-0.115278,0.312439,0.142063,0.939256),fov=55.000000,dt=0.017768},
	{cf=CFrame.new(-3.370300,0.205780,10.749284,0.947618,0.061646,-0.313402,-0.102512,0.987989,-0.115623,0.302510,0.141694,0.942556),fov=55.000000,dt=0.014890},
	{cf=CFrame.new(-3.344421,0.202179,10.768693,0.949985,0.062551,-0.305970,-0.102375,0.987973,-0.115882,0.295041,0.141409,0.944963),fov=55.000000,dt=0.016297},
	{cf=CFrame.new(-3.309937,0.197357,10.794542,0.953049,0.063751,-0.296032,-0.102187,0.987952,-0.116226,0.285056,0.141020,0.948081),fov=55.000000,dt=0.018823},
	{cf=CFrame.new(-3.202820,0.171783,10.861725,0.956741,0.065274,-0.283525,-0.101967,0.987927,-0.116639,0.272489,0.140504,0.951846),fov=55.000000,dt=0.017466},
	{cf=CFrame.new(-3.095398,0.146088,10.929088,0.960268,0.066786,-0.270972,-0.101738,0.987901,-0.117052,0.259876,0.139969,0.955445),fov=55.000000,dt=0.021682},
	{cf=CFrame.new(-2.987976,0.120392,10.996469,0.963630,0.068288,-0.258371,-0.101501,0.987876,-0.117464,0.247217,0.139417,0.958879),fov=55.000000,dt=0.021520},
	{cf=CFrame.new(-2.902039,0.099854,11.050361,0.966199,0.069481,-0.248260,-0.101304,0.987857,-0.117794,0.237061,0.138962,0.961506),fov=55.000000,dt=0.016826},
	{cf=CFrame.new(-2.816132,0.079315,11.104237,0.968662,0.070666,-0.238122,-0.101103,0.987839,-0.118123,0.226879,0.138496,0.964026),fov=55.000000,dt=0.019108},
	{cf=CFrame.new(-2.708679,0.053619,11.171585,0.971590,0.072138,-0.225413,-0.100843,0.987816,-0.118533,0.214116,0.137897,0.967026),fov=55.000000,dt=0.019975},
	{cf=CFrame.new(-2.622742,0.033081,11.225491,0.973811,0.073306,-0.215220,-0.100628,0.987798,-0.118861,0.203880,0.137405,0.969306),fov=55.000000,dt=0.016645},
	{cf=CFrame.new(-2.515350,0.007385,11.292858,0.976437,0.074756,-0.202445,-0.100353,0.987777,-0.119270,0.191054,0.136775,0.972004),fov=55.000000,dt=0.015702},
	{cf=CFrame.new(-2.450897,-0.008026,11.333277,0.977932,0.075621,-0.194763,-0.100183,0.987765,-0.119515,0.183342,0.136389,0.973543),fov=55.000000,dt=0.016755},
	{cf=CFrame.new(-2.327301,-0.046814,11.411336,0.981696,0.068968,-0.177535,-0.091111,0.988614,-0.119752,0.167254,0.133736,0.976802),fov=55.000000,dt=0.021834},
	{cf=CFrame.new(-2.060913,-0.176575,11.582399,0.991877,0.013548,-0.126483,-0.028528,0.992677,-0.117387,0.123966,0.120042,0.984999),fov=55.000000,dt=0.029681},
	{cf=CFrame.new(-1.870697,-0.269257,11.704581,0.995756,-0.025346,-0.088476,0.015173,0.993386,-0.113816,0.090776,0.111991,0.989555),fov=55.000000,dt=0.018789},
	{cf=CFrame.new(-1.680450,-0.361938,11.826778,0.996762,-0.063506,-0.049324,0.057851,0.992395,-0.108654,0.055849,0.105449,0.992856),fov=55.000000,dt=0.022707},
	{cf=CFrame.new(-1.442078,-0.458313,12.170019,0.993827,-0.110949,0.000599,0.110513,0.989416,-0.094035,0.009840,0.093520,0.995569),fov=55.000000,dt=0.025400},
	{cf=CFrame.new(-1.357361,-0.317810,13.975560,0.990671,-0.135796,0.011519,0.136125,0.990050,-0.035669,-0.006561,0.036904,0.999298),fov=55.000000,dt=0.038732},
	{cf=CFrame.new(-1.206757,-0.068024,17.185427,0.996878,0.078962,0.001017,-0.078935,0.996744,-0.016465,-0.002314,0.016333,0.999865),fov=55.000000,dt=0.082479},
	{cf=CFrame.new(-1.141693,0.233093,20.675922,0.995541,0.081015,-0.048331,-0.085429,0.991552,-0.097606,0.040016,0.101299,0.994052),fov=55.000000,dt=0.058452},
	{cf=CFrame.new(-1.220215,0.620331,24.637041,0.997279,-0.044073,-0.059114,0.037010,0.992598,-0.115667,0.063774,0.113165,0.991528),fov=55.000000,dt=0.064443},
	{cf=CFrame.new(-1.274170,0.886536,27.360321,0.992103,0.104772,-0.068970,-0.112921,0.985402,-0.127403,0.054615,0.134185,0.989451),fov=55.000000,dt=0.041599},
	{cf=CFrame.new(-1.300018,1.044159,28.866255,0.983993,0.165641,-0.065737,-0.173123,0.975993,-0.132162,0.042267,0.141427,0.989047),fov=55.000000,dt=0.026391},
	{cf=CFrame.new(-1.325958,1.242706,30.647480,0.975481,0.212579,-0.056995,-0.218532,0.966272,-0.136245,0.026110,0.145360,0.989035),fov=55.000000,dt=0.034303},
	{cf=CFrame.new(-1.351929,1.441284,32.428772,0.982282,0.180271,-0.051242,-0.185797,0.972531,-0.140227,0.024556,0.147263,0.988793),fov=55.000000,dt=0.021704},
	{cf=CFrame.new(-1.370453,1.583099,33.701153,0.989881,0.134078,-0.046483,-0.139432,0.979865,-0.142911,0.026386,0.147946,0.988644),fov=55.000000,dt=0.024157},
	{cf=CFrame.new(-1.407532,1.866760,36.245815,0.998638,0.041559,-0.031577,-0.045786,0.987971,-0.147704,0.025059,0.148949,0.988528),fov=55.000000,dt=0.040408},
	{cf=CFrame.new(-1.475861,2.005554,38.288921,0.999557,-0.010420,-0.027909,0.005929,0.987676,-0.156401,0.029195,0.156166,0.987300),fov=55.000000,dt=0.032004},
	{cf=CFrame.new(-1.583252,2.055237,40.339558,0.998539,-0.040633,-0.035653,0.033963,0.984681,-0.171025,0.042056,0.169564,0.984622),fov=55.000000,dt=0.033500},
	{cf=CFrame.new(-1.663818,2.092499,41.877495,0.997161,-0.063412,-0.040617,0.055011,0.981730,-0.182156,0.051426,0.179405,0.982431),fov=55.000000,dt=0.025233},
	{cf=CFrame.new(-1.757812,2.135956,43.671871,0.995481,-0.083208,-0.045779,0.072771,0.978047,-0.195267,0.061022,0.191053,0.979682),fov=55.000000,dt=0.027655},
	{cf=CFrame.new(-1.824951,2.167023,44.953533,0.996471,-0.067153,-0.050374,0.055519,0.977281,-0.204546,0.062965,0.201028,0.977561),fov=55.000000,dt=0.019532},
	{cf=CFrame.new(-1.892090,2.198059,46.235229,0.997189,-0.051064,-0.054841,0.038231,0.976142,-0.213739,0.064447,0.211041,0.975351),fov=55.000000,dt=0.021225},
	{cf=CFrame.new(-1.959229,2.229126,47.516956,0.997636,-0.034946,-0.059178,0.020921,0.974629,-0.222846,0.065464,0.221081,0.973056),fov=55.000000,dt=0.021349},
	{cf=CFrame.new(-2.012939,2.253967,48.542244,0.997799,-0.022035,-0.062554,0.007067,0.973148,-0.230072,0.065944,0.229124,0.971162),fov=55.000000,dt=0.018677},
	{cf=CFrame.new(-2.094574,2.209869,50.092094,0.997772,-0.008815,-0.066138,-0.007078,0.971659,-0.236281,0.066346,0.236222,0.969432),fov=55.000000,dt=0.022622},
	{cf=CFrame.new(-2.164520,2.035370,51.403805,0.997731,-0.008239,-0.066827,-0.007627,0.972269,-0.233741,0.066900,0.233721,0.970000),fov=55.000000,dt=0.022622},
	{cf=CFrame.new(-2.248383,1.825989,52.977852,0.997682,-0.007544,-0.067645,-0.008284,0.972992,-0.230691,0.067558,0.230717,0.970674),fov=55.000000,dt=0.022488},
	{cf=CFrame.new(-2.318298,1.651459,54.289574,0.997640,-0.006961,-0.068319,-0.008830,0.973587,-0.228146,0.068102,0.228210,0.971228),fov=55.000000,dt=0.021764},
	{cf=CFrame.new(-2.374207,1.511871,55.338924,0.997579,-0.009572,-0.068891,-0.006268,0.974082,-0.226110,0.069270,0.225994,0.971663),fov=55.000000,dt=0.016183},
	{cf=CFrame.new(-2.416168,1.407166,56.126015,0.997497,-0.013889,-0.069341,-0.002043,0.974453,-0.224584,0.070688,0.224164,0.971985),fov=55.000000,dt=0.014373},
	{cf=CFrame.new(-2.472107,1.267548,57.175346,0.997359,-0.019644,-0.069925,0.003599,0.974914,-0.222551,0.072542,0.221712,0.972411),fov=55.000000,dt=0.014687},
	{cf=CFrame.new(-2.514038,1.162842,57.962437,0.997235,-0.023960,-0.070352,0.007838,0.975236,-0.221026,0.073906,0.219864,0.972728),fov=55.000000,dt=0.018007},
	{cf=CFrame.new(-2.611908,0.918549,59.798908,0.996874,-0.034026,-0.071313,0.017753,0.975906,-0.217470,0.076994,0.215525,0.973459),fov=55.000000,dt=0.026854},
	{cf=CFrame.new(-2.643585,0.796509,60.843563,0.996678,-0.030239,-0.075628,0.013309,0.976512,-0.215050,0.080355,0.213329,0.973671),fov=55.000000,dt=0.023540},
	{cf=CFrame.new(-2.690308,0.564514,62.929672,0.996108,-0.016017,-0.086678,-0.002534,0.977742,-0.209796,0.088109,0.209199,0.973896),fov=55.000000,dt=0.024735},
	{cf=CFrame.new(-2.713654,0.448517,63.972729,0.995711,-0.008847,-0.092105,-0.010464,0.978266,-0.207091,0.091935,0.207167,0.973977),fov=55.000000,dt=0.015718},
	{cf=CFrame.new(-2.737000,0.332520,65.015800,0.995238,-0.001639,-0.097466,-0.018399,0.978728,-0.204335,0.095728,0.205155,0.974037),fov=55.000000,dt=0.014210},
	{cf=CFrame.new(-2.766205,0.187500,66.319664,0.994543,0.007424,-0.104073,-0.028324,0.979219,-0.200818,0.100420,0.202670,0.974085),fov=55.000000,dt=0.020910},
	{cf=CFrame.new(-2.783722,0.100494,67.102043,0.994069,0.012890,-0.107988,-0.034282,0.979466,-0.198671,0.103209,0.201195,0.974099),fov=55.000000,dt=0.017716},
	{cf=CFrame.new(-2.818756,-0.073486,68.666588,0.992998,0.023879,-0.115699,-0.046201,0.979855,-0.194294,0.108729,0.198279,0.974097),fov=55.000000,dt=0.020497},
	{cf=CFrame.new(-2.842133,-0.189484,69.709648,0.992191,0.031249,-0.120754,-0.054150,0.980034,-0.191316,0.112365,0.196361,0.974073),fov=55.000000,dt=0.017716},
	{cf=CFrame.new(-2.859650,-0.276489,70.492027,0.991538,0.036798,-0.124499,-0.060112,0.980126,-0.189051,0.115068,0.194935,0.974044),fov=55.000000,dt=0.015343},
	{cf=CFrame.new(-2.882996,-0.392487,71.535080,0.990602,0.044225,-0.129431,-0.068062,0.980192,-0.185990,0.118642,0.193052,0.973990),fov=55.000000,dt=0.015452},
	{cf=CFrame.new(-2.906372,-0.508484,72.578125,0.989594,0.051684,-0.134291,-0.076011,0.980192,-0.182884,0.122179,0.191188,0.973920),fov=55.000000,dt=0.015664},
	{cf=CFrame.new(-2.961060,-0.531311,73.614922,0.988726,0.056955,-0.138485,-0.081676,0.980274,-0.179977,0.125502,0.189259,0.973875),fov=55.000000,dt=0.013920},
	{cf=CFrame.new(-3.015930,-0.553650,74.651688,0.987818,0.062236,-0.142632,-0.087327,0.980322,-0.177041,0.128807,0.187340,0.973814),fov=55.000000,dt=0.017530},
	{cf=CFrame.new(-3.057098,-0.570404,75.429329,0.987109,0.066211,-0.145716,-0.091563,0.980333,-0.174820,0.131275,0.185908,0.973759),fov=55.000000,dt=0.014453},
	{cf=CFrame.new(-3.125732,-0.598328,76.725342,0.985876,0.072862,-0.150801,-0.098620,0.980309,-0.171081,0.135367,0.183537,0.973648),fov=55.000000,dt=0.017920},
	{cf=CFrame.new(-3.180573,-0.620667,77.762093,0.984843,0.078206,-0.154820,-0.104261,0.980248,-0.168058,0.138619,0.181652,0.973544),fov=55.000000,dt=0.018418},
	{cf=CFrame.new(-3.221741,-0.637421,78.539726,0.984041,0.082228,-0.157806,-0.108489,0.980178,-0.165771,0.141047,0.180246,0.973457),fov=55.000000,dt=0.014784},
	{cf=CFrame.new(-3.290344,-0.665375,79.835762,0.982654,0.088955,-0.162728,-0.115532,0.980017,-0.161926,0.145072,0.177917,0.973294),fov=55.000000,dt=0.017521},
	{cf=CFrame.new(-3.345184,-0.687714,80.872513,0.981497,0.094359,-0.166614,-0.121160,0.979845,-0.158818,0.148271,0.176066,0.973148),fov=55.000000,dt=0.018913},
	{cf=CFrame.new(-3.400299,-0.696167,82.173470,0.980514,0.097939,-0.170300,-0.124862,0.979938,-0.155343,0.151669,0.173579,0.973072),fov=55.000000,dt=0.018460},
	{cf=CFrame.new(-3.400085,-0.638977,83.230392,0.981377,0.090297,-0.169551,-0.116883,0.981130,-0.154018,0.152444,0.170967,0.973413),fov=55.000000,dt=0.018846},
	{cf=CFrame.new(-3.399780,-0.567535,84.551605,0.982379,0.080739,-0.168564,-0.106894,0.982528,-0.152357,0.153317,0.167691,0.973845),fov=55.000000,dt=0.019034},
	{cf=CFrame.new(-3.399567,-0.510345,85.608543,0.983120,0.073091,-0.167733,-0.098891,0.983571,-0.151024,0.153939,0.165062,0.974196),fov=55.000000,dt=0.019065},
	{cf=CFrame.new(-3.399292,-0.438904,86.929764,0.983969,0.063527,-0.166644,-0.088873,0.984782,-0.149350,0.154621,0.161766,0.974641),fov=55.000000,dt=0.018671},
	{cf=CFrame.new(-3.399048,-0.381714,87.986687,0.984587,0.055874,-0.165732,-0.080849,0.985676,-0.148005,0.155089,0.159124,0.975002),fov=55.000000,dt=0.018721},
	{cf=CFrame.new(-3.398712,-0.295990,89.572067,0.985412,0.044394,-0.164296,-0.068800,0.986892,-0.145977,0.155662,0.155151,0.975550),fov=55.000000,dt=0.025385},
	{cf=CFrame.new(-3.398499,-0.238800,90.628990,0.985894,0.036741,-0.163295,-0.060758,0.987620,-0.144618,0.155960,0.152499,0.975921),fov=55.000000,dt=0.015444},
	{cf=CFrame.new(-3.404694,-0.184418,91.678070,0.986247,0.029834,-0.162564,-0.053494,0.988251,-0.143177,0.156383,0.149904,0.976255),fov=55.000000,dt=0.015174},
	{cf=CFrame.new(-3.424194,-0.150055,92.446815,0.986322,0.026379,-0.162711,-0.049854,0.988621,-0.141924,0.157116,0.148094,0.976414),fov=55.000000,dt=0.016663},
	{cf=CFrame.new(-3.450256,-0.104248,93.471733,0.986403,0.021773,-0.162897,-0.044994,0.989093,-0.140253,0.158066,0.145675,0.976624),fov=55.000000,dt=0.016681},
	{cf=CFrame.new(-3.489349,-0.035553,95.009117,0.986489,0.014865,-0.163154,-0.037696,0.989750,-0.137747,0.159434,0.142036,0.976938),fov=55.000000,dt=0.019845},
	{cf=CFrame.new(-3.515350,0.010254,96.034073,0.986522,0.010259,-0.163313,-0.032823,0.990154,-0.136077,0.160309,0.139603,0.977145),fov=55.000000,dt=0.020766},
	{cf=CFrame.new(-3.547882,0.067535,97.315277,0.986535,0.004501,-0.163495,-0.026725,0.990623,-0.133989,0.161358,0.136555,0.977404),fov=55.000000,dt=0.020361},
	{cf=CFrame.new(-3.580444,0.124786,98.596458,0.986517,-0.001256,-0.163658,-0.020620,0.991048,-0.131902,0.162359,0.133498,0.977660),fov=55.000000,dt=0.020604},
	{cf=CFrame.new(-3.612976,0.182037,99.877678,0.986468,-0.007012,-0.163805,-0.014508,0.991432,-0.129814,0.163312,0.130434,0.977915),fov=55.000000,dt=0.019915},
	{cf=CFrame.new(-3.645538,0.239319,101.158890,0.986389,-0.012768,-0.163934,-0.008390,0.991774,-0.127726,0.164216,0.127363,0.978168),fov=55.000000,dt=0.021975},
	{cf=CFrame.new(-3.678101,0.296570,102.440117,0.986280,-0.018522,-0.164046,-0.002266,0.992073,-0.125638,0.165072,0.124286,0.978420),fov=55.000000,dt=0.020051},
	{cf=CFrame.new(-3.722961,0.334442,103.464958,0.985979,-0.016243,-0.166083,-0.004410,0.992368,-0.123232,0.166817,0.122236,0.978382),fov=55.000000,dt=0.017607},
	{cf=CFrame.new(-3.774231,0.369598,104.489799,0.985589,-0.011596,-0.168764,-0.008964,0.992666,-0.120559,0.168924,0.120335,0.978256),fov=55.000000,dt=0.016356},
	{cf=CFrame.new(-3.838379,0.413544,105.770905,0.985069,-0.005769,-0.172070,-0.014656,0.993001,-0.117196,0.171542,0.117968,0.978089),fov=55.000000,dt=0.018986},
	{cf=CFrame.new(-3.889679,0.448700,106.795738,0.984625,-0.001093,-0.174679,-0.019208,0.993239,-0.114487,0.173623,0.116082,0.977947),fov=55.000000,dt=0.018677},
	{cf=CFrame.new(-3.953827,0.492645,108.076843,0.984038,0.004771,-0.177897,-0.024897,0.993500,-0.111078,0.176211,0.113734,0.977761),fov=55.000000,dt=0.017762},
	{cf=CFrame.new(-4.017975,0.536591,109.357933,0.983414,0.010654,-0.181064,-0.030584,0.993719,-0.107644,0.178780,0.111396,0.977563),fov=55.000000,dt=0.021264},
	{cf=CFrame.new(-4.069275,0.571747,110.382797,0.982889,0.015374,-0.183561,-0.035132,0.993864,-0.104880,0.180822,0.109534,0.977398),fov=55.000000,dt=0.016685},
	{cf=CFrame.new(-4.120605,0.606903,111.407623,0.982340,0.020105,-0.186025,-0.039678,0.993982,-0.102100,0.182853,0.107678,0.977226),fov=55.000000,dt=0.019573},
	{cf=CFrame.new(-4.183777,0.581329,112.679962,0.979876,0.028892,-0.197507,-0.051131,0.992786,-0.108444,0.192950,0.116361,0.974285),fov=55.000000,dt=0.020010},
	{cf=CFrame.new(-4.246307,0.508667,113.946381,0.975912,0.039488,-0.214562,-0.066747,0.990366,-0.121325,0.207704,0.132723,0.969146),fov=55.000000,dt=0.021318},
	{cf=CFrame.new(-4.308807,0.436005,115.212776,0.971570,0.049915,-0.231433,-0.082664,0.987522,-0.134040,0.221855,0.149360,0.963573),fov=55.000000,dt=0.020679},
	{cf=CFrame.new(-4.371338,0.363342,116.479187,0.966861,0.060169,-0.248115,-0.098866,0.984245,-0.146583,0.235386,0.166255,0.957577),fov=55.000000,dt=0.019692},
	{cf=CFrame.new(-4.421356,0.305237,117.492226,0.962838,0.068243,-0.261319,-0.112023,0.981307,-0.156487,0.245755,0.179945,0.952484),fov=55.000000,dt=0.017187},
	{cf=CFrame.new(-4.483887,0.232574,118.758636,0.957499,0.078170,-0.277643,-0.128698,0.977229,-0.168700,0.258133,0.197262,0.945757),fov=55.000000,dt=0.021533},
	{cf=CFrame.new(-4.533936,0.174438,119.771706,0.954419,0.064221,-0.291481,-0.120072,0.976682,-0.177972,0.273255,0.204859,0.939876),fov=55.000000,dt=0.016060},
	{cf=CFrame.new(-4.583954,0.116333,120.784767,0.951356,0.042603,-0.305136,-0.103848,0.976778,-0.187402,0.290066,0.209974,0.933688),fov=55.000000,dt=0.015568},
	{cf=CFrame.new(-4.633942,0.058197,121.797829,0.947789,0.020753,-0.318223,-0.087579,0.976451,-0.197163,0.306638,0.214739,0.927287),fov=55.000000,dt=0.015449},
	{cf=CFrame.new(-4.683960,0.000061,122.810921,0.943725,-0.001310,-0.330730,-0.071274,0.975690,-0.207243,0.322961,0.219153,0.920690),fov=55.000000,dt=0.018130},
	{cf=CFrame.new(-4.733978,-0.058044,123.823952,0.939170,-0.023567,-0.342645,-0.054946,0.974484,-0.217629,0.339031,0.223218,0.913911),fov=55.000000,dt=0.015941},
	{cf=CFrame.new(-4.783997,-0.116180,124.837044,0.934131,-0.045999,-0.353955,-0.038606,0.972823,-0.228309,0.354837,0.226935,0.906969),fov=55.000000,dt=0.015675},
	{cf=CFrame.new(-4.748077,-0.124023,125.249130,0.914533,-0.120459,-0.386162,0.020310,0.967102,-0.253577,0.404003,0.224061,0.886893),fov=55.000000,dt=0.016715},
	{cf=CFrame.new(-4.682739,-0.114655,125.455673,0.883111,-0.213202,-0.417924,0.094261,0.953248,-0.287112,0.459598,0.214158,0.861921),fov=55.000000,dt=0.017120},
	{cf=CFrame.new(-4.617401,-0.105316,125.662193,0.844179,-0.305443,-0.440531,0.167992,0.931132,-0.323684,0.509059,0.199241,0.837355),fov=55.000000,dt=0.015786},
	{cf=CFrame.new(-4.552032,-0.095947,125.868736,0.798287,-0.395987,-0.453799,0.240685,0.900437,-0.362333,0.552096,0.180023,0.814115),fov=55.000000,dt=0.016955},
	{cf=CFrame.new(-4.486694,-0.086578,126.075249,0.776089,-0.422458,-0.468205,0.239833,0.884384,-0.400430,0.583238,0.198479,0.787681),fov=55.000000,dt=0.017130},
	{cf=CFrame.new(-4.421356,-0.077240,126.281769,0.763399,-0.428163,-0.483632,0.213016,0.873732,-0.437283,0.609793,0.230799,0.758212),fov=55.000000,dt=0.016429},
	{cf=CFrame.new(-4.356018,-0.067871,126.488281,0.750818,-0.434507,-0.497471,0.184972,0.861343,-0.473152,0.634081,0.263233,0.727084),fov=55.000000,dt=0.016381},
	{cf=CFrame.new(-4.290680,-0.058502,126.694794,0.738461,-0.441435,-0.509718,0.155821,0.847181,-0.507942,0.656047,0.295670,0.694394),fov=55.000000,dt=0.017719},
	{cf=CFrame.new(-4.263794,-0.044403,126.779556,0.744371,-0.411559,-0.525863,0.080603,0.837113,-0.541059,0.662885,0.360363,0.656296),fov=55.153847,dt=0.016425},
	{cf=CFrame.new(-4.250061,-0.028656,126.822601,0.755457,-0.367893,-0.542163,-0.009607,0.821170,-0.570603,0.655129,0.436274,0.616824),fov=55.307690,dt=0.015703},
	{cf=CFrame.new(-4.236328,-0.012909,126.865646,0.765354,-0.322926,-0.556734,-0.097988,0.796468,-0.596687,0.636107,0.511231,0.577938),fov=55.461536,dt=0.016722},
	{cf=CFrame.new(-4.222565,0.002838,126.908730,0.774000,-0.276591,-0.569582,-0.183265,0.763187,-0.619644,0.606086,0.583989,0.540017),fov=55.615383,dt=0.017086},
	{cf=CFrame.new(-4.208801,0.018585,126.951759,0.740147,-0.316372,-0.593374,-0.186524,0.751194,-0.633179,0.646059,0.579324,0.496983),fov=55.769230,dt=0.016025},
	{cf=CFrame.new(-4.195099,0.034332,126.994804,0.687577,-0.384384,-0.616026,-0.161672,0.746050,-0.645966,0.707885,0.543746,0.450823),fov=55.923077,dt=0.016819},
	{cf=CFrame.new(-4.181366,0.050079,127.037842,0.630314,-0.450105,-0.632543,-0.136056,0.738120,-0.660808,0.764326,0.502578,0.404008),fov=56.076923,dt=0.016628},
	{cf=CFrame.new(-4.167603,0.065826,127.080917,0.568843,-0.512983,-0.642859,-0.109985,0.727173,-0.677586,0.815060,0.456145,0.357227),fov=56.230770,dt=0.016962},
	{cf=CFrame.new(-4.153870,0.081573,127.123962,0.503669,-0.572489,-0.646974,-0.083779,0.713003,-0.696137,0.859826,0.404825,0.311155),fov=56.384613,dt=0.016198},
	{cf=CFrame.new(-4.140137,0.097321,127.166992,0.435319,-0.628119,-0.644953,-0.057758,0.695433,-0.716266,0.898423,0.349055,0.266456),fov=56.538467,dt=0.016807},
	{cf=CFrame.new(-4.126373,0.113098,127.210037,0.458522,-0.610758,-0.645549,-0.144197,0.665652,-0.732198,0.876907,0.428815,0.217147),fov=56.692307,dt=0.016719},
	{cf=CFrame.new(-4.112640,0.128845,127.253120,0.514042,-0.562488,-0.647587,-0.260787,0.616746,-0.742708,0.817161,0.550665,0.170343),fov=56.846153,dt=0.017170},
	{cf=CFrame.new(-4.056885,0.080536,127.327385,0.496541,-0.572626,-0.652340,-0.285174,0.602198,-0.745676,0.819832,0.556289,0.135717),fov=57.000000,dt=0.015961},
	{cf=CFrame.new(-3.986725,0.010284,127.412361,0.453048,-0.603273,-0.656361,-0.280090,0.602650,-0.747236,0.846344,0.522374,0.104059),fov=57.153847,dt=0.016748},
	{cf=CFrame.new(-3.916565,-0.059967,127.497307,0.408428,-0.632394,-0.658229,-0.274594,0.602590,-0.749322,0.870509,0.486790,0.072463),fov=57.307686,dt=0.016748},
	{cf=CFrame.new(-3.846405,-0.130219,127.582275,0.362810,-0.659898,-0.657954,-0.268731,0.601975,-0.751937,0.892274,0.449623,0.041068),fov=57.461540,dt=0.017019},
	{cf=CFrame.new(-3.776245,-0.200470,127.667213,0.316323,-0.685703,-0.655555,-0.262549,0.600766,-0.755082,0.911597,0.410965,0.010005),fov=57.615383,dt=0.016545},
	{cf=CFrame.new(-3.706085,-0.270721,127.752182,0.269097,-0.709728,-0.651056,-0.256097,0.598925,-0.758751,0.928441,0.370911,-0.020590),fov=57.769230,dt=0.016826},
	{cf=CFrame.new(-3.635895,-0.340973,127.837128,0.221267,-0.731899,-0.644489,-0.249425,0.596416,-0.762939,0.942778,0.329565,-0.050587),fov=57.923077,dt=0.016502},
	{cf=CFrame.new(-3.565735,-0.411224,127.922066,0.172964,-0.752145,-0.635895,-0.242586,0.593204,-0.767633,0.954587,0.287032,-0.079857),fov=58.076927,dt=0.016811},
	{cf=CFrame.new(-3.495605,-0.481476,128.007034,0.124323,-0.770402,-0.625321,-0.235632,0.589259,-0.772821,0.963858,0.243425,-0.108273),fov=58.230770,dt=0.017036},
	{cf=CFrame.new(-3.425415,-0.551727,128.092010,0.075475,-0.786612,-0.612818,-0.228616,0.584550,-0.778483,0.970587,0.198856,-0.135713),fov=58.384609,dt=0.015784},
	{cf=CFrame.new(-3.355255,-0.621979,128.176910,0.026555,-0.800722,-0.598448,-0.221591,0.579050,-0.784601,0.974779,0.153446,-0.162056),fov=58.538464,dt=0.016858},
	{cf=CFrame.new(-3.285095,-0.692230,128.261917,-0.022306,-0.812686,-0.582276,-0.214613,0.572735,-0.791148,0.976445,0.107317,-0.187188),fov=58.692307,dt=0.017333},
	{cf=CFrame.new(-3.214935,-0.762482,128.346863,-0.070979,-0.822462,-0.564375,-0.207735,0.565584,-0.798098,0.975607,0.060593,-0.210999),fov=58.846153,dt=0.019551},
	{cf=CFrame.new(-3.127228,-0.850311,128.453094,-0.131361,-0.831556,-0.539686,-0.199360,0.555440,-0.807305,0.971082,0.001544,-0.238743),fov=59.000000,dt=0.020604},
	{cf=CFrame.new(-3.196289,-0.870239,128.629456,-0.155966,-0.825897,-0.541822,-0.225725,0.563820,-0.794453,0.961626,-0.001605,-0.274362),fov=59.307693,dt=0.021060},
	{cf=CFrame.new(-3.266052,-0.889893,128.806152,-0.180342,-0.820103,-0.543055,-0.251818,0.572202,-0.780495,0.950824,-0.004004,-0.309709),fov=59.461533,dt=0.020544},
	{cf=CFrame.new(-3.335785,-0.909546,128.982803,-0.204599,-0.814248,-0.543269,-0.277460,0.580489,-0.765539,0.938700,-0.005893,-0.344688),fov=59.615387,dt=0.020759},
	{cf=CFrame.new(-3.405518,-0.929230,129.159500,-0.228699,-0.808346,-0.542471,-0.302614,0.588663,-0.749600,0.925269,-0.007273,-0.379243),fov=59.769226,dt=0.021027},
	{cf=CFrame.new(-3.475250,-0.948883,129.336182,-0.252604,-0.802416,-0.540668,-0.327248,0.596711,-0.732697,0.910550,-0.008150,-0.413321),fov=60.076920,dt=0.019358},
	{cf=CFrame.new(-3.544983,-0.968536,129.512863,-0.276278,-0.796473,-0.537869,-0.351329,0.604615,-0.714849,0.894561,-0.008528,-0.446866),fov=60.230770,dt=0.021253},
	{cf=CFrame.new(-3.614746,-0.988190,129.689545,-0.299682,-0.790534,-0.534086,-0.374824,0.612361,-0.696075,0.877325,-0.008413,-0.479825),fov=60.384617,dt=0.020790},
	{cf=CFrame.new(-3.698425,-1.011780,129.901566,-0.327359,-0.783437,-0.528265,-0.402200,0.621425,-0.672359,0.855028,-0.007635,-0.518527),fov=60.692310,dt=0.024532},
	{cf=CFrame.new(-3.768158,-1.031433,130.078262,-0.350043,-0.777565,-0.522364,-0.424296,0.628770,-0.651629,0.835131,-0.006462,-0.550014),fov=60.846161,dt=0.020676},
	{cf=CFrame.new(-3.837921,-1.051086,130.254929,-0.372344,-0.771749,-0.515524,-0.445708,0.635910,-0.630050,0.814067,-0.004822,-0.580752),fov=61.000000,dt=0.021854},
	{cf=CFrame.new(-3.991913,-1.118622,130.420685,-0.404775,-0.733755,-0.545677,-0.415699,0.679176,-0.604908,0.814465,-0.018014,-0.579934),fov=61.153843,dt=0.022065},
	{cf=CFrame.new(-4.167572,-1.198425,130.583633,-0.436490,-0.684297,-0.584137,-0.370062,0.728337,-0.576698,0.820081,-0.035556,-0.571144),fov=61.461540,dt=0.021345},
	{cf=CFrame.new(-4.343201,-1.278198,130.746582,-0.464250,-0.631557,-0.620974,-0.321859,0.773473,-0.546028,0.825154,-0.053628,-0.562357),fov=61.615383,dt=0.021148},
	{cf=CFrame.new(-4.518799,-1.358002,130.909531,-0.487870,-0.575863,-0.656022,-0.271411,0.814350,-0.513002,0.829650,-0.072226,-0.553593),fov=61.769234,dt=0.018526},
	{cf=CFrame.new(-4.694427,-1.437805,131.072464,-0.507189,-0.517561,-0.689124,-0.219053,0.850757,-0.477733,0.833533,-0.091346,-0.544868),fov=61.923080,dt=0.022516},
	{cf=CFrame.new(-4.870056,-1.517578,131.235458,-0.522072,-0.457010,-0.720128,-0.165132,0.882511,-0.440347,0.836764,-0.110977,-0.536202),fov=62.230778,dt=0.018510},
	{cf=CFrame.new(-5.010559,-1.581421,131.365814,-0.530713,-0.407203,-0.743324,-0.121110,0.904459,-0.409006,0.838855,-0.127041,-0.529325),fov=62.384617,dt=0.016020},
	{cf=CFrame.new(-5.151031,-1.645233,131.496140,-0.536407,-0.356389,-0.765020,-0.076500,0.923265,-0.376469,0.840486,-0.143417,-0.522510),fov=62.538460,dt=0.017116},
	{cf=CFrame.new(-5.291534,-1.709076,131.626495,-0.539124,-0.304769,-0.785151,-0.031491,0.938874,-0.342816,0.841638,-0.160095,-0.515768),fov=62.692307,dt=0.015428},
	{cf=CFrame.new(-5.396912,-1.756958,131.724274,-0.539198,-0.265643,-0.799187,0.002416,0.948459,-0.316889,0.842176,-0.172797,-0.510766),fov=62.692307,dt=0.015966},
	{cf=CFrame.new(-5.537415,-1.820770,131.854614,-0.536673,-0.213096,-0.816440,0.047668,0.958383,-0.281478,0.842444,-0.189979,-0.504180),fov=62.846149,dt=0.016227},
	{cf=CFrame.new(-5.636963,-1.817749,131.888565,-0.509548,-0.227560,-0.829806,0.021186,0.960784,-0.276488,0.860182,-0.158464,-0.484745),fov=63.000004,dt=0.015862},
	{cf=CFrame.new(-5.736328,-1.814392,131.922043,-0.481362,-0.241353,-0.842639,-0.005636,0.962176,-0.272371,0.876504,-0.126360,-0.464515),fov=63.153847,dt=0.016634},
	{cf=CFrame.new(-5.835693,-1.811035,131.955536,-0.452271,-0.254121,-0.854912,-0.032400,0.962598,-0.268990,0.891292,-0.093957,-0.443589),fov=63.307693,dt=0.015719},
	{cf=CFrame.new(-5.935059,-1.807709,131.989044,-0.440579,-0.236699,-0.865948,0.008218,0.963510,-0.267547,0.897677,-0.124992,-0.422557),fov=63.461533,dt=0.021232},
	{cf=CFrame.new(-6.084045,-1.802673,132.039261,-0.421014,-0.211428,-0.882070,0.069360,0.962103,-0.263717,0.904399,-0.172209,-0.390394),fov=63.769230,dt=0.021340},
	{cf=CFrame.new(-6.183411,-1.799316,132.072769,-0.406575,-0.195364,-0.892486,0.109827,0.959334,-0.260030,0.906993,-0.203741,-0.368585),fov=63.923073,dt=0.017112},
	{cf=CFrame.new(-6.282776,-1.795959,132.106262,-0.391059,-0.179978,-0.902597,0.149970,0.955126,-0.255429,0.908066,-0.235251,-0.346519),fov=64.076920,dt=0.015834},
	{cf=CFrame.new(-6.382141,-1.792633,132.139740,-0.374500,-0.165310,-0.912373,0.189715,0.949502,-0.249909,0.907612,-0.266681,-0.324226),fov=64.230774,dt=0.017040},
	{cf=CFrame.new(-6.481476,-1.789276,132.173264,-0.352287,-0.163372,-0.921523,0.196510,0.949784,-0.243505,0.915030,-0.266872,-0.302492),fov=64.384613,dt=0.016369},
	{cf=CFrame.new(-6.580841,-1.785919,132.206741,-0.324520,-0.173164,-0.929894,0.169929,0.956432,-0.237409,0.930490,-0.235060,-0.280956),fov=64.538467,dt=0.021171},
	{cf=CFrame.new(-6.804382,-1.778381,132.282074,-0.259496,-0.191791,-0.946509,0.109748,0.967876,-0.226210,0.959489,-0.162578,-0.230112),fov=64.846146,dt=0.032307},
	{cf=CFrame.new(-6.903778,-1.775024,132.315536,-0.229574,-0.198518,-0.952831,0.082952,0.971425,-0.222379,0.969751,-0.130092,-0.206546),fov=65.000000,dt=0.016303},
	{cf=CFrame.new(-7.003113,-1.771667,132.349045,-0.199090,-0.204271,-0.958456,0.056198,0.974045,-0.219267,0.978369,-0.097517,-0.182443),fov=65.000000,dt=0.016160},
	{cf=CFrame.new(-7.113098,-1.746429,132.356522,-0.178975,-0.202035,-0.962887,0.043984,0.976067,-0.212976,0.982871,-0.080469,-0.165805),fov=65.000000,dt=0.016027},
	{cf=CFrame.new(-7.226776,-1.713715,132.355103,-0.162484,-0.197126,-0.966820,0.036646,0.977959,-0.205555,0.986031,-0.068830,-0.151679),fov=65.000000,dt=0.016343},
	{cf=CFrame.new(-7.340454,-1.681000,132.353683,-0.145957,-0.192046,-0.970472,0.029218,0.979712,-0.198269,0.988860,-0.057294,-0.137384),fov=65.000000,dt=0.017724},
	{cf=CFrame.new(-7.454132,-1.648285,132.352280,-0.129398,-0.186798,-0.973840,0.021703,0.981327,-0.191117,0.991356,-0.045865,-0.122927),fov=65.000000,dt=0.015566},
	{cf=CFrame.new(-7.567780,-1.615570,132.350861,-0.112813,-0.181384,-0.976921,0.014104,0.982805,-0.184105,0.993517,-0.034548,-0.108315),fov=65.000000,dt=0.017492},
	{cf=CFrame.new(-7.681427,-1.582825,132.349442,-0.096208,-0.175806,-0.979713,0.006424,0.984148,-0.177233,0.995341,-0.023345,-0.093554),fov=65.000000,dt=0.016543},
	{cf=CFrame.new(-7.795105,-1.550110,132.348022,-0.079589,-0.170069,-0.982213,-0.001331,0.985356,-0.170505,0.996827,-0.012263,-0.078650),fov=65.000000,dt=0.017187},
	{cf=CFrame.new(-7.908752,-1.517395,132.346619,-0.062962,-0.164173,-0.984421,-0.009160,0.986431,-0.163922,0.997975,-0.001303,-0.063611),fov=65.000000,dt=0.016173},
	{cf=CFrame.new(-8.022400,-1.484680,132.345200,-0.048722,-0.157429,-0.986328,-0.002850,0.987518,-0.157478,0.998809,-0.004862,-0.048563),fov=65.000000,dt=0.017497},
	{cf=CFrame.new(-8.136078,-1.451965,132.343796,-0.035186,-0.150551,-0.987977,0.008211,0.988511,-0.150925,0.999348,-0.013423,-0.033545),fov=65.000000,dt=0.015538},
	{cf=CFrame.new(-8.249756,-1.419250,132.342377,-0.021522,-0.143816,-0.989371,0.019147,0.989359,-0.144231,0.999586,-0.022047,-0.018539),fov=65.000000,dt=0.017278},
	{cf=CFrame.new(-8.363403,-1.386536,132.340958,-0.007737,-0.137227,-0.990510,0.029954,0.990063,-0.137399,0.999522,-0.030733,-0.003549),fov=65.000000,dt=0.015928},
	{cf=CFrame.new(-8.477051,-1.353790,132.339539,0.006164,-0.130785,-0.991392,0.040628,0.990625,-0.130431,0.999156,-0.039475,0.011420),fov=65.000000,dt=0.016658},
	{cf=CFrame.new(-8.590729,-1.321075,132.338135,0.020174,-0.124493,-0.992016,0.051167,0.991046,-0.123331,0.998487,-0.048270,0.026363),fov=65.000000,dt=0.016759},
	{cf=CFrame.new(-8.704407,-1.288361,132.336716,0.034288,-0.118353,-0.992380,0.061565,0.991328,-0.116100,0.997514,-0.057115,0.041277),fov=65.000000,dt=0.016616},
	{cf=CFrame.new(-8.818054,-1.255646,132.335297,0.049903,-0.111628,-0.992497,0.057871,0.992388,-0.108706,0.997077,-0.052012,0.055983),fov=65.000000,dt=0.016960},
	{cf=CFrame.new(-8.931732,-1.222931,132.333847,0.065983,-0.104560,-0.992328,0.049309,0.993621,-0.101418,0.996602,-0.042239,0.070718),fov=65.000000,dt=0.016122},
	{cf=CFrame.new(-9.045380,-1.190216,132.332428,0.082026,-0.097368,-0.991863,0.040672,0.994714,-0.094285,0.995801,-0.032607,0.085552),fov=65.000000,dt=0.020267},
	{cf=CFrame.new(-9.187469,-1.149292,132.330658,0.102019,-0.088209,-0.990865,0.029773,0.995885,-0.085591,0.994338,-0.020769,0.104225),fov=65.000000,dt=0.017512},
	{cf=CFrame.new(-9.247650,-1.120972,132.336929,0.101719,-0.072245,-0.992187,0.030099,0.997126,-0.069519,0.994358,-0.022793,0.103601),fov=65.000000,dt=0.019065},
	{cf=CFrame.new(-9.322479,-1.085571,132.344910,0.101359,-0.052206,-0.993480,0.030580,0.998314,-0.049340,0.994380,-0.025379,0.102784),fov=65.000000,dt=0.020554},
	{cf=CFrame.new(-9.397369,-1.050171,132.352814,0.101133,-0.032142,-0.994354,0.031071,0.999093,-0.029135,0.994388,-0.027949,0.102040),fov=65.000000,dt=0.020992},
	{cf=CFrame.new(-9.472229,-1.014771,132.360703,0.101043,-0.012065,-0.994809,0.031569,0.999462,-0.008915,0.994382,-0.030504,0.101370),fov=65.000000,dt=0.020674},
	{cf=CFrame.new(-9.514862,-0.996460,132.365311,0.101072,-0.013146,-0.994793,0.031542,0.999452,-0.010003,0.994380,-0.030367,0.101431),fov=65.000000,dt=0.021652},
	{cf=CFrame.new(-9.549316,-0.982544,132.369049,0.101122,-0.019653,-0.994681,0.031381,0.999370,-0.016555,0.994380,-0.029540,0.101675),fov=65.000000,dt=0.020360},
	{cf=CFrame.new(-9.576813,-0.971405,132.372025,0.101173,-0.024858,-0.994559,0.031253,0.999274,-0.021796,0.994378,-0.028878,0.101877),fov=65.000000,dt=0.018192},
	{cf=CFrame.new(-9.611267,-0.957489,132.375763,0.101249,-0.031362,-0.994367,0.031094,0.999114,-0.028346,0.994376,-0.028048,0.102135),fov=65.000000,dt=0.018127},
	{cf=CFrame.new(-9.638763,-0.946350,132.378769,0.101320,-0.036565,-0.994182,0.030966,0.998956,-0.033585,0.994372,-0.027384,0.102347),fov=65.000000,dt=0.018347},
	{cf=CFrame.new(-9.673187,-0.932434,132.382492,0.101422,-0.043067,-0.993912,0.030809,0.998719,-0.040131,0.994367,-0.026551,0.102619),fov=65.000000,dt=0.020326},
	{cf=CFrame.new(-9.714478,-0.915710,132.386978,0.101562,-0.050866,-0.993529,0.030621,0.998379,-0.047984,0.994359,-0.025549,0.102955),fov=65.000000,dt=0.026220},
	{cf=CFrame.new(-9.654816,-0.873291,132.330536,0.100647,-0.062230,-0.992975,0.027453,0.997836,-0.059752,0.994544,-0.021246,0.102137),fov=65.000000,dt=0.020995},
	{cf=CFrame.new(-9.451691,-0.787415,132.182312,0.098334,-0.081025,-0.991850,0.019657,0.996644,-0.079467,0.994960,-0.011683,0.099597),fov=65.000000,dt=0.019428},
	{cf=CFrame.new(-9.248566,-0.701569,132.034103,0.096307,-0.099825,-0.990334,0.011820,0.995002,-0.099146,0.995282,-0.002158,0.097005),fov=65.000000,dt=0.020120},
	{cf=CFrame.new(-9.045471,-0.615692,131.885895,0.094564,-0.118620,-0.988427,0.003949,0.992913,-0.118781,0.995512,0.007329,0.094363),fov=65.000000,dt=0.020618},
	{cf=CFrame.new(-8.842346,-0.529816,131.737656,0.093109,-0.137398,-0.986131,-0.003947,0.990374,-0.138362,0.995649,0.016775,0.091670),fov=65.000000,dt=0.020143},
	{cf=CFrame.new(-8.679871,-0.461151,131.619110,0.092151,-0.152400,-0.984014,-0.010277,0.988020,-0.153983,0.995693,0.024303,0.089481),fov=65.000000,dt=0.018981},
	{cf=CFrame.new(-8.476746,-0.375275,131.470901,0.091213,-0.171119,-0.981020,-0.018200,0.984675,-0.173449,0.995666,0.033675,0.086701),fov=65.000000,dt=0.018406},
	{cf=CFrame.new(-8.273621,-0.289398,131.322647,0.090563,-0.189790,-0.977640,-0.026126,0.980882,-0.192840,0.995549,0.043006,0.083873),fov=65.000000,dt=0.023153},
	{cf=CFrame.new(-8.111145,-0.220703,131.204071,0.090251,-0.204684,-0.974659,-0.032464,0.977528,-0.208292,0.995391,0.050440,0.081578),fov=65.000000,dt=0.016940},
	{cf=CFrame.new(-7.924530,-0.194427,130.995117,0.102572,-0.202369,-0.973924,-0.041998,0.977333,-0.207501,0.993839,0.062187,0.091747),fov=65.000000,dt=0.015426},
	{cf=CFrame.new(-7.737793,-0.168304,130.785721,0.114946,-0.199840,-0.973064,-0.051514,0.977039,-0.206742,0.992036,0.073891,0.102012),fov=65.000000,dt=0.015449},
	{cf=CFrame.new(-7.597717,-0.148743,130.628647,0.124223,-0.197856,-0.972329,-0.058629,0.976743,-0.206244,0.990521,0.082627,0.109734),fov=65.000000,dt=0.015390},
	{cf=CFrame.new(-7.410980,-0.122620,130.419281,0.136581,-0.195094,-0.971229,-0.068081,0.976249,-0.205677,0.988287,0.094213,0.120055),fov=65.000000,dt=0.014179},
	{cf=CFrame.new(-7.224243,-0.096527,130.209854,0.148925,-0.192201,-0.969990,-0.077493,0.975644,-0.205218,0.985808,0.105729,0.130404),fov=65.000000,dt=0.015508},
	{cf=CFrame.new(-7.037537,-0.070435,130.000458,0.161253,-0.189176,-0.968613,-0.086862,0.974928,-0.204869,0.983084,0.117171,0.140778),fov=65.000000,dt=0.017504},
	{cf=CFrame.new(-6.850800,-0.044342,129.791031,0.173561,-0.186020,-0.967096,-0.096186,0.974102,-0.204630,0.980115,0.128537,0.151174),fov=65.000000,dt=0.015768},
	{cf=CFrame.new(-6.664062,-0.018219,129.581650,0.183222,-0.194926,-0.963553,-0.089348,0.972786,-0.213784,0.979004,0.125262,0.160820),fov=65.000000,dt=0.016353},
	{cf=CFrame.new(-6.477325,0.007874,129.372253,0.191900,-0.207984,-0.959124,-0.076917,0.971093,-0.225969,0.978396,0.117137,0.170356),fov=65.000000,dt=0.017991},
	{cf=CFrame.new(-6.290588,0.033966,129.162857,0.200481,-0.221038,-0.954437,-0.064399,0.969135,-0.237969,0.977579,0.109174,0.180059),fov=65.000000,dt=0.016571},
	{cf=CFrame.new(-6.103821,0.060089,128.953461,0.208963,-0.234086,-0.949495,-0.051798,0.966916,-0.249780,0.976551,0.101377,0.189925),fov=65.000000,dt=0.016330},
	{cf=CFrame.new(-5.917084,0.086182,128.744064,0.217343,-0.247121,-0.944296,-0.039117,0.964439,-0.261396,0.975312,0.093751,0.199947),fov=65.000000,dt=0.016635},
	{cf=CFrame.new(-5.730347,0.112274,128.534668,0.225618,-0.260141,-0.938842,-0.026360,0.961706,-0.272811,0.973860,0.086299,0.210121),fov=65.000000,dt=0.016802},
	{cf=CFrame.new(-5.543640,0.138397,128.325287,0.233786,-0.273141,-0.933134,-0.013531,0.958723,-0.284021,0.972194,0.079026,0.220440),fov=65.000000,dt=0.015725},
	{cf=CFrame.new(-5.356873,0.164490,128.115891,0.241845,-0.286116,-0.927173,-0.000633,0.955491,-0.295019,0.970315,0.071936,0.230899),fov=65.000000,dt=0.016932},
	{cf=CFrame.new(-5.170166,0.190582,127.906471,0.249791,-0.299062,-0.920960,0.012329,0.952015,-0.305802,0.968222,0.065032,0.241492),fov=65.000000,dt=0.016836},
	{cf=CFrame.new(-5.053986,0.184448,127.729012,0.268244,-0.299299,-0.915678,0.017007,0.951836,-0.306135,0.963202,0.066545,0.260414),fov=65.000000,dt=0.016472},
	{cf=CFrame.new(-4.961945,0.167267,127.562393,0.290199,-0.295145,-0.910316,0.018785,0.952825,-0.302939,0.956783,0.070812,0.282053),fov=65.000000,dt=0.020190},
	{cf=CFrame.new(-4.800873,0.137207,127.270866,0.328271,-0.287745,-0.899690,0.021750,0.954522,-0.297346,0.944334,0.078042,0.319600),fov=65.000000,dt=0.029598},
	{cf=CFrame.new(-4.708862,0.120026,127.104240,0.349805,-0.283445,-0.892915,0.023361,0.955473,-0.294151,0.936532,0.082036,0.340851),fov=65.000000,dt=0.016061},
	{cf=CFrame.new(-4.616821,0.102844,126.937683,0.371164,-0.279096,-0.885632,0.024913,0.956411,-0.290960,0.928234,0.085930,0.361939),fov=65.000000,dt=0.015113},
	{cf=CFrame.new(-4.524811,0.085663,126.771080,0.392336,-0.274700,-0.877846,0.026406,0.957335,-0.287773,0.919444,0.089724,0.382851),fov=65.000000,dt=0.015173},
	{cf=CFrame.new(-4.444519,0.072601,126.670280,0.404286,-0.280012,-0.870717,0.032543,0.955786,-0.292259,0.914054,0.089820,0.395523),fov=65.000000,dt=0.016237},
	{cf=CFrame.new(-4.306671,0.054779,126.602188,0.409506,-0.310582,-0.857814,0.054667,0.946932,-0.316752,0.910669,0.082818,0.404753),fov=65.000000,dt=0.015394},
	{cf=CFrame.new(-4.168823,0.036926,126.534126,0.414368,-0.340777,-0.843903,0.076898,0.937047,-0.340631,0.906856,0.076252,0.414487),fov=65.000000,dt=0.015497},
	{cf=CFrame.new(-4.030975,0.019073,126.466019,0.418861,-0.370559,-0.829001,0.099222,0.926156,-0.363854,0.902614,0.070149,0.424698),fov=65.000000,dt=0.016194},
	{cf=CFrame.new(-3.932251,-0.036438,126.347786,0.433818,-0.379281,-0.817282,0.116880,0.923107,-0.366352,0.893388,0.063406,0.444791),fov=65.000000,dt=0.015452},
	{cf=CFrame.new(-3.948608,-0.165222,126.143234,0.470096,-0.338163,-0.815265,0.118079,0.939484,-0.321601,0.874682,0.054917,0.481578),fov=65.000000,dt=0.015553},
	{cf=CFrame.new(-3.970367,-0.336914,125.870522,0.518503,-0.283854,-0.806587,0.117061,0.957975,-0.261879,0.847026,0.041366,0.529941),fov=65.000000,dt=0.015713},
	{cf=CFrame.new(-3.992157,-0.508606,125.597839,0.566567,-0.230514,-0.791117,0.113018,0.972740,-0.202495,0.816229,0.025317,0.577175),fov=65.000000,dt=0.015789},
	{cf=CFrame.new(-4.013916,-0.680267,125.325127,0.562391,-0.138012,-0.815273,0.103053,0.989984,-0.096499,0.820425,-0.029747,0.570981),fov=65.000000,dt=0.015818},
	{cf=CFrame.new(-4.030273,-0.809052,125.120575,0.561191,-0.066983,-0.824972,0.096107,0.995251,-0.015432,0.822088,-0.070625,0.564964),fov=65.000000,dt=0.016081},
	{cf=CFrame.new(-4.052032,-0.980713,124.847862,0.562536,0.028336,-0.826288,0.087009,0.991834,0.093249,0.822182,-0.124351,0.555477),fov=65.000000,dt=0.015365},
	{cf=CFrame.new(-4.073822,-1.152405,124.575150,0.567256,0.122770,-0.814340,0.077446,0.976491,0.201163,0.819893,-0.177178,0.544412),fov=65.000000,dt=0.015454},
	{cf=CFrame.new(-4.143097,-1.234039,124.340569,0.532857,0.159057,-0.831123,0.037393,0.976790,0.210908,0.845379,-0.143462,0.514542),fov=65.000000,dt=0.016828},
	{cf=CFrame.new(-4.228638,-1.284821,124.119049,0.483441,0.172921,-0.858128,-0.015324,0.981817,0.189212,0.875243,-0.078323,0.477301),fov=65.000000,dt=0.017704},
	{cf=CFrame.new(-4.335541,-1.348358,123.842140,0.420797,0.185379,-0.888012,-0.084614,0.982651,0.165040,0.903201,0.005689,0.429182),fov=65.000000,dt=0.019816},
	{cf=CFrame.new(-4.421082,-1.399139,123.620583,0.370509,0.191445,-0.908886,-0.142244,0.978680,0.148161,0.917873,0.074389,0.389842),fov=65.000000,dt=0.017893},
	{cf=CFrame.new(-4.528015,-1.462646,123.343674,0.328700,0.140908,-0.933864,-0.062768,0.989881,0.127267,0.942347,0.016784,0.334218),fov=65.000000,dt=0.018615},
	{cf=CFrame.new(-4.634949,-1.526154,123.066765,0.284333,0.091947,-0.954307,0.017806,0.994712,0.101146,0.958561,-0.045752,0.281192),fov=65.000000,dt=0.019949},
	{cf=CFrame.new(-4.720459,-1.576965,122.845238,0.247197,0.054315,-0.967443,0.082124,0.993661,0.076771,0.965479,-0.098428,0.241169),fov=65.000000,dt=0.020376},
	{cf=CFrame.new(-4.797516,-1.575806,122.578911,0.214789,0.028443,-0.976247,0.131028,0.989700,0.057663,0.967832,-0.140301,0.208850),fov=65.000000,dt=0.020393},
	{cf=CFrame.new(-4.865692,-1.521851,122.267899,0.188081,0.013941,-0.982055,0.164320,0.985359,0.045459,0.968311,-0.169922,0.183037),fov=65.000000,dt=0.023129},
	{cf=CFrame.new(-4.922516,-1.476868,122.008652,0.165659,0.002367,-0.986181,0.191888,0.980807,0.034588,0.967335,-0.194966,0.162026),fov=65.000000,dt=0.020172},
	{cf=CFrame.new(-4.967957,-1.440887,121.801361,0.147634,-0.006549,-0.989021,0.213798,0.976546,0.025448,0.965658,-0.215208,0.145572),fov=65.000000,dt=0.019249},
	{cf=CFrame.new(-5.024811,-1.395905,121.542152,0.124405,-0.011753,-0.992163,0.198049,0.980103,0.013223,0.972266,-0.198142,0.124257),fov=65.000000,dt=0.021086},
	{cf=CFrame.new(-5.092987,-1.341949,121.231148,0.096754,-0.014706,-0.995200,0.143104,0.989707,-0.000712,0.984968,-0.142348,0.097863),fov=65.000000,dt=0.025511},
	{cf=CFrame.new(-5.161163,-1.287964,120.920135,0.070211,-0.019335,-0.997345,0.086912,0.996128,-0.013193,0.993739,-0.085755,0.071620),fov=65.000000,dt=0.021979},
	{cf=CFrame.new(-5.217987,-1.243011,120.660912,0.049034,-0.024412,-0.998499,0.039311,0.998974,-0.022493,0.998024,-0.038149,0.049943),fov=65.000000,dt=0.019776},
	{cf=CFrame.new(-5.274811,-1.198029,120.401741,0.028249,-0.030670,-0.999131,-0.002466,0.999524,-0.030752,0.999598,0.003332,0.028160),fov=65.000000,dt=0.021147},
	{cf=CFrame.new(-5.320282,-1.162048,120.194412,0.010226,-0.036591,-0.999279,-0.015254,0.999208,-0.036744,0.999832,0.015619,0.009659),fov=65.000000,dt=0.019279},
	{cf=CFrame.new(-5.377106,-1.117065,119.935211,-0.012117,-0.044344,-0.998944,-0.031473,0.998538,-0.043944,0.999432,0.030907,-0.013495),fov=65.000000,dt=0.019312},
	{cf=CFrame.new(-5.433899,-1.072113,119.676003,-0.034231,-0.052483,-0.998036,-0.047938,0.997557,-0.050814,0.998264,0.046104,-0.036663),fov=65.000000,dt=0.021134},
	{cf=CFrame.new(-5.479370,-1.036133,119.468674,-0.051743,-0.059269,-0.996901,-0.061277,0.996545,-0.056067,0.996779,0.058186,-0.055196),fov=65.000000,dt=0.018018},
	{cf=CFrame.new(-5.536194,-0.991150,119.209473,-0.073393,-0.068089,-0.994977,-0.078151,0.994991,-0.062325,0.994237,0.073185,-0.078347),fov=65.000000,dt=0.018467},
	{cf=CFrame.new(-5.592987,-0.946167,118.950302,-0.094531,-0.075402,-0.992663,-0.082551,0.994287,-0.067664,0.992094,0.075549,-0.100215),fov=65.000000,dt=0.023790},
	{cf=CFrame.new(-5.649841,-0.901184,118.691101,-0.114229,-0.074594,-0.990651,-0.034898,0.996863,-0.071038,0.992842,0.026457,-0.116474),fov=65.000000,dt=0.018239},
	{cf=CFrame.new(-5.683929,-0.874207,118.535606,-0.125717,-0.073653,-0.989329,-0.006181,0.997279,-0.073460,0.992048,-0.003120,-0.125830),fov=65.000000,dt=0.016168},
	{cf=CFrame.new(-5.729370,-0.838226,118.328247,-0.140392,-0.072668,-0.987426,0.026004,0.996688,-0.077047,0.989755,-0.036494,-0.138037),fov=65.000000,dt=0.015717},
	{cf=CFrame.new(-5.774841,-0.802246,118.120926,-0.154139,-0.073750,-0.985294,0.039179,0.995970,-0.080678,0.987273,-0.051038,-0.150629),fov=65.000000,dt=0.015288},
	{cf=CFrame.new(-5.820282,-0.766266,117.913559,-0.167822,-0.074639,-0.982988,0.052341,0.995049,-0.084491,0.984427,-0.065630,-0.163085),fov=65.000000,dt=0.017335},
	{cf=CFrame.new(-5.865753,-0.730286,117.706200,-0.181436,-0.075335,-0.980514,0.065487,0.993923,-0.088483,0.981221,-0.080264,-0.175400),fov=65.000000,dt=0.020510},
	{cf=CFrame.new(-5.979401,-0.640350,117.187866,-0.215137,-0.076228,-0.973605,0.098240,0.990203,-0.099235,0.971631,-0.116996,-0.205541),fov=65.000000,dt=0.037044},
	{cf=CFrame.new(-6.024841,-0.604370,116.980499,-0.227915,-0.078168,-0.970539,0.102419,0.989318,-0.103732,0.968280,-0.123043,-0.217474),fov=65.000000,dt=0.017691},
	{cf=CFrame.new(-6.070312,-0.568390,116.773170,-0.240458,-0.080716,-0.967299,0.103518,0.988721,-0.108237,0.965125,-0.126159,-0.229390),fov=65.000000,dt=0.015399},
	{cf=CFrame.new(-6.115753,-0.532410,116.565811,-0.252960,-0.083234,-0.963890,0.104566,0.988104,-0.112767,0.961810,-0.129315,-0.241247),fov=65.000000,dt=0.015810},
	{cf=CFrame.new(-6.161194,-0.496429,116.358475,-0.265420,-0.085721,-0.960315,0.105562,0.987468,-0.117321,0.958337,-0.132512,-0.253045),fov=65.000000,dt=0.015818},
	{cf=CFrame.new(-6.206665,-0.460449,116.151123,-0.277835,-0.088177,-0.956574,0.106507,0.986812,-0.121899,0.954707,-0.135749,-0.264779),fov=65.000000,dt=0.018036},
	{cf=CFrame.new(-6.252136,-0.424469,115.943764,-0.290202,-0.090601,-0.952668,0.107399,0.986136,-0.126500,0.950920,-0.139026,-0.276448),fov=65.000000,dt=0.015097},
	{cf=CFrame.new(-6.169739,-0.429016,115.728271,-0.289550,-0.099639,-0.951963,0.102141,0.985671,-0.134234,0.951698,-0.136102,-0.275224),fov=65.000000,dt=0.016903},
	{cf=CFrame.new(-6.043640,-0.447388,115.510002,-0.284351,-0.110903,-0.952285,0.094843,0.985160,-0.143052,0.954018,-0.130995,-0.269613),fov=65.000000,dt=0.016540},
	{cf=CFrame.new(-5.917542,-0.465759,115.291710,-0.279030,-0.122119,-0.952487,0.087606,0.984508,-0.151888,0.956279,-0.125824,-0.264009),fov=65.000000,dt=0.018761},
	{cf=CFrame.new(-5.791473,-0.484161,115.073410,-0.273588,-0.133283,-0.952569,0.080430,0.983714,-0.160741,0.958479,-0.120591,-0.258412),fov=65.000000,dt=0.014172},
	{cf=CFrame.new(-5.665375,-0.502533,114.855171,-0.268025,-0.144393,-0.952531,0.073317,0.982781,-0.169609,0.960619,-0.115296,-0.252824),fov=65.000000,dt=0.016846},
	{cf=CFrame.new(-5.539307,-0.520905,114.636856,-0.262345,-0.155448,-0.952372,0.066269,0.981707,-0.178491,0.962697,-0.109939,-0.247245),fov=65.000000,dt=0.017261},
	{cf=CFrame.new(-5.413177,-0.539276,114.418579,-0.256547,-0.166445,-0.952093,0.059289,0.980495,-0.187386,0.964712,-0.104521,-0.241675),fov=65.000000,dt=0.015816},
	{cf=CFrame.new(-5.287109,-0.557678,114.200302,-0.248574,-0.168610,-0.953825,0.052714,0.980918,-0.187137,0.967178,-0.096798,-0.234943),fov=65.000000,dt=0.017451},
	{cf=CFrame.new(-5.161011,-0.576050,113.982025,-0.239860,-0.167706,-0.956213,0.046248,0.981874,-0.183808,0.969706,-0.088311,-0.227756),fov=65.000000,dt=0.016579},
	{cf=CFrame.new(-5.034912,-0.594421,113.763710,-0.231121,-0.166731,-0.958533,0.039765,0.982765,-0.180534,0.972113,-0.079841,-0.220507),fov=65.000000,dt=0.015948},
	{cf=CFrame.new(-4.908813,-0.612793,113.545441,-0.222357,-0.165685,-0.960784,0.033265,0.983591,-0.177317,0.974398,-0.071388,-0.213197),fov=65.000000,dt=0.017546},
	{cf=CFrame.new(-4.782745,-0.631195,113.327171,-0.213571,-0.164569,-0.962967,0.026749,0.984355,-0.174157,0.976562,-0.062953,-0.205828),fov=65.000000,dt=0.016255},
	{cf=CFrame.new(-4.656647,-0.649567,113.108894,-0.204763,-0.163382,-0.965080,0.020218,0.985054,-0.171054,0.978603,-0.054538,-0.198399),fov=65.000000,dt=0.016214},
	{cf=CFrame.new(-4.490204,-0.724731,112.924034,-0.216516,-0.134495,-0.966971,0.087615,0.983792,-0.156453,0.972340,-0.118595,-0.201223),fov=65.000000,dt=0.017026},
	{cf=CFrame.new(-4.309906,-0.819305,112.750633,-0.230200,-0.094998,-0.968496,0.180293,0.973831,-0.138375,0.956297,-0.206467,-0.207048),fov=65.000000,dt=0.017034},
	{cf=CFrame.new(-4.129639,-0.913910,112.577225,-0.237936,-0.054814,-0.969733,0.272043,0.954684,-0.120713,0.932406,-0.292531,-0.212242),fov=65.000000,dt=0.017171},
	{cf=CFrame.new(-4.048950,-0.965210,112.445778,-0.230025,-0.042293,-0.972266,0.272559,0.956273,-0.106081,0.934238,-0.289401,-0.208439),fov=65.000000,dt=0.015541},
	{cf=CFrame.new(-4.002380,-1.001678,112.328629,-0.217848,-0.038948,-0.975206,0.241878,0.965877,-0.092608,0.945536,-0.256055,-0.200993),fov=65.000000,dt=0.017031},
	{cf=CFrame.new(-3.955811,-1.038177,112.211525,-0.205460,-0.035220,-0.978032,0.210853,0.974289,-0.079380,0.955682,-0.222530,-0.192751),fov=65.000000,dt=0.015976},
	{cf=CFrame.new(-3.909241,-1.074646,112.094414,-0.192874,-0.031100,-0.980731,0.179523,0.981508,-0.066430,0.964662,-0.188877,-0.183724),fov=65.000000,dt=0.017578},
	{cf=CFrame.new(-3.862640,-1.111145,111.977272,-0.180102,-0.026580,-0.983289,0.147929,0.987534,-0.053790,0.972462,-0.155145,-0.173925),fov=65.000000,dt=0.017300},
	{cf=CFrame.new(-3.816071,-1.147614,111.860153,-0.167157,-0.021654,-0.985693,0.116112,0.992369,-0.041491,0.979070,-0.121386,-0.163367),fov=65.000000,dt=0.015922},
	{cf=CFrame.new(-3.769501,-1.184113,111.743042,-0.154054,-0.016313,-0.987929,0.084112,0.996018,-0.029563,0.984477,-0.087651,-0.152068),fov=65.000000,dt=0.016076},
	{cf=CFrame.new(-3.722931,-1.220581,111.625908,-0.140805,-0.010554,-0.989982,0.051970,0.998486,-0.018036,0.988673,-0.053989,-0.140044),fov=65.000000,dt=0.019833},
	{cf=CFrame.new(-3.664734,-1.266205,111.479500,-0.124064,-0.002757,-0.992271,0.011655,0.999923,-0.004235,0.992207,-0.012090,-0.124022),fov=65.000000,dt=0.018569},
	{cf=CFrame.new(-3.635376,-1.254822,111.382797,-0.119387,-0.015578,-0.992726,0.019411,0.999649,-0.018021,0.992659,-0.021422,-0.119043),fov=65.000000,dt=0.015936},
	{cf=CFrame.new(-3.606110,-1.243195,111.286201,-0.114790,-0.028525,-0.992981,0.027429,0.999115,-0.031872,0.993012,-0.030895,-0.113906),fov=65.000000,dt=0.019274},
	{cf=CFrame.new(-3.569550,-1.228699,111.165436,-0.109093,-0.044742,-0.993025,0.037527,0.998089,-0.049093,0.993324,-0.042621,-0.107205),fov=65.000000,dt=0.019233},
	{cf=CFrame.new(-3.540344,-1.217072,111.068855,-0.104577,-0.057738,-0.992840,0.045663,0.996982,-0.062789,0.993469,-0.051902,-0.101625),fov=65.000000,dt=0.019654},
	{cf=CFrame.new(-3.503754,-1.202545,110.948120,-0.098983,-0.074007,-0.992334,0.055904,0.995242,-0.079800,0.993518,-0.063375,-0.094375),fov=65.000000,dt=0.018976},
	{cf=CFrame.new(-0.653351,-0.268097,108.364258,-0.825212,0.138111,-0.547679,0.144719,0.988976,0.031341,0.545970,-0.053396,-0.836102),fov=65.000000,dt=0.019451},
	{cf=CFrame.new(0.342590,0.056519,107.465477,-0.943839,0.188086,-0.271649,0.181868,0.982145,0.048127,0.275851,-0.003980,-0.961193),fov=55.000000,dt=0.022737},
	{cf=CFrame.new(0.380310,0.066559,107.419044,-0.946960,0.160856,-0.278196,0.154967,0.986975,0.043185,0.281519,-0.002217,-0.959554),fov=55.000000,dt=0.025272},
	{cf=CFrame.new(0.417999,0.076599,107.372650,-0.949293,0.133522,-0.284633,0.127982,0.991046,0.038065,0.287167,-0.000293,-0.957881),fov=55.000000,dt=0.024341},
	{cf=CFrame.new(0.449463,0.084961,107.333969,-0.950633,0.110679,-0.289910,0.105445,0.993855,0.033664,0.291855,0.001432,-0.956462),fov=55.000000,dt=0.022211},
	{cf=CFrame.new(0.487152,0.095001,107.287575,-0.951516,0.083211,-0.296134,0.078363,0.996525,0.028225,0.297453,0.003650,-0.954730),fov=55.000000,dt=0.022853},
	{cf=CFrame.new(0.518585,0.103394,107.248863,-0.951646,0.060288,-0.301226,0.055777,0.998165,0.023562,0.302094,0.005621,-0.953262),fov=55.000000,dt=0.023263},
	{cf=CFrame.new(0.568878,0.116760,107.187042,-0.950709,0.023584,-0.309188,0.019641,0.999681,0.015860,0.309464,0.009006,-0.950869),fov=55.000000,dt=0.030659},
	{cf=CFrame.new(0.594025,0.123474,107.156075,-0.949713,0.005234,-0.313081,0.001588,0.999928,0.011900,0.313121,0.010804,-0.949653),fov=55.000000,dt=0.018867},
	{cf=CFrame.new(0.619171,0.130157,107.125160,-0.948365,-0.013107,-0.316913,-0.016448,0.999834,0.007868,0.316757,0.012674,-0.948423),fov=55.000000,dt=0.017597},
	{cf=CFrame.new(0.737427,0.205048,106.995697,-0.956384,-0.009748,-0.291951,-0.010617,0.999943,0.001395,0.291921,0.004434,-0.956433),fov=55.000000,dt=0.021111},
	{cf=CFrame.new(0.816437,0.255096,106.909256,-0.961376,-0.007316,-0.275143,-0.006748,0.999973,-0.003011,0.275157,-0.001038,-0.961399),fov=55.000000,dt=0.017958},
	{cf=CFrame.new(0.895447,0.305176,106.822777,-0.966064,-0.004788,-0.258263,-0.002954,0.999968,-0.007488,0.258290,-0.006471,-0.966046),fov=55.000000,dt=0.015648},
	{cf=CFrame.new(0.954742,0.342712,106.757927,-0.969378,-0.002828,-0.245558,-0.000158,0.999941,-0.010891,0.245575,-0.010519,-0.969321),fov=55.000000,dt=0.016666},
	{cf=CFrame.new(1.033752,0.392792,106.671455,-0.973529,-0.000131,-0.228567,0.003502,0.999874,-0.015489,0.228540,-0.015879,-0.973406),fov=55.000000,dt=0.015172},
	{cf=CFrame.new(1.112762,0.442871,106.584976,-0.977371,0.002661,-0.211520,0.007084,0.999772,-0.020153,0.211418,-0.021195,-0.977167),fov=55.000000,dt=0.016840},
	{cf=CFrame.new(1.191772,0.492920,106.498505,-0.980903,0.005547,-0.194423,0.010585,0.999634,-0.024883,0.194214,-0.026466,-0.980603),fov=55.000000,dt=0.016466},
	{cf=CFrame.new(1.270782,0.542999,106.412025,-0.984124,0.008527,-0.177283,0.014005,0.999461,-0.029676,0.176934,-0.031688,-0.983713),fov=55.000000,dt=0.016020},
	{cf=CFrame.new(1.349823,0.593048,106.325584,-0.987033,0.011598,-0.160104,0.017343,0.999253,-0.034532,0.159583,-0.036860,-0.986497),fov=55.000000,dt=0.017573},
	{cf=CFrame.new(1.428833,0.643127,106.239090,-0.989629,0.014762,-0.142893,0.020597,0.999009,-0.039448,0.142169,-0.041982,-0.988952),fov=55.000000,dt=0.025823},
	{cf=CFrame.new(1.626343,0.768280,106.022926,-0.994744,0.023063,-0.099764,0.028359,0.998245,-0.051992,0.098390,-0.054548,-0.993652),fov=55.000000,dt=0.053438},
	{cf=CFrame.new(1.887939,0.845184,105.696815,-0.997410,0.032849,-0.064002,0.036642,0.997584,-0.059021,0.061909,-0.061213,-0.996204),fov=55.000000,dt=0.061602},
	{cf=CFrame.new(2.000732,0.875153,105.554756,-0.998094,0.037071,-0.049347,0.040096,0.997284,-0.061782,0.046922,-0.063643,-0.996870),fov=55.000000,dt=0.021126},
	{cf=CFrame.new(2.097443,0.900818,105.432953,-0.998494,0.040719,-0.036786,0.043023,0.997010,-0.064191,0.034062,-0.065677,-0.997260),fov=55.000000,dt=0.025766},
	{cf=CFrame.new(2.194153,0.926514,105.311211,-0.998721,0.044393,-0.024229,0.045920,0.996720,-0.066638,0.021191,-0.067665,-0.997484),fov=55.000000,dt=0.025215},
	{cf=CFrame.new(2.290833,0.952209,105.189407,-0.998775,0.048093,-0.011678,0.048787,0.996415,-0.069123,0.008312,-0.069608,-0.997541),fov=55.000000,dt=0.026606},
	{cf=CFrame.new(2.403625,0.982178,105.047371,-0.998620,0.052440,0.002955,0.052092,0.996038,-0.072069,-0.006722,-0.071816,-0.997396),fov=55.000000,dt=0.029514},
	{cf=CFrame.new(2.514038,0.922974,104.877022,-0.999192,0.037755,0.013814,0.036630,0.996570,-0.074203,-0.016568,-0.073638,-0.997148),fov=55.000000,dt=0.024794},
	{cf=CFrame.new(1.277985,0.118622,103.032051,-0.965875,0.160411,-0.203361,0.155893,0.987037,0.038148,0.206845,0.005144,-0.978361),fov=55.000000,dt=0.038050},
	{cf=CFrame.new(1.081604,-0.105713,102.542915,-0.972614,0.112198,-0.203556,0.106625,0.993566,0.038177,0.206530,0.015427,-0.978319),fov=55.000000,dt=0.016872},
	{cf=CFrame.new(0.836090,-0.386139,101.931488,-0.977257,-0.057209,-0.204198,-0.066369,0.997060,0.038289,0.201407,0.050971,-0.978181),fov=55.000000,dt=0.023111},
	{cf=CFrame.new(0.639709,-0.610474,101.442368,-0.959714,-0.191673,-0.205457,-0.203598,0.978303,0.038357,0.193647,0.078642,-0.977915),fov=55.000000,dt=0.017121},
	{cf=CFrame.new(0.443329,-0.834808,100.953285,-0.967494,-0.146670,-0.206022,-0.157732,0.986741,0.038245,0.197681,0.069498,-0.977800),fov=55.000000,dt=0.017556},
	{cf=CFrame.new(0.269897,-1.090637,100.374893,-0.974348,-0.088796,-0.206789,-0.098718,0.994384,0.038150,0.202240,0.057585,-0.977642),fov=55.000000,dt=0.017233},
	{cf=CFrame.new(0.367798,-1.214478,100.020523,-0.977359,-0.042216,-0.207338,-0.051187,0.997962,0.038097,0.205307,0.047848,-0.977528),fov=55.000000,dt=0.022952},
	{cf=CFrame.new(0.612549,-1.524109,99.134682,-0.975299,0.032043,-0.218556,0.028837,0.999425,0.017842,0.219002,0.011099,-0.975662),fov=55.000000,dt=0.036754},
	{cf=CFrame.new(0.734894,-1.678955,98.691757,-0.971796,0.018757,-0.235080,0.023223,0.999598,-0.016244,0.234681,-0.021246,-0.971841),fov=55.000000,dt=0.021488},
	{cf=CFrame.new(0.857300,-1.833771,98.248856,-0.967943,0.004944,-0.251123,0.018171,0.998565,-0.050381,0.250513,-0.053329,-0.966644),fov=55.000000,dt=0.021650},
	{cf=CFrame.new(1.004120,-2.019531,97.717339,-0.968545,0.000065,-0.248843,0.011374,0.998966,-0.044009,0.248583,-0.045455,-0.967544),fov=55.000000,dt=0.025380},
	{cf=CFrame.new(1.150970,-2.205322,97.185852,-0.974357,0.006545,-0.224914,0.004265,0.999934,0.010622,0.224969,0.009391,-0.974321),fov=55.000000,dt=0.021082},
	{cf=CFrame.new(1.216125,-2.304382,96.848251,-0.976695,0.019975,-0.213705,0.011416,0.999085,0.041211,0.214332,0.037811,-0.976029),fov=55.000000,dt=0.020481},
	{cf=CFrame.new(1.198303,-2.315491,96.706848,-0.975603,0.041544,-0.215580,0.032059,0.998366,0.047312,0.217193,0.039246,-0.975340),fov=55.000000,dt=0.020429},
	{cf=CFrame.new(1.176086,-2.329407,96.530067,-0.973598,0.068480,-0.217760,0.057813,0.996812,0.054994,0.220832,0.040953,-0.974452),fov=55.000000,dt=0.018379},
	{cf=CFrame.new(1.153839,-2.343323,96.353302,-0.970883,0.095368,-0.219755,0.083491,0.994532,0.062735,0.224536,0.042561,-0.973536),fov=55.000000,dt=0.020110},
	{cf=CFrame.new(1.131592,-2.357239,96.176521,-0.967263,0.123791,-0.221539,0.110720,0.991346,0.070525,0.228352,0.043688,-0.972599),fov=55.000000,dt=0.021384},
	{cf=CFrame.new(1.109375,-2.371155,95.999741,-0.961819,0.158659,-0.223007,0.144545,0.986391,0.078355,0.232404,0.043128,-0.971663),fov=55.000000,dt=0.023353},
	{cf=CFrame.new(1.087128,-2.385071,95.822975,-0.955166,0.193327,-0.224239,0.178151,0.980217,0.086243,0.236476,0.042428,-0.970711),fov=55.000000,dt=0.020773},
	{cf=CFrame.new(1.064880,-2.398956,95.646156,-0.947313,0.227751,-0.225232,0.211493,0.972831,0.094182,0.240563,0.041585,-0.969743),fov=55.000000,dt=0.020284},
	{cf=CFrame.new(0.931427,-2.343506,95.408211,-0.951150,0.220919,-0.215663,0.207499,0.974683,0.083294,0.228605,0.034475,-0.972909),fov=55.000000,dt=0.019430},
	{cf=CFrame.new(0.797546,-2.287750,95.169968,-0.954879,0.213991,-0.205949,0.203219,0.976456,0.072363,0.216585,0.027245,-0.975884),fov=55.000000,dt=0.019543},
	{cf=CFrame.new(0.663666,-2.231995,94.931732,-0.958452,0.207133,-0.196131,0.198803,0.978110,0.061466,0.204570,0.019921,-0.978650),fov=55.000000,dt=0.022056},
	{cf=CFrame.new(0.529785,-2.176239,94.693504,-0.961867,0.200345,-0.186213,0.194251,0.979646,0.050607,0.192562,0.012505,-0.981206),fov=55.000000,dt=0.021976},
	{cf=CFrame.new(0.395874,-2.120483,94.455292,-0.964594,0.192913,-0.179846,0.189541,0.981216,0.035914,0.183396,0.000555,-0.983040),fov=55.000000,dt=0.019736},
	{cf=CFrame.new(0.288757,-2.075897,94.264702,-0.964956,0.184545,-0.186559,0.185693,0.982541,0.011456,0.185416,-0.023589,-0.982378),fov=55.000000,dt=0.018583},
	{cf=CFrame.new(0.128113,-2.009003,93.978836,-0.965399,0.171714,-0.196266,0.180045,0.983333,-0.025285,0.188653,-0.059747,-0.980225),fov=55.000000,dt=0.021991},
	{cf=CFrame.new(0.020996,-1.964417,93.788269,-0.965627,0.162983,-0.202491,0.176367,0.983064,-0.049791,0.190946,-0.083792,-0.978018),fov=55.000000,dt=0.017211},
	{cf=CFrame.new(-0.035492,-1.927826,93.670052,-0.968711,0.135224,-0.208123,0.150802,0.986691,-0.060827,0.197128,-0.090309,-0.976210),fov=55.000000,dt=0.018200},
	{cf=CFrame.new(-0.074707,-1.894012,93.576569,-0.971740,0.100853,-0.213430,0.117638,0.990765,-0.067431,0.204658,-0.090632,-0.974629),fov=55.000000,dt=0.016487},
	{cf=CFrame.new(-0.113892,-1.860199,93.483093,-0.973568,0.066368,-0.218543,0.084400,0.993663,-0.074226,0.212232,-0.090709,-0.973001),fov=55.000000,dt=0.016007},
	{cf=CFrame.new(-0.153046,-1.826385,93.389618,-0.974196,0.031810,-0.223453,0.051129,0.995385,-0.081207,0.219839,-0.090536,-0.971327),fov=55.000000,dt=0.016032},
	{cf=CFrame.new(-0.192230,-1.792542,93.296143,-0.972388,0.019397,-0.232566,0.038198,0.996329,-0.076612,0.230226,-0.083380,-0.969559),fov=55.000000,dt=0.016293},
	{cf=CFrame.new(-0.221619,-1.767181,93.226006,-0.970515,0.015833,-0.240522,0.033663,0.996965,-0.070203,0.238680,-0.076230,-0.968102),fov=55.000000,dt=0.019447},
	{cf=CFrame.new(-0.309784,-1.691101,93.015694,-0.964387,0.005500,-0.264440,0.019735,0.998493,-0.051204,0.263760,-0.054599,-0.963043),fov=55.000000,dt=0.032540},
	{cf=CFrame.new(-0.348938,-1.657257,92.922226,-0.961419,0.001083,-0.275089,0.013393,0.998991,-0.042873,0.274765,-0.044903,-0.960463),fov=55.000000,dt=0.017072},
	{cf=CFrame.new(-0.388123,-1.623444,92.828781,-0.958301,-0.003224,-0.285745,0.006959,0.999376,-0.034615,0.285679,-0.035160,-0.957681),fov=55.000000,dt=0.015747},
	{cf=CFrame.new(-0.394897,-1.611389,92.742493,-0.957490,-0.007681,-0.288365,0.005304,0.999008,-0.044222,0.288418,-0.043872,-0.956500),fov=55.000000,dt=0.015648},
	{cf=CFrame.new(-0.391663,-1.607941,92.679626,-0.957497,-0.011079,-0.288234,0.005303,0.998417,-0.055993,0.288398,-0.055142,-0.955922),fov=55.000000,dt=0.015378},
	{cf=CFrame.new(-0.387360,-1.603302,92.595856,-0.957502,-0.015607,-0.288007,0.005301,0.997414,-0.071674,0.288381,-0.070155,-0.954943),fov=55.000000,dt=0.015149},
	{cf=CFrame.new(-0.383057,-1.598694,92.512032,-0.957504,-0.020131,-0.287720,0.005300,0.996165,-0.087338,0.288375,-0.085151,-0.953725),fov=55.000000,dt=0.015761},
	{cf=CFrame.new(-0.378754,-1.594086,92.428215,-0.957502,-0.024651,-0.287374,0.005300,0.994669,-0.102980,0.288381,-0.100126,-0.952267),fov=55.000000,dt=0.015894},
	{cf=CFrame.new(-0.374420,-1.589447,92.344429,-0.957497,-0.029164,-0.286969,0.005300,0.992928,-0.118596,0.288398,-0.115076,-0.950571),fov=55.000000,dt=0.017312},
	{cf=CFrame.new(-0.370148,-1.584839,92.260628,-0.957488,-0.033672,-0.286504,0.005302,0.990942,-0.134183,0.288427,-0.129998,-0.948637),fov=55.000000,dt=0.015393},
	{cf=CFrame.new(-0.366913,-1.581390,92.197792,-0.956761,-0.033100,-0.288990,0.007129,0.990538,-0.137053,0.290792,-0.133187,-0.947472),fov=55.000000,dt=0.015464},
	{cf=CFrame.new(-0.362610,-1.576752,92.113968,-0.953693,-0.021364,-0.300025,0.014444,0.993070,-0.116629,0.300438,-0.115562,-0.946775),fov=55.000000,dt=0.016087},
	{cf=CFrame.new(-0.358307,-1.572144,92.030167,-0.950426,-0.009431,-0.310809,0.021550,0.995139,-0.096094,0.310205,-0.098028,-0.945603),fov=55.000000,dt=0.016209},
	{cf=CFrame.new(-0.354004,-1.567535,91.946381,-0.946962,0.002696,-0.321337,0.028443,0.996743,-0.075457,0.320087,-0.080595,-0.943954),fov=55.000000,dt=0.015473},
	{cf=CFrame.new(-0.349701,-1.562927,91.862564,-0.943301,0.015008,-0.331602,0.035117,0.997883,-0.054732,0.330079,-0.063273,-0.941831),fov=55.000000,dt=0.017120},
	{cf=CFrame.new(-0.345367,-1.558289,91.778770,-0.939444,0.027500,-0.341598,0.041567,0.998559,-0.033929,0.340173,-0.046074,-0.939234),fov=55.000000,dt=0.015802},
	{cf=CFrame.new(-0.342133,-1.554840,91.715889,-0.936425,0.036983,-0.348916,0.046257,0.998762,-0.018282,0.347809,-0.033260,-0.936976),fov=55.000000,dt=0.014755},
	{cf=CFrame.new(-0.336792,-1.549072,91.611153,-0.931151,0.052996,-0.360764,0.053783,0.998522,0.007864,0.360647,-0.012081,-0.932625),fov=55.000000,dt=0.018771},
	{cf=CFrame.new(-0.332458,-1.544434,91.527351,-0.926718,0.065985,-0.369921,0.059539,0.997810,0.028828,0.371013,0.004690,-0.928617),fov=55.000000,dt=0.015359},
	{cf=CFrame.new(-0.329224,-1.540985,91.464478,-0.923268,0.075827,-0.376600,0.063700,0.996973,0.044573,0.378839,0.017163,-0.925304),fov=55.000000,dt=0.016086},
	{cf=CFrame.new(-0.324921,-1.536377,91.380676,-0.918506,0.089078,-0.385245,0.069034,0.995456,0.065582,0.389337,0.033642,-0.920482),fov=55.000000,dt=0.016932},
	{cf=CFrame.new(-0.320618,-1.531738,91.296890,-0.913557,0.102468,-0.393592,0.074122,0.993482,0.086601,0.399901,0.049941,-0.915198),fov=55.000000,dt=0.016525},
	{cf=CFrame.new(-0.326080,-1.533997,91.123772,-0.913198,0.083825,-0.398804,0.061901,0.995793,0.067563,0.402790,0.037012,-0.914544),fov=55.000000,dt=0.017227},
	{cf=CFrame.new(-0.331604,-1.536285,90.950211,-0.912599,0.064940,-0.403667,0.049646,0.997601,0.048252,0.405831,0.023994,-0.913634),fov=55.000000,dt=0.016104},
	{cf=CFrame.new(-0.337067,-1.538605,90.776672,-0.911739,0.045980,-0.408189,0.037449,0.998881,0.028870,0.409060,0.011036,-0.912441),fov=55.000000,dt=0.017273},
	{cf=CFrame.new(-0.342590,-1.540894,90.603134,-0.910618,0.026953,-0.412371,0.025318,0.999635,0.009428,0.412475,-0.001855,-0.910968),fov=55.000000,dt=0.016008},
	{cf=CFrame.new(-0.348083,-1.543182,90.429588,-0.909235,0.007868,-0.416210,0.013260,0.999861,-0.010065,0.416073,-0.014670,-0.909213),fov=55.000000,dt=0.017269},
	{cf=CFrame.new(-0.354950,-1.546051,90.212624,-0.907141,-0.016054,-0.420523,-0.001700,0.999404,-0.034488,0.420826,-0.030570,-0.906627),fov=55.000000,dt=0.017635},
	{cf=CFrame.new(-0.359070,-1.547760,90.082443,-0.905689,-0.030436,-0.422850,-0.010608,0.998734,-0.049164,0.423811,-0.040042,-0.904866),fov=55.000000,dt=0.015684},
	{cf=CFrame.new(-0.364594,-1.550049,89.908905,-0.903527,-0.049633,-0.425648,-0.022402,0.997382,-0.068749,0.427946,-0.052581,-0.902274),fov=55.000000,dt=0.016377},
	{cf=CFrame.new(-0.371460,-1.552917,89.691956,-0.900463,-0.073656,-0.428653,-0.036997,0.994956,-0.093244,0.433359,-0.068104,-0.898645),fov=55.000000,dt=0.020143},
	{cf=CFrame.new(-0.378357,-1.555786,89.475014,-0.896997,-0.097687,-0.431108,-0.051417,0.991713,-0.117736,0.439037,-0.083443,-0.894587),fov=55.000000,dt=0.020916},
	{cf=CFrame.new(-0.372742,-1.542572,89.298599,-0.905505,-0.114975,-0.408463,-0.060941,0.987850,-0.142966,0.419938,-0.104564,-0.901510),fov=55.000000,dt=0.020350},
	{cf=CFrame.new(-0.358704,-1.518524,89.149673,-0.920997,-0.126871,-0.368333,-0.068077,0.983350,-0.168487,0.383577,-0.130101,-0.914300),fov=55.000000,dt=0.020325},
	{cf=CFrame.new(-0.344666,-1.494476,89.000740,-0.934815,-0.137702,-0.327353,-0.076255,0.978097,-0.193681,0.346853,-0.156094,-0.924840),fov=55.000000,dt=0.020525},
	{cf=CFrame.new(-0.330597,-1.470398,88.851791,-0.946934,-0.147440,-0.285620,-0.085457,0.972092,-0.218484,0.309862,-0.182481,-0.933106),fov=55.000000,dt=0.020227},
	{cf=CFrame.new(-0.316528,-1.446350,88.702888,-0.957332,-0.156057,-0.243236,-0.095664,0.965340,-0.242832,0.272701,-0.209201,-0.939079),fov=55.000000,dt=0.020898},
	{cf=CFrame.new(-0.305298,-1.427094,88.583717,-0.964399,-0.162126,-0.208929,-0.104540,0.959405,-0.261941,0.242915,-0.230774,-0.942198),fov=55.000000,dt=0.018291},
	{cf=CFrame.new(-0.294067,-1.407837,88.464600,-0.970347,-0.167451,-0.174322,-0.114033,0.953001,-0.280687,0.213130,-0.252486,-0.943837),fov=55.000000,dt=0.016727},
	{cf=CFrame.new(-0.280029,-1.383789,88.315643,-0.976201,-0.173045,-0.130719,-0.126748,0.944342,-0.303566,0.175974,-0.279773,-0.943802),fov=55.000000,dt=0.020645},
	{cf=CFrame.new(-0.265991,-1.359711,88.166702,-0.980294,-0.177441,-0.086834,-0.140380,0.934969,-0.325771,0.138993,-0.307162,-0.941453),fov=55.000000,dt=0.022384},
	{cf=CFrame.new(-0.249115,-1.330841,87.987991,-0.982876,-0.181116,-0.033950,-0.157905,0.922795,-0.351447,0.094981,-0.340068,-0.935593),fov=55.000000,dt=0.022913},
	{cf=CFrame.new(-0.168884,-1.326752,87.838730,-0.987749,-0.155423,-0.014009,-0.140672,0.925658,-0.351239,0.067558,-0.344965,-0.936182),fov=55.000000,dt=0.019938},
	{cf=CFrame.new(-0.013428,-1.328369,87.599724,-0.994680,-0.102676,0.008405,-0.099315,0.934032,-0.343103,0.027378,-0.342113,-0.939261),fov=55.000000,dt=0.035013},
	{cf=CFrame.new(0.180847,-1.330414,87.300995,-0.998645,-0.036533,0.037064,-0.046848,0.941231,-0.334498,-0.022666,-0.335782,-0.941668),fov=55.000000,dt=0.042816},
	{cf=CFrame.new(0.336273,-1.332031,87.062035,-0.998042,0.016335,0.060393,-0.004446,0.944354,-0.328900,-0.062405,-0.328524,-0.942432),fov=55.000000,dt=0.032158},
	{cf=CFrame.new(0.511169,-1.333862,86.793152,-0.993347,0.075532,0.086936,0.043504,0.945058,-0.323996,-0.106632,-0.318059,-0.942056),fov=55.000000,dt=0.039569},
	{cf=CFrame.new(0.627747,-1.335083,86.613914,-0.987862,0.114712,0.104742,0.075510,0.943874,-0.321560,-0.135750,-0.309748,-0.941079),fov=55.000000,dt=0.020413},
	{cf=CFrame.new(0.705444,-1.335876,86.494423,-0.983163,0.140665,0.116638,0.096825,0.942351,-0.320310,-0.154971,-0.303624,-0.940105),fov=55.000000,dt=0.019136},
	{cf=CFrame.new(0.752380,-1.358917,86.335724,-0.979962,0.150832,0.130097,0.107155,0.949778,-0.294007,-0.167909,-0.274175,-0.946908),fov=55.000000,dt=0.024019},
	{cf=CFrame.new(0.736694,-1.388947,86.243790,-0.981065,0.138159,0.135735,0.099402,0.960653,-0.259354,-0.166226,-0.240951,-0.956197),fov=55.000000,dt=0.017587},
	{cf=CFrame.new(0.721008,-1.419006,86.151848,-0.982058,0.125295,0.140945,0.091586,0.970200,-0.224328,-0.164852,-0.207394,-0.964268),fov=55.000000,dt=0.018959},
	{cf=CFrame.new(0.693542,-1.471619,85.990913,-0.983522,0.102369,0.149017,0.077797,0.983673,-0.162278,-0.163196,-0.148011,-0.975429),fov=55.000000,dt=0.025977},
	{cf=CFrame.new(0.677795,-1.501648,85.899010,-0.984202,0.089060,0.153020,0.069876,0.989505,-0.126476,-0.162679,-0.113786,-0.980097),fov=55.000000,dt=0.016229},
	{cf=CFrame.new(0.637360,-1.550964,85.642731,-0.988414,0.050443,0.143157,0.044065,0.997904,-0.047382,-0.145247,-0.040525,-0.988566),fov=55.000000,dt=0.015923},
	{cf=CFrame.new(0.588074,-1.602692,85.324875,-0.992538,0.003572,0.121886,0.009078,0.998962,0.044645,-0.121600,0.045418,-0.991540),fov=55.000000,dt=0.015745},
	{cf=CFrame.new(0.522400,-1.671631,84.901123,-0.994630,-0.055675,0.087253,-0.040648,0.985389,0.165400,-0.095187,0.160965,-0.982360),fov=55.000000,dt=0.018260},
	{cf=CFrame.new(0.453369,-1.684540,84.440277,-0.994555,-0.085259,0.059939,-0.068324,0.967677,0.242761,-0.078700,0.237344,-0.968233),fov=55.000000,dt=0.016634},
	{cf=CFrame.new(0.414124,-1.605530,84.155571,-0.995973,-0.060656,0.066035,-0.044749,0.974440,0.220148,-0.077700,0.216306,-0.973230),fov=55.000000,dt=0.017858},
	{cf=CFrame.new(0.374908,-1.526489,83.870888,-0.996791,-0.035878,0.071570,-0.021112,0.980115,0.197302,-0.077226,0.195158,-0.977727),fov=55.000000,dt=0.015997},
	{cf=CFrame.new(0.335693,-1.447479,83.586159,-0.997007,-0.010952,0.076541,0.002560,0.984699,0.174247,-0.077278,0.173922,-0.981723),fov=55.000000,dt=0.018554},
	{cf=CFrame.new(0.296448,-1.368469,83.301445,-0.996620,0.014095,0.080941,0.026240,0.988184,0.151011,-0.077856,0.152624,-0.985214),fov=55.000000,dt=0.016906},
	{cf=CFrame.new(0.247406,-1.269714,82.945526,-0.995287,0.045534,0.085632,0.055812,0.990991,0.121745,-0.079317,0.125950,-0.988861),fov=55.000000,dt=0.022316},
	{cf=CFrame.new(0.105164,-1.264435,82.831863,-0.996550,0.059437,0.057943,0.065143,0.992633,0.102154,-0.051444,0.105576,-0.993080),fov=55.000000,dt=0.019833},
	{cf=CFrame.new(-0.094086,-1.286835,82.769821,-0.997446,0.069918,0.014673,0.070889,0.994122,0.081830,-0.008865,0.082662,-0.996539),fov=55.000000,dt=0.025003},
	{cf=CFrame.new(-0.260132,-1.305481,82.718102,-0.996728,0.077904,-0.021571,0.076357,0.994954,0.065089,0.026533,0.063229,-0.997647),fov=55.000000,dt=0.019237},
	{cf=CFrame.new(-0.426178,-1.324127,82.666389,-0.994680,0.085196,-0.057919,0.082432,0.995413,0.048554,0.061790,0.043522,-0.997140),fov=55.000000,dt=0.022666},
	{cf=CFrame.new(-0.824707,-1.368896,82.542282,-0.984355,0.099799,-0.145216,0.099418,0.994997,0.009892,0.145476,-0.004699,-0.989351),fov=55.000000,dt=0.049049},
	{cf=CFrame.new(-1.156799,-1.406219,82.438881,-0.969969,0.108771,-0.217557,0.116068,0.993019,-0.021008,0.213753,-0.045628,-0.975822),fov=55.000000,dt=0.038994},
	{cf=CFrame.new(-1.389282,-1.432343,82.366470,-0.956818,0.113291,-0.267703,0.129006,0.990762,-0.041801,0.260495,-0.074532,-0.962595),fov=55.000000,dt=0.029664},
	{cf=CFrame.new(-1.468994,-1.431854,82.308914,-0.949744,0.114405,-0.291374,0.134657,0.989612,-0.050360,0.282586,-0.087065,-0.955283),fov=55.000000,dt=0.021399},
	{cf=CFrame.new(-1.417145,-1.402191,82.242424,-0.948125,0.113439,-0.296973,0.134051,0.989716,-0.049922,0.288256,-0.087142,-0.953581),fov=55.000000,dt=0.019874},
	{cf=CFrame.new(-1.375671,-1.378448,82.189240,-0.946805,0.112666,-0.301444,0.133565,0.989799,-0.049575,0.292784,-0.087200,-0.952195),fov=55.000000,dt=0.015673},
	{cf=CFrame.new(-1.344574,-1.360657,82.149338,-0.945801,0.112086,-0.304793,0.133200,0.989861,-0.049316,0.296176,-0.087242,-0.951142),fov=55.000000,dt=0.015325},
	{cf=CFrame.new(-1.303131,-1.336914,82.096184,-0.944443,0.111313,-0.309253,0.132712,0.989944,-0.048973,0.300692,-0.087294,-0.949719),fov=55.000000,dt=0.015532},
	{cf=CFrame.new(-1.261688,-1.313171,82.042992,-0.943064,0.110541,-0.313707,0.132224,0.990026,-0.048633,0.305202,-0.087343,-0.948274),fov=55.000000,dt=0.016360},
	{cf=CFrame.new(-1.220215,-1.289459,81.989807,-0.941663,0.109769,-0.318154,0.131734,0.990108,-0.048295,0.309705,-0.087389,-0.946809),fov=55.000000,dt=0.016787},
	{cf=CFrame.new(-1.178772,-1.265717,81.936638,-0.940241,0.108998,-0.322594,0.131243,0.990189,-0.047960,0.314202,-0.087432,-0.945322),fov=55.000000,dt=0.016714},
	{cf=CFrame.new(-1.137299,-1.241974,81.883438,-0.938798,0.108226,-0.327028,0.130751,0.990271,-0.047627,0.318691,-0.087471,-0.943815),fov=55.000000,dt=0.017892},
	{cf=CFrame.new(-1.095825,-1.218262,81.830276,-0.937333,0.107455,-0.331454,0.130258,0.990351,-0.047296,0.323174,-0.087507,-0.942286),fov=55.000000,dt=0.018188},
	{cf=CFrame.new(-1.033630,-1.182648,81.750504,-0.935095,0.106299,-0.338081,0.129517,0.990472,-0.046806,0.329884,-0.087555,-0.939953),fov=55.000000,dt=0.022999},
	{cf=CFrame.new(-0.992218,-1.158905,81.697319,-0.933577,0.105529,-0.342490,0.129022,0.990552,-0.046481,0.334348,-0.087583,-0.938372),fov=55.000000,dt=0.017902},
	{cf=CFrame.new(-0.940369,-1.129242,81.630844,-0.931649,0.104567,-0.347990,0.128401,0.990651,-0.046080,0.339919,-0.087613,-0.936366),fov=55.000000,dt=0.020165},
	{cf=CFrame.new(-0.888550,-1.099579,81.564362,-0.929688,0.103606,-0.353480,0.127780,0.990750,-0.045682,0.345477,-0.087638,-0.934327),fov=55.000000,dt=0.021543},
	{cf=CFrame.new(-0.878174,-1.060822,81.485832,-0.928884,0.104646,-0.355282,0.129164,0.990559,-0.045937,0.347120,-0.088560,-0.933630),fov=55.000000,dt=0.020476},
	{cf=CFrame.new(-0.895905,-1.015930,81.399185,-0.928873,0.107042,-0.354596,0.131907,0.990165,-0.046633,0.346116,-0.090090,-0.933857),fov=55.000000,dt=0.020138},
	{cf=CFrame.new(-0.913574,-0.971039,81.312538,-0.928855,0.109438,-0.353912,0.134648,0.989762,-0.047331,0.345109,-0.091617,-0.934081),fov=55.000000,dt=0.019985},
	{cf=CFrame.new(-0.931305,-0.926117,81.225891,-0.928829,0.111835,-0.353229,0.137388,0.989352,-0.048031,0.344097,-0.093142,-0.934304),fov=55.000000,dt=0.019964},
	{cf=CFrame.new(-0.948975,-0.881226,81.139214,-0.928796,0.114232,-0.352549,0.140126,0.988934,-0.048733,0.343081,-0.094664,-0.934524),fov=55.000000,dt=0.020810},
	{cf=CFrame.new(-0.966705,-0.836334,81.052559,-0.928755,0.116629,-0.351871,0.142862,0.988507,-0.049437,0.342061,-0.096184,-0.934743),fov=55.000000,dt=0.020226},
	{cf=CFrame.new(-0.980835,-0.800415,80.983261,-0.928717,0.118547,-0.351330,0.145050,0.988160,-0.050002,0.341242,-0.097398,-0.934916),fov=55.000000,dt=0.019462},
	{cf=CFrame.new(-0.998535,-0.755524,80.896591,-0.928663,0.120945,-0.350655,0.147784,0.987719,-0.050709,0.340215,-0.098913,-0.935132),fov=55.000000,dt=0.018923},
	{cf=CFrame.new(-1.016266,-0.710602,80.809937,-0.929022,0.121066,-0.349659,0.148086,0.987633,-0.051496,0.339100,-0.099621,-0.935461),fov=55.000000,dt=0.019782},
	{cf=CFrame.new(-1.033936,-0.665710,80.723267,-0.930011,0.117719,-0.348170,0.144687,0.988089,-0.052399,0.337855,-0.099107,-0.935966),fov=55.000000,dt=0.022088},
	{cf=CFrame.new(-1.051666,-0.620819,80.636612,-0.930986,0.114370,-0.346678,0.141286,0.988533,-0.053295,0.336607,-0.098598,-0.936470),fov=55.000000,dt=0.023273},
	{cf=CFrame.new(-1.069366,-0.575928,80.549950,-0.931947,0.111018,-0.345183,0.137881,0.988965,-0.054187,0.335358,-0.098093,-0.936971),fov=55.000000,dt=0.018536},
	{cf=CFrame.new(-1.083527,-0.540009,80.480652,-0.932705,0.108335,-0.343984,0.135155,0.989303,-0.054896,0.334357,-0.097693,-0.937370),fov=55.000000,dt=0.018040},
	{cf=CFrame.new(-1.101227,-0.495087,80.393982,-0.933641,0.104979,-0.342483,0.131745,0.989713,-0.055779,0.333104,-0.097198,-0.937867),fov=55.000000,dt=0.023809},
	{cf=CFrame.new(-1.118958,-0.450195,80.307327,-0.934563,0.101621,-0.340979,0.128332,0.990112,-0.056655,0.331849,-0.096706,-0.938363),fov=55.000000,dt=0.017285},
	{cf=CFrame.new(-1.133118,-0.414276,80.237991,-0.935291,0.098932,-0.339773,0.125599,0.990422,-0.057353,0.330844,-0.096317,-0.938758),fov=55.000000,dt=0.015235},
	{cf=CFrame.new(-1.143402,-0.390167,80.185623,-0.935655,0.096123,-0.339575,0.122474,0.990834,-0.056987,0.330985,-0.094909,-0.938852),fov=55.000000,dt=0.016268},
	{cf=CFrame.new(-1.156921,-0.359924,80.115547,-0.936004,0.091837,-0.339800,0.117573,0.991490,-0.055893,0.331775,-0.092267,-0.938836),fov=55.000000,dt=0.015445},
	{cf=CFrame.new(-1.170441,-0.329712,80.045448,-0.936331,0.087550,-0.340031,0.112667,0.992120,-0.054800,0.332554,-0.089622,-0.938817),fov=55.000000,dt=0.014668},
	{cf=CFrame.new(-1.180573,-0.307037,79.992867,-0.936562,0.084333,-0.340208,0.108986,0.992576,-0.053981,0.333130,-0.087635,-0.938800),fov=55.000000,dt=0.014983},
	{cf=CFrame.new(-1.194092,-0.276794,79.922775,-0.936850,0.080043,-0.340449,0.104075,0.993162,-0.052891,0.333888,-0.084983,-0.938775),fov=55.000000,dt=0.015504},
	{cf=CFrame.new(-1.207611,-0.246582,79.852715,-0.937117,0.075753,-0.340697,0.099161,0.993722,-0.051801,0.334634,-0.082328,-0.938746),fov=55.000000,dt=0.015797},
	{cf=CFrame.new(-1.221130,-0.216339,79.782616,-0.937362,0.071461,-0.340951,0.094244,0.994257,-0.050713,0.335369,-0.079669,-0.938713),fov=55.000000,dt=0.015232},
	{cf=CFrame.new(-1.234619,-0.186127,79.712532,-0.937585,0.067168,-0.341211,0.089324,0.994766,-0.049626,0.336091,-0.077007,-0.938677),fov=55.000000,dt=0.019196},
	{cf=CFrame.new(-1.261658,-0.125671,79.572342,-0.937965,0.058580,-0.341748,0.079477,0.995706,-0.047456,0.337501,-0.071673,-0.938593),fov=55.000000,dt=0.033925},
	{cf=CFrame.new(-1.275208,-0.095428,79.502281,-0.938122,0.054285,-0.342026,0.074549,0.996139,-0.046373,0.338188,-0.069001,-0.938546),fov=55.000000,dt=0.015715},
	{cf=CFrame.new(-1.288727,-0.065216,79.432182,-0.938257,0.049990,-0.342310,0.069619,0.996545,-0.045291,0.338864,-0.066326,-0.938495),fov=55.000000,dt=0.015056},
	{cf=CFrame.new(-1.298828,-0.042542,79.379585,-0.938344,0.046768,-0.342527,0.065920,0.996833,-0.044481,0.339362,-0.064318,-0.938455),fov=55.000000,dt=0.015623},
	{cf=CFrame.new(-1.312378,-0.012299,79.309509,-0.938441,0.042472,-0.342822,0.060986,0.997195,-0.043402,0.340017,-0.061637,-0.938398),fov=55.000000,dt=0.017043},
	{cf=CFrame.new(-1.245422,-0.018463,79.259544,-0.936778,0.047086,-0.346745,0.066946,0.996718,-0.045516,0.343464,-0.065851,-0.936855),fov=55.000000,dt=0.016257},
	{cf=CFrame.new(-1.178131,-0.024750,79.209641,-0.935064,0.051716,-0.350689,0.072955,0.996198,-0.047617,0.346893,-0.070109,-0.935282),fov=55.000000,dt=0.019167},
	{cf=CFrame.new(-1.043549,-0.037354,79.109879,-0.931505,0.060913,-0.358593,0.084986,0.995038,-0.051740,0.353663,-0.078672,-0.932060),fov=55.000000,dt=0.027901},
	{cf=CFrame.new(-0.976288,-0.043640,79.059982,-0.929660,0.065480,-0.362554,0.091006,0.994398,-0.053762,0.357003,-0.082976,-0.930411),fov=55.000000,dt=0.016778},
	{cf=CFrame.new(-0.908966,-0.049927,79.010094,-0.927772,0.070025,-0.366520,0.097030,0.993718,-0.055758,0.360314,-0.087294,-0.928738),fov=55.000000,dt=0.015989},
	{cf=CFrame.new(-0.925293,-0.064575,78.949051,-0.922281,0.062904,-0.381368,0.089039,0.994708,-0.051258,0.376126,-0.081231,-0.923002),fov=55.000000,dt=0.016348},
	{cf=CFrame.new(-0.937836,-0.075623,78.903214,-0.917948,0.057594,-0.392499,0.082956,0.995399,-0.047951,0.387931,-0.076577,-0.918503),fov=55.000000,dt=0.015635},
	{cf=CFrame.new(-0.954498,-0.090302,78.842117,-0.911901,0.050608,-0.407279,0.074789,0.996243,-0.043660,0.403539,-0.070274,-0.912260),fov=55.000000,dt=0.015225},
	{cf=CFrame.new(-0.971191,-0.105011,78.781029,-0.905547,0.043731,-0.421988,0.066558,0.997000,-0.039507,0.418994,-0.063863,-0.905741),fov=55.000000,dt=0.016528},
	{cf=CFrame.new(-0.987915,-0.119690,78.719948,-0.898888,0.036966,-0.436618,0.058268,0.997670,-0.035493,0.434288,-0.057345,-0.898947),fov=55.000000,dt=0.017967},
	{cf=CFrame.new(-1.004578,-0.134399,78.658859,-0.891927,0.030313,-0.451164,0.049921,0.998253,-0.031619,0.449418,-0.050724,-0.891881),fov=55.000000,dt=0.014871},
	{cf=CFrame.new(-1.021271,-0.149109,78.597794,-0.884665,0.023777,-0.465622,0.041520,0.998748,-0.027886,0.464376,-0.044002,-0.884545),fov=55.000000,dt=0.014818},
	{cf=CFrame.new(-1.033752,-0.160126,78.551971,-0.879023,0.018951,-0.476405,0.035186,0.999064,-0.025179,0.475481,-0.038895,-0.878866),fov=55.000000,dt=0.015477},
	{cf=CFrame.new(-1.050446,-0.174805,78.490875,-0.871241,0.012622,-0.490694,0.026698,0.999408,-0.021695,0.490130,-0.032003,-0.871063),fov=55.000000,dt=0.016648},
	{cf=CFrame.new(-1.067139,-0.189514,78.429787,-0.863167,0.006415,-0.504879,0.018166,0.999666,-0.018356,0.504593,-0.025016,-0.862996),fov=55.000000,dt=0.014846},
	{cf=CFrame.new(-1.083801,-0.204224,78.368690,-0.854802,0.000331,-0.518955,0.009592,0.999839,-0.015161,0.518866,-0.017937,-0.854668),fov=55.000000,dt=0.019442},
	{cf=CFrame.new(-1.122772,-0.247162,78.318726,-0.842076,-0.021831,-0.538918,-0.004589,0.999434,-0.033315,0.539340,-0.025581,-0.841700),fov=55.000000,dt=0.016542},
	{cf=CFrame.new(-1.199707,-0.336761,78.270424,-0.819058,-0.070662,-0.569344,-0.027919,0.996119,-0.083465,0.573033,-0.052467,-0.817852),fov=55.000000,dt=0.018670},
	{cf=CFrame.new(-1.276642,-0.426361,78.222076,-0.793481,-0.120127,-0.596623,-0.049027,0.989757,-0.134079,0.606619,-0.077139,-0.791243),fov=55.000000,dt=0.020671},
	{cf=CFrame.new(-1.389435,-0.388885,77.643204,-0.799934,-0.094899,-0.592537,-0.012145,0.989775,-0.142123,0.599966,-0.106492,-0.792907),fov=55.000000,dt=0.021246},
	{cf=CFrame.new(-1.502319,-0.350983,77.062531,-0.805417,-0.069171,-0.588660,0.024902,0.988341,-0.150207,0.592187,-0.135638,-0.794304),fov=55.000000,dt=0.019992},
	{cf=CFrame.new(-1.592651,-0.320679,76.598000,-0.809016,-0.048444,-0.585788,0.054482,0.986127,-0.156794,0.585258,-0.158764,-0.795153),fov=55.000000,dt=0.019420},
	{cf=CFrame.new(-1.728119,-0.275208,75.901207,-0.813098,-0.017167,-0.581875,0.098689,0.981031,-0.166849,0.573701,-0.193090,-0.795980),fov=55.000000,dt=0.023170},
	{cf=CFrame.new(-1.711884,-0.292358,75.746460,-0.798333,-0.016195,-0.601999,0.093072,0.984310,-0.149907,0.594982,-0.175705,-0.784300),fov=55.000000,dt=0.018939},
	{cf=CFrame.new(-1.691071,-0.314026,75.554565,-0.779067,-0.014476,-0.626775,0.085284,0.987993,-0.128825,0.621114,-0.153818,-0.768478),fov=55.000000,dt=0.019881},
	{cf=CFrame.new(-1.670258,-0.335724,75.362679,-0.759019,-0.012085,-0.650957,0.076858,0.991174,-0.108018,0.646517,-0.132019,-0.751391),fov=55.000000,dt=0.019905},
	{cf=CFrame.new(-1.649414,-0.357422,75.170822,-0.738213,-0.009028,-0.674508,0.067808,0.993853,-0.087515,0.671152,-0.110342,-0.733063),fov=55.000000,dt=0.020080},
	{cf=CFrame.new(-1.628601,-0.379089,74.978981,-0.716676,-0.005311,-0.697387,0.058151,0.996034,-0.067346,0.694979,-0.088819,-0.713524),fov=55.000000,dt=0.019438},
	{cf=CFrame.new(-1.611938,-0.396454,74.825485,-0.698934,-0.001869,-0.715184,0.049998,0.997422,-0.051468,0.713437,-0.071731,-0.697039),fov=55.000000,dt=0.019316},
	{cf=CFrame.new(-1.595306,-0.413788,74.671989,-0.680754,0.001986,-0.732510,0.041475,0.998497,-0.035837,0.731338,-0.054777,-0.679813),fov=55.000000,dt=0.016973},
	{cf=CFrame.new(-1.574432,-0.435486,74.480148,-0.657434,0.007378,-0.753476,0.030314,0.999402,-0.016665,0.752903,-0.033797,-0.657265),fov=55.000000,dt=0.020214},
	{cf=CFrame.new(-1.553650,-0.457184,74.288277,-0.633481,0.013396,-0.773643,0.018608,0.999825,0.002075,0.773536,-0.013081,-0.633619),fov=55.000000,dt=0.021256},
	{cf=CFrame.new(-1.532806,-0.478851,74.096451,-0.608922,0.020029,-0.792978,0.006374,0.999772,0.020357,0.793206,0.007341,-0.608911),fov=55.000000,dt=0.018907},
	{cf=CFrame.new(-1.516144,-0.496216,73.942955,-0.588859,0.025771,-0.807825,-0.003779,0.999393,0.034636,0.808228,0.023448,-0.588404),fov=55.000000,dt=0.018307},
	{cf=CFrame.new(-1.484283,-0.497009,73.843430,-0.578866,0.022944,-0.815101,-0.006625,0.999439,0.032838,0.815397,0.024409,-0.578389),fov=55.000000,dt=0.021358},
	{cf=CFrame.new(-1.449524,-0.492462,73.767502,-0.572765,0.017462,-0.819534,-0.006846,0.999636,0.026085,0.819692,0.020551,-0.572437),fov=55.000000,dt=0.018559},
	{cf=CFrame.new(-1.428711,-0.489746,73.721947,-0.569085,0.014162,-0.822157,-0.006955,0.999733,0.022035,0.822250,0.018258,-0.568835),fov=55.000000,dt=0.014785},
	{cf=CFrame.new(-1.400909,-0.486115,73.661217,-0.564158,0.009750,-0.825610,-0.007071,0.999837,0.016639,0.825638,0.015225,-0.563996),fov=55.000000,dt=0.016466},
	{cf=CFrame.new(-1.373138,-0.482452,73.600479,-0.559206,0.005323,-0.829013,-0.007155,0.999911,0.011247,0.828999,0.012221,-0.559118),fov=55.000000,dt=0.016636},
	{cf=CFrame.new(-1.345367,-0.478821,73.539719,-0.554229,0.000884,-0.832364,-0.007207,0.999957,0.005860,0.832334,0.009247,-0.554199),fov=55.000000,dt=0.017406},
	{cf=CFrame.new(-1.310638,-0.474274,73.463806,-0.547975,-0.004685,-0.836482,-0.007227,0.999974,-0.000866,0.836464,0.005570,-0.547994),fov=55.000000,dt=0.017388},
	{cf=CFrame.new(-1.289795,-0.471558,73.418266,-0.544204,-0.008036,-0.838915,-0.007214,0.999962,-0.004898,0.838923,0.003386,-0.544242),fov=55.000000,dt=0.016037},
	{cf=CFrame.new(-1.262024,-0.467926,73.357529,-0.539156,-0.012515,-0.842113,-0.007170,0.999922,-0.010269,0.842176,0.000501,-0.539204),fov=55.000000,dt=0.016074},
	{cf=CFrame.new(-1.234222,-0.464294,73.296799,-0.534086,-0.017006,-0.845260,-0.007093,0.999853,-0.015634,0.845401,-0.002355,-0.534128),fov=55.000000,dt=0.017613},
	{cf=CFrame.new(-1.199493,-0.459747,73.220886,-0.527716,-0.022637,-0.849120,-0.006952,0.999727,-0.022331,0.849394,-0.005882,-0.527729),fov=55.000000,dt=0.017260},
	{cf=CFrame.new(-1.178650,-0.457001,73.175301,-0.523876,-0.026025,-0.851398,-0.006843,0.999629,-0.026345,0.851768,-0.007976,-0.523860),fov=55.000000,dt=0.015183},
	{cf=CFrame.new(-1.150879,-0.453369,73.114555,-0.518737,-0.030551,-0.854388,-0.006669,0.999475,-0.031690,0.854908,-0.010740,-0.518669),fov=55.000000,dt=0.016777},
	{cf=CFrame.new(-1.123077,-0.449738,73.053818,-0.513577,-0.035089,-0.857327,-0.006464,0.999293,-0.037028,0.858020,-0.013475,-0.513441),fov=55.000000,dt=0.016905},
	{cf=CFrame.new(-1.095306,-0.446106,72.993088,-0.508395,-0.039638,-0.860212,-0.006227,0.999083,-0.042357,0.861103,-0.016178,-0.508175),fov=55.000000,dt=0.016399},
	{cf=CFrame.new(-1.400665,0.493561,87.555252,0.991812,-0.090234,-0.090376,0.097304,0.992260,0.077143,0.082716,-0.085305,0.992916),fov=55.000000,dt=0.016872},
	{cf=CFrame.new(-1.405457,0.492920,87.583969,0.991813,-0.098440,-0.081344,0.105150,0.991005,0.082785,0.072463,-0.090660,0.993243),fov=55.000000,dt=0.017279},
	{cf=CFrame.new(-1.411285,0.483826,87.510803,0.990283,-0.112036,-0.082399,0.119457,0.988618,0.091455,0.071215,-0.100410,0.992395),fov=55.000000,dt=0.024890},
	{cf=CFrame.new(-1.413788,0.479919,87.479416,0.989572,-0.117856,-0.082822,0.125576,0.987509,0.095168,0.070571,-0.104576,0.992010),fov=55.000000,dt=0.016361},
	{cf=CFrame.new(-1.417114,0.474731,87.437599,0.989089,-0.122176,-0.082328,0.129765,0.987061,0.094187,0.069755,-0.103843,0.992145),fov=55.000000,dt=0.016173},
	{cf=CFrame.new(-1.420410,0.469543,87.395790,0.989119,-0.122988,-0.080740,0.129925,0.987685,0.087168,0.069025,-0.096709,0.992917),fov=55.000000,dt=0.014946},
	{cf=CFrame.new(-1.423767,0.464325,87.353973,0.989151,-0.123791,-0.079110,0.130089,0.988257,0.080152,0.068259,-0.089574,0.993639),fov=55.000000,dt=0.019399},
	{cf=CFrame.new(-1.428741,0.456543,87.291245,0.989201,-0.124974,-0.076583,0.130342,0.989020,0.069635,0.067039,-0.078865,0.994629),fov=55.000000,dt=0.022028},
	{cf=CFrame.new(-1.432068,0.451324,87.249405,0.989236,-0.125749,-0.074844,0.130517,0.989466,0.062631,0.066180,-0.071725,0.995227),fov=55.000000,dt=0.015808},
	{cf=CFrame.new(-1.434570,0.447449,87.218033,0.989262,-0.126322,-0.073512,0.130650,0.989766,0.057380,0.065511,-0.066369,0.995643),fov=55.000000,dt=0.015074},
	{cf=CFrame.new(-1.437897,0.442230,87.176247,0.989299,-0.127076,-0.071698,0.130833,0.990123,0.050386,0.064587,-0.059227,0.996154),fov=55.000000,dt=0.016996},
	{cf=CFrame.new(-1.441223,0.437042,87.134415,0.989336,-0.127817,-0.069841,0.131022,0.990429,0.043398,0.063626,-0.052086,0.996614),fov=55.000000,dt=0.015037},
	{cf=CFrame.new(-1.444550,0.431854,87.092606,0.989354,-0.125731,-0.073287,0.128620,0.991036,0.036110,0.068089,-0.045152,0.996658),fov=55.000000,dt=0.016756},
	{cf=CFrame.new(-1.447845,0.426666,87.050789,0.989332,-0.122705,-0.078526,0.125278,0.991706,0.028714,0.074352,-0.038245,0.996499),fov=55.000000,dt=0.015078},
	{cf=CFrame.new(-1.450378,0.422760,87.019417,0.989291,-0.120452,-0.082439,0.122733,0.992170,0.023162,0.079003,-0.033032,0.996328),fov=55.000000,dt=0.018842},
	{cf=CFrame.new(-1.457855,0.411072,86.925346,0.989042,-0.113782,-0.094081,0.114896,0.993357,0.006493,0.092717,-0.017231,0.995544),fov=55.000000,dt=0.031359},
	{cf=CFrame.new(-1.460358,0.407166,86.893974,0.988918,-0.111588,-0.097930,0.112218,0.993683,0.000932,0.097208,-0.011911,0.995193),fov=55.000000,dt=0.016396},
	{cf=CFrame.new(-1.464508,0.400665,86.841690,0.988668,-0.107964,-0.104308,0.107682,0.994150,-0.008339,0.104598,-0.002987,0.994511),fov=55.000000,dt=0.016113},
	{cf=CFrame.new(-1.467010,0.396759,86.810333,0.988492,-0.105809,-0.108114,0.104918,0.994384,-0.013904,0.108978,0.002401,0.994042),fov=55.000000,dt=0.015111},
	{cf=CFrame.new(-1.470337,0.391571,86.768532,0.988489,-0.100948,-0.112699,0.099695,0.994877,-0.016711,0.113809,0.005283,0.993489),fov=55.000000,dt=0.017455},
	{cf=CFrame.new(-1.473694,0.386383,86.726692,0.988699,-0.094024,-0.116770,0.092930,0.995563,-0.014791,0.117642,0.003772,0.993050),fov=55.000000,dt=0.015398},
	{cf=CFrame.new(-1.477814,0.379883,86.674438,0.988882,-0.085332,-0.121784,0.084457,0.996351,-0.012342,0.122393,0.001920,0.992481),fov=55.000000,dt=0.019072},
	{cf=CFrame.new(-1.481140,0.374695,86.632607,0.988965,-0.078349,-0.125739,0.077664,0.996926,-0.010345,0.126163,0.000466,0.992010),fov=55.000000,dt=0.020732},
	{cf=CFrame.new(-1.486145,0.366882,86.569893,0.988984,-0.067825,-0.131572,0.067453,0.997696,-0.007287,0.131763,-0.001668,0.991280),fov=55.000000,dt=0.021995},
	{cf=CFrame.new(-1.490295,0.360382,86.517609,0.988903,-0.059014,-0.136342,0.058927,0.998251,-0.004682,0.136380,-0.003404,0.990651),fov=55.000000,dt=0.020776},
	{cf=CFrame.new(-1.493591,0.355194,86.475807,0.988775,-0.051938,-0.140099,0.052094,0.998639,-0.002562,0.140041,-0.004765,0.990135),fov=55.000000,dt=0.020567},
	{cf=CFrame.new(-1.497772,0.348694,86.423538,0.988322,-0.046565,-0.145098,0.048025,0.998824,0.006575,0.144621,-0.013466,0.989396),fov=55.000000,dt=0.018910},
	{cf=CFrame.new(-1.501953,0.342224,86.371254,0.987700,-0.043496,-0.150196,0.047041,0.998690,0.020125,0.149124,-0.026943,0.988452),fov=55.000000,dt=0.020713},
	{cf=CFrame.new(-1.506927,0.334412,86.308540,0.986946,-0.039714,-0.156081,0.045934,0.998280,0.036444,0.154365,-0.043138,0.987072),fov=55.000000,dt=0.026582},
	{cf=CFrame.new(-1.512726,0.325317,86.235367,0.986063,-0.035174,-0.162618,0.044741,0.997453,0.055552,0.160250,-0.062053,0.985125),fov=55.000000,dt=0.026567},
	{cf=CFrame.new(-1.516907,0.318817,86.183098,0.985764,-0.035166,-0.164417,0.045920,0.997015,0.062065,0.161744,-0.068732,0.984437),fov=55.000000,dt=0.019844},
	{cf=CFrame.new(-1.521088,0.312317,86.130814,0.985959,-0.040184,-0.162082,0.050116,0.997078,0.057662,0.159292,-0.064975,0.985092),fov=55.000000,dt=0.020002},
	{cf=CFrame.new(-1.524414,0.307129,86.088982,0.986099,-0.044187,-0.160179,0.053476,0.997100,0.054151,0.157321,-0.061963,0.985602),fov=55.000000,dt=0.019966},
	{cf=CFrame.new(-1.526459,0.310059,86.055389,0.986134,-0.051450,-0.157780,0.059976,0.996959,0.049758,0.154740,-0.058531,0.986220),fov=55.000000,dt=0.023439},
	{cf=CFrame.new(-1.515656,0.358276,86.151573,0.985447,-0.062943,-0.157905,0.071601,0.996192,0.049754,0.154172,-0.060336,0.986201),fov=55.000000,dt=0.021065},
	{cf=CFrame.new(-1.504791,0.406464,86.247772,0.984641,-0.074428,-0.157934,0.083213,0.995289,0.049752,0.153487,-0.062130,0.986196),fov=55.000000,dt=0.021371},
	{cf=CFrame.new(-1.493988,0.454651,86.343979,0.983717,-0.085905,-0.157868,0.094809,0.994251,0.049755,0.152686,-0.063912,0.986207),fov=55.000000,dt=0.019558},
	{cf=CFrame.new(-1.485291,0.493225,86.420967,0.982892,-0.095078,-0.157746,0.104074,0.993324,0.049761,0.151962,-0.065327,0.986226),fov=55.000000,dt=0.017086},
	{cf=CFrame.new(-1.474518,0.541443,86.517143,0.983824,-0.084742,-0.157832,0.093632,0.994363,0.049757,0.152725,-0.063730,0.986212),fov=55.000000,dt=0.020386},
	{cf=CFrame.new(-1.465820,0.579987,86.594109,0.984505,-0.076392,-0.157845,0.085193,0.995121,0.049756,0.153274,-0.062432,0.986210),fov=55.000000,dt=0.016183},
	{cf=CFrame.new(-1.459351,0.608917,86.651848,0.984975,-0.070125,-0.157821,0.078857,0.995643,0.049757,0.153644,-0.061455,0.986214),fov=55.000000,dt=0.015269},
	{cf=CFrame.new(-1.450653,0.647491,86.728813,0.985547,-0.061767,-0.157746,0.070404,0.996277,0.049760,0.154085,-0.060146,0.986226),fov=55.000000,dt=0.017313},
	{cf=CFrame.new(-1.448700,0.651886,86.766151,0.986019,-0.053403,-0.157846,0.061954,0.996838,0.049756,0.154690,-0.058839,0.986210),fov=55.000000,dt=0.017122},
	{cf=CFrame.new(-1.446716,0.656097,86.803314,0.986429,-0.045035,-0.157896,0.053497,0.997328,0.049754,0.155233,-0.057526,0.986202),fov=55.000000,dt=0.015984},
	{cf=CFrame.new(-1.444794,0.660309,86.840439,0.986776,-0.036664,-0.157895,0.045033,0.997745,0.049755,0.155715,-0.056207,0.986202),fov=55.000000,dt=0.016715},
	{cf=CFrame.new(-1.442810,0.664551,86.877594,0.987059,-0.028291,-0.157846,0.036564,0.998092,0.049756,0.156137,-0.054884,0.986210),fov=55.000000,dt=0.016404},
	{cf=CFrame.new(-1.440887,0.668762,86.914719,0.987280,-0.019917,-0.157744,0.028091,0.998366,0.049758,0.156495,-0.053556,0.986226),fov=55.000000,dt=0.016270},
	{cf=CFrame.new(-1.438934,0.672974,86.951881,0.987302,-0.024024,-0.157035,0.031707,0.998410,0.046607,0.155665,-0.050994,0.986493),fov=55.000000,dt=0.016879},
	{cf=CFrame.new(-1.436981,0.677185,86.989006,0.987309,-0.028193,-0.156291,0.035388,0.998429,0.043444,0.154821,-0.048423,0.986756),fov=55.000000,dt=0.016793},
	{cf=CFrame.new(-1.435028,0.681396,87.026169,0.987304,-0.032358,-0.155518,0.039068,0.998424,0.040284,0.153969,-0.045849,0.987012),fov=55.000000,dt=0.020685},
	{cf=CFrame.new(-1.431580,0.688782,87.091164,0.987262,-0.039638,-0.154093,0.045510,0.998359,0.034767,0.152462,-0.041337,0.987445),fov=55.000000,dt=0.024191},
	{cf=CFrame.new(-1.429688,0.692993,87.128311,0.987219,-0.043791,-0.153237,0.049190,0.998289,0.031621,0.151590,-0.038755,0.987684),fov=55.000000,dt=0.016765},
	{cf=CFrame.new(-1.427734,0.697235,87.165436,0.987164,-0.047940,-0.152351,0.052871,0.998195,0.028480,0.150711,-0.036169,0.987917),fov=55.000000,dt=0.015705},
	{cf=CFrame.new(-1.430969,0.691895,87.189171,0.987081,-0.052093,-0.151523,0.056562,0.998078,0.025333,0.149912,-0.033576,0.988130),fov=55.000000,dt=0.015494},
	{cf=CFrame.new(-1.436066,0.683319,87.208305,0.986980,-0.056245,-0.150695,0.060257,0.997936,0.022187,0.149136,-0.030978,0.988332),fov=55.000000,dt=0.019222},
	{cf=CFrame.new(-1.441132,0.674713,87.227432,0.986865,-0.060393,-0.149836,0.063952,0.997771,0.019045,0.148352,-0.028378,0.988528),fov=55.000000,dt=0.015770},
	{cf=CFrame.new(-1.446228,0.666138,87.246567,0.986738,-0.064535,-0.148947,0.067646,0.997583,0.015910,0.147560,-0.025774,0.988718),fov=55.000000,dt=0.015794},
	{cf=CFrame.new(-1.451294,0.657532,87.265678,0.986596,-0.068672,-0.148030,0.071340,0.997370,0.012779,0.146763,-0.023168,0.988901),fov=55.000000,dt=0.015668},
	{cf=CFrame.new(-1.456360,0.648956,87.284828,0.986442,-0.072804,-0.147081,0.075033,0.997135,0.009654,0.145957,-0.020559,0.989078),fov=55.000000,dt=0.016640},
	{cf=CFrame.new(-1.460175,0.642487,87.299164,0.986318,-0.075899,-0.146351,0.077802,0.996942,0.007314,0.145348,-0.018601,0.989206),fov=55.000000,dt=0.016263},
	{cf=CFrame.new(-1.465576,0.629303,87.318344,0.986199,-0.079505,-0.145231,0.081309,0.996668,0.006520,0.144228,-0.018239,0.989377),fov=55.000000,dt=0.015759},
	{cf=CFrame.new(-1.471344,0.611359,87.337570,0.986130,-0.082580,-0.143977,0.084622,0.996380,0.008101,0.142787,-0.020172,0.989549),fov=55.000000,dt=0.016441},
	{cf=CFrame.new(-1.477142,0.593445,87.356804,0.986051,-0.085655,-0.142719,0.087928,0.996080,0.009685,0.141330,-0.022098,0.989717),fov=55.000000,dt=0.020347},
	{cf=CFrame.new(-1.491577,0.548645,87.404900,0.985807,-0.093340,-0.139551,0.096169,0.995271,0.013659,0.137616,-0.026886,0.990121),fov=55.000000,dt=0.038385},
	{cf=CFrame.new(-1.498932,0.528412,87.430191,0.985722,-0.096194,-0.138200,0.099377,0.994916,0.016306,0.135929,-0.029807,0.990271),fov=55.000000,dt=0.019281},
	{cf=CFrame.new(-1.505249,0.519257,87.454422,0.985856,-0.095239,-0.137912,0.098987,0.994877,0.020566,0.135247,-0.033926,0.990232),fov=55.000000,dt=0.017039},
	{cf=CFrame.new(-1.511566,0.510101,87.478668,0.985990,-0.094285,-0.137607,0.098594,0.994818,0.024824,0.134554,-0.038044,0.990176),fov=55.000000,dt=0.015438},
	{cf=CFrame.new(-1.517853,0.500946,87.502907,0.986125,-0.093334,-0.137285,0.098198,0.994742,0.029082,0.133849,-0.042159,0.990105),fov=55.000000,dt=0.016513},
	{cf=CFrame.new(-1.525757,0.489502,87.533234,0.986296,-0.092147,-0.136858,0.097698,0.994621,0.034402,0.132952,-0.047301,0.989994),fov=55.000000,dt=0.021787},
	{cf=CFrame.new(-1.533600,0.478088,87.563522,0.986469,-0.090963,-0.136404,0.097194,0.994472,0.039719,0.132037,-0.052439,0.989857),fov=55.000000,dt=0.022593},
	{cf=CFrame.new(-1.540558,0.479126,87.593742,0.986635,-0.089780,-0.135989,0.096684,0.994296,0.045038,0.131169,-0.057584,0.989687),fov=55.000000,dt=0.021080},
	{cf=CFrame.new(-1.547241,0.483398,87.623840,0.986800,-0.088598,-0.135563,0.096170,0.994090,0.050355,0.130300,-0.062727,0.989489),fov=55.000000,dt=0.021244},
	{cf=CFrame.new(-1.555298,0.488495,87.660027,0.987001,-0.087185,-0.135018,0.095547,0.993807,0.056732,0.129235,-0.068896,0.989218),fov=55.000000,dt=0.022330},
	{cf=CFrame.new(-8.738373,-0.924469,76.319313,-0.045412,-0.101628,-0.993786,0.021507,0.994482,-0.102682,0.998737,-0.026036,-0.042975),fov=55.000000,dt=0.021004},
	{cf=CFrame.new(-8.618622,-0.899902,76.174576,-0.040471,-0.084521,-0.995600,0.048744,0.995062,-0.086457,0.997992,-0.052029,-0.036152),fov=55.000000,dt=0.020668},
	{cf=CFrame.new(-8.424438,-0.860474,76.078812,-0.023281,-0.063918,-0.997684,0.082493,0.994428,-0.065634,0.996320,-0.083831,-0.017879),fov=55.000000,dt=0.026055},
	{cf=CFrame.new(-8.262665,-0.827606,75.999001,-0.008112,-0.047269,-0.998850,0.110164,0.992760,-0.047875,0.993881,-0.110426,-0.002846),fov=55.000000,dt=0.021439},
	{cf=CFrame.new(-8.105133,-0.868134,75.883209,-0.010659,-0.065716,-0.997782,0.110933,0.991601,-0.066494,0.993771,-0.111396,-0.003279),fov=55.000000,dt=0.020642},
	{cf=CFrame.new(-7.947662,-0.908997,75.767189,-0.013201,-0.084312,-0.996353,0.111540,0.990096,-0.085260,0.993673,-0.112259,-0.003666),fov=55.000000,dt=0.020470},
	{cf=CFrame.new(-7.790161,-0.949890,75.651192,-0.015655,-0.102888,-0.994570,0.112110,0.988239,-0.103998,0.993573,-0.113130,-0.003936),fov=55.000000,dt=0.022342},
	{cf=CFrame.new(-7.601135,-0.998932,75.511993,-0.018483,-0.125147,-0.991967,0.112749,0.985546,-0.126438,0.993452,-0.114180,-0.004105),fov=55.000000,dt=0.021280},
	{cf=CFrame.new(-7.443665,-1.039795,75.395973,-0.020739,-0.143657,-0.989411,0.113247,0.982916,-0.145088,0.993351,-0.115056,-0.004116),fov=55.000000,dt=0.021648},
	{cf=CFrame.new(-7.286194,-1.080658,75.280022,-0.022906,-0.162125,-0.986505,0.113715,0.979936,-0.163686,0.993250,-0.115930,-0.004010),fov=55.000000,dt=0.024202},
	{cf=CFrame.new(-7.052094,-1.133881,75.066002,-0.035192,-0.188592,-0.981425,0.116102,0.974612,-0.191446,0.992614,-0.120683,-0.012403),fov=55.000000,dt=0.026296},
	{cf=CFrame.new(-6.860229,-1.164703,74.819443,-0.060947,-0.208590,-0.976103,0.120639,0.969212,-0.214650,0.990824,-0.130838,-0.033907),fov=55.000000,dt=0.023194},
	{cf=CFrame.new(-6.668396,-1.195496,74.572884,-0.086599,-0.228377,-0.969714,0.124631,0.963240,-0.237982,0.988418,-0.141466,-0.054952),fov=55.000000,dt=0.018475},
	{cf=CFrame.new(-6.514893,-1.220123,74.375626,-0.107028,-0.244039,-0.963842,0.127431,0.958048,-0.256722,0.986057,-0.150299,-0.071440),fov=55.000000,dt=0.019742},
	{cf=CFrame.new(-6.284637,-1.257080,74.079720,-0.137489,-0.267223,-0.953777,0.130966,0.949562,-0.284921,0.981808,-0.164086,-0.095557),fov=55.000000,dt=0.023589},
	{cf=CFrame.new(-6.092804,-1.287903,73.833145,-0.162672,-0.286229,-0.944252,0.133300,0.941849,-0.308465,0.977635,-0.176047,-0.115059),fov=55.000000,dt=0.016926},
	{cf=CFrame.new(-5.979706,-1.299103,73.697075,-0.161821,-0.290801,-0.943000,0.131997,0.940629,-0.312721,0.977953,-0.175078,-0.113828),fov=55.000000,dt=0.014905},
	{cf=CFrame.new(-5.830383,-1.308960,73.523895,-0.149659,-0.292182,-0.944581,0.128530,0.941484,-0.311588,0.980349,-0.168039,-0.103347),fov=55.000000,dt=0.015696},
	{cf=CFrame.new(-5.718353,-1.316376,73.394012,-0.140516,-0.293164,-0.945680,0.125931,0.942106,-0.310768,0.982038,-0.162758,-0.095463),fov=55.000000,dt=0.014992},
	{cf=CFrame.new(-5.569031,-1.326263,73.220818,-0.128300,-0.294403,-0.947031,0.122467,0.942910,-0.309714,0.984146,-0.155716,-0.084921),fov=55.000000,dt=0.015608},
	{cf=CFrame.new(-5.419678,-1.336151,73.047638,-0.116056,-0.295562,-0.948249,0.119005,0.943684,-0.308704,0.986088,-0.148673,-0.074347),fov=55.000000,dt=0.018890},
	{cf=CFrame.new(-5.158325,-1.353424,72.744553,-0.094566,-0.297394,-0.950061,0.112956,0.944968,-0.307043,0.989090,-0.136351,-0.055770),fov=55.000000,dt=0.028622},
	{cf=CFrame.new(-5.009003,-1.363312,72.571373,-0.082255,-0.298330,-0.950912,0.109506,0.945662,-0.306156,0.990577,-0.129313,-0.045117),fov=55.000000,dt=0.015707},
	{cf=CFrame.new(-4.852325,-1.283691,72.415642,-0.074135,-0.276871,-0.958044,0.089984,0.954911,-0.282929,0.993181,-0.107184,-0.045879),fov=55.000000,dt=0.015536},
	{cf=CFrame.new(-4.695648,-1.203522,72.260002,-0.066207,-0.254988,-0.964676,0.070175,0.963212,-0.259418,0.995336,-0.084871,-0.045878),fov=55.000000,dt=0.014809},
	{cf=CFrame.new(-4.578094,-1.143402,72.143265,-0.060373,-0.238396,-0.969290,0.055201,0.968778,-0.241709,0.996649,-0.068098,-0.045328),fov=55.000000,dt=0.015230},
	{cf=CFrame.new(-4.421356,-1.063232,71.987640,-0.052749,-0.216051,-0.974957,0.035093,0.975311,-0.218028,0.997992,-0.045715,-0.043865),fov=55.000000,dt=0.015320},
	{cf=CFrame.new(-4.264648,-0.983093,71.831985,-0.045306,-0.193463,-0.980062,0.014831,0.980830,-0.194300,0.998864,-0.023338,-0.041568),fov=55.000000,dt=0.016425},
	{cf=CFrame.new(-4.107941,-0.902924,71.676331,-0.038049,-0.170650,-0.984597,-0.005571,0.985331,-0.170561,0.999261,-0.001004,-0.038442),fov=55.000000,dt=0.018925},
	{cf=CFrame.new(-3.912048,-0.802704,71.481804,-0.029247,-0.141842,-0.989458,-0.031251,0.989527,-0.140928,0.999084,0.026800,-0.033374),fov=55.000000,dt=0.018636},
	{cf=CFrame.new(-3.794525,-0.742584,71.365067,-0.021365,-0.116877,-0.992917,-0.017126,0.993040,-0.116523,0.999626,0.014515,-0.023218),fov=55.000000,dt=0.014224},
	{cf=CFrame.new(-3.637817,-0.662445,71.209442,-0.009909,-0.083663,-0.996446,0.001695,0.996491,-0.083683,0.999950,-0.002518,-0.009732),fov=55.000000,dt=0.016075},
	{cf=CFrame.new(-3.481110,-0.582275,71.053818,0.002576,-0.050684,-0.998712,0.020081,0.998516,-0.050622,0.999796,-0.019924,0.003590),fov=55.000000,dt=0.014716},
	{cf=CFrame.new(-3.340973,-0.525940,70.998787,0.011700,-0.050195,-0.998672,0.025953,0.998418,-0.049878,0.999595,-0.025335,0.012984),fov=55.000000,dt=0.014903},
	{cf=CFrame.new(-3.138428,-0.453461,70.968155,0.023391,-0.066203,-0.997533,0.028588,0.997441,-0.065527,0.999318,-0.026985,0.025224),fov=55.000000,dt=0.015517},
	{cf=CFrame.new(-2.986542,-0.399109,70.945190,0.032178,-0.078179,-0.996421,0.030682,0.996544,-0.077198,0.999012,-0.028088,0.034465),fov=55.000000,dt=0.015197},
	{cf=CFrame.new(-2.783997,-0.326630,70.914558,0.043912,-0.094097,-0.994595,0.033629,0.995130,-0.092663,0.998470,-0.029378,0.046862),fov=55.000000,dt=0.015341},
	{cf=CFrame.new(-2.581482,-0.254150,70.883926,0.055663,-0.109955,-0.992377,0.036755,0.993470,-0.108014,0.997774,-0.030462,0.059340),fov=55.000000,dt=0.013570},
	{cf=CFrame.new(-2.429596,-0.199799,70.860947,0.064486,-0.121806,-0.990457,0.039215,0.992065,-0.119450,0.997148,-0.031138,0.068751),fov=55.000000,dt=0.015536},
	{cf=CFrame.new(-2.547089,0.038239,70.759300,0.078659,-0.131662,-0.988170,0.148730,0.981697,-0.118961,0.985745,-0.137613,0.096801),fov=55.000000,dt=0.019249},
	{cf=CFrame.new(-2.696472,0.337006,70.631699,0.146072,-0.211177,-0.966472,0.131292,0.972446,-0.192639,0.980524,-0.098751,0.169774),fov=55.000000,dt=0.015756},
	{cf=CFrame.new(-2.815979,0.576050,70.529625,0.188141,-0.250920,-0.949549,0.117149,0.965645,-0.231962,0.975131,-0.067597,0.211072),fov=55.000000,dt=0.020404},
	{cf=CFrame.new(-2.965363,0.874847,70.402039,0.187240,-0.220456,-0.957257,0.086049,0.974426,-0.207579,0.978539,-0.043504,0.201422),fov=55.000000,dt=0.020840},
	{cf=CFrame.new(-3.114746,1.173645,70.274445,0.185880,-0.189808,-0.964066,0.054893,0.981638,-0.182683,0.981039,-0.018964,0.192886),fov=55.000000,dt=0.020193},
	{cf=CFrame.new(-3.294006,1.532196,70.121346,0.250787,-0.143202,-0.957393,0.035042,0.989693,-0.138855,0.967409,0.001274,0.253220),fov=55.000000,dt=0.022160},
	{cf=CFrame.new(-3.438812,1.700684,70.025047,0.264682,-0.104184,-0.958692,0.028569,0.994557,-0.100194,0.963913,-0.000870,0.266218),fov=55.000000,dt=0.019962},
	{cf=CFrame.new(-3.576599,1.669464,69.976761,0.200481,-0.065980,-0.977474,0.037626,0.997512,-0.059616,0.978975,-0.024826,0.202465),fov=55.000000,dt=0.020586},
	{cf=CFrame.new(-3.714355,1.638245,69.928467,0.136434,-0.025422,-0.990324,0.049657,0.998589,-0.018793,0.989404,-0.046612,0.137504),fov=55.000000,dt=0.021863},
	{cf=CFrame.new(-3.824615,1.613281,69.889839,0.085618,0.008567,-0.996292,0.061401,0.998017,0.013859,0.994435,-0.062360,0.084922),fov=55.000000,dt=0.017925},
	{cf=CFrame.new(-3.962433,1.582062,69.841530,0.036484,0.046817,-0.998238,0.071819,0.996197,0.049346,0.996751,-0.073492,0.032982),fov=55.000000,dt=0.019703},
	{cf=CFrame.new(-4.100189,1.550873,69.793228,0.043498,0.061197,-0.997178,0.054926,0.996466,0.063549,0.997543,-0.057535,0.039983),fov=55.000000,dt=0.020379},
	{cf=CFrame.new(-4.237976,1.519653,69.744949,0.050405,0.075646,-0.995860,0.037953,0.996262,0.077598,0.998008,-0.041707,0.047345),fov=55.000000,dt=0.022678},
	{cf=CFrame.new(-4.348236,1.494690,69.706314,0.055851,0.087253,-0.994620,0.024320,0.995760,0.088719,0.998143,-0.029145,0.053493),fov=55.000000,dt=0.016948},
	{cf=CFrame.new(-4.485992,1.463470,69.658012,0.062558,0.101815,-0.992835,0.007219,0.994711,0.102462,0.998016,-0.013577,0.061492),fov=55.000000,dt=0.019646},
	{cf=CFrame.new(-4.610809,1.407837,69.581230,0.062821,0.108802,-0.992077,-0.004808,0.994061,0.108716,0.998014,-0.002059,0.062971),fov=55.000000,dt=0.019544},
	{cf=CFrame.new(-4.681885,1.251007,69.386520,0.036775,0.084140,-0.995776,0.004060,0.996429,0.084345,0.999316,-0.007145,0.036302),fov=55.000000,dt=0.020560},
	{cf=CFrame.new(-4.752930,1.094177,69.191795,0.010678,0.059393,-0.998178,0.012335,0.998151,0.059523,0.999868,-0.012948,0.009926),fov=55.000000,dt=0.021287},
	{cf=CFrame.new(-4.809723,0.968719,69.036003,-0.010214,0.039555,-0.999166,0.018519,0.999053,0.039362,0.999777,-0.018102,-0.010937),fov=55.000000,dt=0.019139},
	{cf=CFrame.new(-4.880798,0.811890,68.841286,-0.036318,0.014741,-0.999232,0.025696,0.999574,0.013812,0.999011,-0.025175,-0.036681),fov=55.000000,dt=0.018719},
	{cf=CFrame.new(-4.928589,0.650391,68.630379,-0.061978,-0.007092,-0.998053,0.034064,0.999377,-0.009216,0.997497,-0.034569,-0.061698),fov=55.000000,dt=0.020670},
	{cf=CFrame.new(-4.889709,0.505646,68.407829,-0.081156,-0.014548,-0.996596,0.046509,0.998749,-0.018367,0.995616,-0.047841,-0.080378),fov=55.000000,dt=0.018315},
	{cf=CFrame.new(-4.850861,0.360931,68.185280,-0.100332,-0.021786,-0.994716,0.058831,0.997881,-0.027789,0.993214,-0.061308,-0.098838),fov=55.000000,dt=0.016118},
	{cf=CFrame.new(-4.812012,0.216217,67.962753,-0.119497,-0.028801,-0.992418,0.071024,0.996770,-0.037479,0.990292,-0.074964,-0.117065),fov=55.000000,dt=0.018510},
	{cf=CFrame.new(-4.763428,0.035309,67.684586,-0.143419,-0.037247,-0.988962,0.086070,0.995036,-0.049957,0.985913,-0.092285,-0.139501),fov=55.000000,dt=0.019685},
	{cf=CFrame.new(-4.724548,-0.109436,67.462036,-0.162234,-0.045140,-0.985720,0.088385,0.994273,-0.060078,0.982787,-0.096870,-0.157315),fov=55.000000,dt=0.017306},
	{cf=CFrame.new(-4.675995,-0.290314,67.183868,-0.185194,-0.056885,-0.981055,0.078688,0.994259,-0.072504,0.979547,-0.090625,-0.179655),fov=55.000000,dt=0.018761},
	{cf=CFrame.new(-4.646820,-0.398865,67.016960,-0.198846,-0.064036,-0.977937,0.072710,0.994149,-0.079881,0.977331,-0.086990,-0.193026),fov=55.000000,dt=0.015526},
	{cf=CFrame.new(-4.607941,-0.543610,66.794411,-0.216891,-0.073686,-0.973412,0.064557,0.993882,-0.089620,0.974060,-0.082278,-0.210807),fov=55.000000,dt=0.013619},
	{cf=CFrame.new(-4.578827,-0.652161,66.627487,-0.230304,-0.081009,-0.969742,0.058305,0.993590,-0.096848,0.971371,-0.078845,-0.224105),fov=55.000000,dt=0.014535},
	{cf=CFrame.new(-4.542877,-0.778168,66.442078,-0.249801,-0.084814,-0.964576,0.051670,0.993570,-0.100745,0.966918,-0.075006,-0.243812),fov=55.000000,dt=0.014331},
	{cf=CFrame.new(-4.522888,-0.828888,66.389946,-0.268470,-0.073481,-0.960482,0.051171,0.994591,-0.090394,0.961929,-0.073416,-0.263257),fov=55.000000,dt=0.015379},
	{cf=CFrame.new(-4.496216,-0.896484,66.320457,-0.293166,-0.058346,-0.954280,0.050829,0.995773,-0.076498,0.954710,-0.070932,-0.288961),fov=55.000000,dt=0.016285},
	{cf=CFrame.new(-4.469543,-0.964081,66.250938,-0.317621,-0.043194,-0.947234,0.050861,0.996748,-0.062506,0.946853,-0.068030,-0.314391),fov=55.000000,dt=0.016563},
	{cf=CFrame.new(-4.442871,-1.031708,66.181458,-0.341814,-0.028038,-0.939350,0.051267,0.997510,-0.048429,0.938369,-0.064712,-0.339526),fov=55.000000,dt=0.016950},
	{cf=CFrame.new(-4.416229,-1.099304,66.111969,-0.365724,-0.012892,-0.930635,0.052050,0.998056,-0.034281,0.929267,-0.060977,-0.364342),fov=55.000000,dt=0.017147},
	{cf=CFrame.new(-4.389557,-1.166901,66.042450,-0.389332,-0.011699,-0.921024,0.038558,0.998836,-0.028987,0.920291,-0.046798,-0.388428),fov=55.000000,dt=0.016463},
	{cf=CFrame.new(-4.362885,-1.234528,65.972939,-0.412660,-0.010977,-0.910820,0.025022,0.999413,-0.023382,0.910542,-0.032440,-0.412144),fov=55.000000,dt=0.016226},
	{cf=CFrame.new(-4.336182,-1.302124,65.903458,-0.435690,-0.010624,-0.900035,0.011566,0.999782,-0.017400,0.900023,-0.017991,-0.435472),fov=55.000000,dt=0.017277},
	{cf=CFrame.new(-4.309540,-1.369751,65.833946,-0.458402,-0.010640,-0.888682,-0.001799,0.999937,-0.011044,0.888744,-0.003464,-0.458392),fov=55.000000,dt=0.015947},
	{cf=CFrame.new(-4.282867,-1.437347,65.764435,-0.480778,-0.011029,-0.876774,-0.015060,0.999877,-0.004319,0.876714,0.011128,-0.480885),fov=55.000000,dt=0.016923},
	{cf=CFrame.new(-4.256165,-1.504974,65.694923,-0.502799,-0.011791,-0.864323,-0.028205,0.999598,0.002771,0.863944,0.025772,-0.502930),fov=55.000000,dt=0.016941},
	{cf=CFrame.new(-4.191437,-1.473389,65.605370,-0.507572,-0.017394,-0.861435,-0.029066,0.999573,-0.003057,0.861120,0.023487,-0.507860),fov=55.000000,dt=0.016197},
	{cf=CFrame.new(-4.126343,-1.441101,65.515633,-0.512188,-0.023024,-0.858565,-0.029867,0.999514,-0.008987,0.858355,0.021040,-0.512627),fov=55.000000,dt=0.017219},
	{cf=CFrame.new(-4.061279,-1.408783,65.425903,-0.516779,-0.028646,-0.855640,-0.030700,0.999417,-0.014917,0.855569,0.018559,-0.517358),fov=55.000000,dt=0.016806},
	{cf=CFrame.new(-3.979919,-1.368378,65.313774,-0.522482,-0.035660,-0.851906,-0.031789,0.999245,-0.022331,0.852059,0.015413,-0.523221),fov=55.000000,dt=0.017022},
	{cf=CFrame.new(-3.931122,-1.344147,65.246475,-0.525884,-0.039861,-0.849623,-0.032466,0.999114,-0.026780,0.849937,0.013501,-0.526712),fov=55.000000,dt=0.015746},
	{cf=CFrame.new(-3.866058,-1.311829,65.156731,-0.530396,-0.045455,-0.846531,-0.033398,0.998907,-0.032711,0.847093,0.010923,-0.531334),fov=55.000000,dt=0.016885},
	{cf=CFrame.new(-3.800995,-1.279510,65.067017,-0.534881,-0.051038,-0.843385,-0.034362,0.998662,-0.038642,0.844229,0.008312,-0.535920),fov=55.000000,dt=0.016507},
	{cf=CFrame.new(-3.735931,-1.247192,64.977318,-0.541894,-0.060922,-0.838237,-0.018446,0.997991,-0.060608,0.840245,-0.017381,-0.541929),fov=55.000000,dt=0.016662},
	{cf=CFrame.new(-3.654572,-1.206818,64.865150,-0.550702,-0.073021,-0.831503,0.001393,0.996084,-0.088397,0.834702,-0.049839,-0.548444),fov=55.000000,dt=0.018545},
	{cf=CFrame.new(-3.589508,-1.174500,64.775406,-0.557759,-0.082457,-0.825898,0.017078,0.993702,-0.110743,0.829828,-0.075872,-0.552838),fov=55.000000,dt=0.015860},
	{cf=CFrame.new(-3.524414,-1.142181,64.685677,-0.564821,-0.091672,-0.820107,0.032585,0.990558,-0.133167,0.824571,-0.101939,-0.556500),fov=55.000000,dt=0.019929},
	{cf=CFrame.new(-3.466370,-1.110443,64.604752,-0.573186,-0.097495,-0.813606,0.046962,0.987356,-0.151400,0.818080,-0.124989,-0.561360),fov=55.000000,dt=0.015818},
	{cf=CFrame.new(-3.430267,-1.080475,64.551308,-0.585499,-0.093185,-0.805301,0.058279,0.985963,-0.156462,0.808577,-0.138540,-0.571850),fov=55.000000,dt=0.017543},
	{cf=CFrame.new(-3.385162,-1.042999,64.484520,-0.600609,-0.087514,-0.794740,0.072342,0.983967,-0.163022,0.796264,-0.155406,-0.584649),fov=55.000000,dt=0.019319},
	{cf=CFrame.new(-3.340027,-1.005554,64.417732,-0.615401,-0.081530,-0.783987,0.086306,0.981686,-0.169837,0.783476,-0.172180,-0.597094),fov=55.000000,dt=0.019693},
	{cf=CFrame.new(-3.303925,-0.975586,64.364296,-0.627000,-0.076520,-0.775253,0.097399,0.979655,-0.175469,0.772907,-0.185528,-0.606791),fov=55.000000,dt=0.021664},
	{cf=CFrame.new(-1.335724,0.344604,64.172119,-0.829620,0.050321,-0.556058,0.067576,0.997658,-0.010537,0.554226,-0.046318,-0.831078),fov=55.000000,dt=0.019848},
	{cf=CFrame.new(4.666595,4.356995,63.776192,-0.937776,0.090657,0.335199,0.257802,0.828462,0.497181,-0.232626,0.552660,-0.800283),fov=55.000000,dt=0.020180},
	{cf=CFrame.new(4.588104,4.351013,63.750599,-0.938279,0.116249,0.325760,0.271978,0.829834,0.487240,-0.213685,0.545767,-0.810233),fov=55.000000,dt=0.019867},
	{cf=CFrame.new(4.509613,4.345032,63.725040,-0.938121,0.141732,0.315980,0.286317,0.830705,0.477443,-0.194817,0.538370,-0.819882),fov=55.000000,dt=0.020542},
	{cf=CFrame.new(4.446838,4.340240,63.704582,-0.937516,0.162028,0.307916,0.297898,0.831038,0.469715,-0.179783,0.532093,-0.827379),fov=55.000000,dt=0.018058},
	{cf=CFrame.new(4.368347,4.334259,63.678993,-0.941211,0.154455,0.300444,0.287556,0.833063,0.472566,-0.177298,0.531179,-0.828502),fov=55.000000,dt=0.022094},
	{cf=CFrame.new(4.274139,4.327087,63.648319,-0.946768,0.135039,0.292226,0.267276,0.835704,0.479753,-0.179429,0.532319,-0.827311),fov=55.000000,dt=0.021031},
	{cf=CFrame.new(4.195679,4.321106,63.622761,-0.951054,0.118812,0.285274,0.250301,0.837564,0.485630,-0.181237,0.533265,-0.826307),fov=55.000000,dt=0.020062},
	{cf=CFrame.new(4.117188,4.315094,63.597183,-0.955026,0.102546,0.278229,0.233261,0.839113,0.491405,-0.183073,0.534204,-0.825295),fov=55.000000,dt=0.024710},
	{cf=CFrame.new(3.960205,4.303131,63.546017,-0.962023,0.069922,0.263863,0.199010,0.841277,0.502641,-0.186836,0.536064,-0.823243),fov=55.000000,dt=0.039044},
	{cf=CFrame.new(3.881714,4.297150,63.520477,-0.964608,0.053439,0.258218,0.182542,0.842001,0.507655,-0.190291,0.536824,-0.821956),fov=55.000000,dt=0.023517},
	{cf=CFrame.new(3.803253,4.291168,63.494904,-0.966597,0.036844,0.253642,0.166545,0.842504,0.512299,-0.194819,0.537429,-0.820498),fov=55.000000,dt=0.019571},
	{cf=CFrame.new(3.724762,4.285187,63.469311,-0.968294,0.020238,0.248994,0.150529,0.842715,0.516888,-0.199371,0.537980,-0.819042),fov=55.000000,dt=0.017251},
	{cf=CFrame.new(3.646271,4.279175,63.443752,-0.969700,0.003625,0.244276,0.134500,0.842633,0.521420,-0.203945,0.538476,-0.817589),fov=55.000000,dt=0.021556},
	{cf=CFrame.new(3.583496,4.274414,63.423309,-0.970614,-0.009668,0.240451,0.121670,0.842357,0.525005,-0.207621,0.538833,-0.816428),fov=55.000000,dt=0.016574},
	{cf=CFrame.new(3.536407,4.270813,63.407940,-0.971177,-0.019636,0.237553,0.112044,0.842028,0.527669,-0.210388,0.539077,-0.815558),fov=55.000000,dt=0.014963},
	{cf=CFrame.new(3.473602,4.266022,63.387501,-0.971764,-0.032924,0.233650,0.099211,0.841425,0.531188,-0.214088,0.539370,-0.814400),fov=55.000000,dt=0.015465},
	{cf=CFrame.new(3.410828,4.261230,63.367062,-0.972518,-0.041817,0.229045,0.089888,0.840040,0.535026,-0.214780,0.540911,-0.813195),fov=55.000000,dt=0.015051},
	{cf=CFrame.new(3.348022,4.256439,63.346588,-0.974266,-0.036899,0.222363,0.091553,0.836689,0.539972,-0.205973,0.546434,-0.811780),fov=55.000000,dt=0.018152},
	{cf=CFrame.new(3.285248,4.251648,63.326130,-0.975938,-0.031939,0.215701,0.093166,0.833297,0.544918,-0.197147,0.551902,-0.810271),fov=55.000000,dt=0.016128},
	{cf=CFrame.new(3.238129,4.248077,63.310776,-0.977141,-0.028192,0.210718,0.094342,0.830727,0.548628,-0.190516,0.555966,-0.809078),fov=55.000000,dt=0.017783},
	{cf=CFrame.new(3.159668,4.242065,63.285202,-0.979051,-0.021896,0.202440,0.096237,0.826393,0.554810,-0.179443,0.562669,-0.806973),fov=55.000000,dt=0.016145},
	{cf=CFrame.new(3.096893,4.237274,63.264759,-0.980492,-0.016813,0.195842,0.097694,0.822880,0.559754,-0.170565,0.567967,-0.805185),fov=55.000000,dt=0.015680},
	{cf=CFrame.new(3.049744,4.233704,63.249409,-0.981523,-0.012974,0.190908,0.098752,0.820219,0.563461,-0.163897,0.571903,-0.803782),fov=55.000000,dt=0.014906},
	{cf=CFrame.new(2.986969,4.228912,63.228966,-0.982830,-0.007822,0.184352,0.100117,0.816637,0.568402,-0.154995,0.577100,-0.801832),fov=55.000000,dt=0.016759},
	{cf=CFrame.new(2.924194,4.224121,63.208481,-0.984060,-0.002631,0.177820,0.101429,0.813015,0.573340,-0.146078,0.582238,-0.799789),fov=55.000000,dt=0.017127},
	{cf=CFrame.new(2.861420,4.219330,63.188038,-0.985214,0.002599,0.171313,0.102687,0.809354,0.578275,-0.137150,0.587316,-0.797654),fov=55.000000,dt=0.016181},
	{cf=CFrame.new(2.798615,4.214539,63.167580,-0.987530,0.015387,0.156683,0.106608,0.797681,0.593582,-0.115849,0.602884,-0.789374),fov=55.000000,dt=0.016310},
	{cf=CFrame.new(2.735809,4.209747,63.147125,-0.989426,0.028498,0.142219,0.110145,0.785586,0.608870,-0.094374,0.618096,-0.780418),fov=55.000000,dt=0.016909},
	{cf=CFrame.new(2.673035,4.204956,63.126671,-0.990891,0.041856,0.128003,0.113271,0.773144,0.624034,-0.072845,0.632849,-0.770842),fov=55.000000,dt=0.016391},
	{cf=CFrame.new(2.610229,4.200165,63.106197,-0.991927,0.055452,0.114048,0.115983,0.760361,0.639061,-0.051280,0.647130,-0.760654),fov=55.000000,dt=0.016975},
	{cf=CFrame.new(2.547455,4.195404,63.085754,-0.992537,0.069274,0.100364,0.118279,0.747245,0.653938,-0.029695,0.660929,-0.749862),fov=55.000000,dt=0.016744},
	{cf=CFrame.new(2.484680,4.190613,63.065300,-0.992722,0.083312,0.086963,0.120157,0.733803,0.668652,-0.008107,0.674235,-0.738474),fov=55.000000,dt=0.017399},
	{cf=CFrame.new(2.421875,4.185822,63.044827,-0.992487,0.097555,0.073856,0.121615,0.720045,0.683188,0.013469,0.687036,-0.726499),fov=55.000000,dt=0.015782},
	{cf=CFrame.new(2.343414,4.179840,63.019264,-0.991604,0.115629,0.057902,0.122845,0.702415,0.701087,0.040395,0.702314,-0.710722),fov=55.000000,dt=0.018025},
	{cf=CFrame.new(2.296295,4.176239,63.003895,-0.990764,0.126610,0.048565,0.123266,0.691611,0.711674,0.056517,0.711087,-0.700830),fov=55.000000,dt=0.015622},
	{cf=CFrame.new(2.233521,4.171448,62.983440,-0.993411,0.105092,0.045723,0.105287,0.679260,0.726306,0.045271,0.726335,-0.685849),fov=55.000000,dt=0.016601},
	{cf=CFrame.new(2.170715,4.166656,62.963017,-0.995615,0.083330,0.042526,0.087394,0.666194,0.740640,0.033387,0.741109,-0.670555),fov=55.000000,dt=0.016789},
	{cf=CFrame.new(2.107910,4.161865,62.942543,-0.997340,0.061661,0.038892,0.069764,0.652404,0.754654,0.021160,0.755359,-0.654970),fov=55.000000,dt=0.016611},
	{cf=CFrame.new(2.045135,4.157074,62.922089,-0.998589,0.040107,0.034823,0.052414,0.637903,0.768331,0.008602,0.769073,-0.639105),fov=55.000000,dt=0.016098},
	{cf=CFrame.new(1.982361,4.152283,62.901615,-0.999366,0.018685,0.030323,0.035359,0.622703,0.781659,-0.004277,0.782235,-0.622969),fov=55.000000,dt=0.017057},
	{cf=CFrame.new(1.919586,4.147491,62.881157,-0.999675,-0.002585,0.025395,0.018617,0.606821,0.794621,-0.017464,0.794835,-0.606575),fov=55.000000,dt=0.016343},
	{cf=CFrame.new(1.856781,4.142700,62.860733,-0.999519,-0.023684,0.020044,0.002201,0.590270,0.807203,-0.030949,0.806859,-0.589934),fov=55.000000,dt=0.016777},
	{cf=CFrame.new(1.793976,4.137939,62.840263,-0.999708,-0.021593,0.010882,-0.004686,0.614504,0.788900,-0.023722,0.788619,-0.614425),fov=55.000000,dt=0.016508},
	{cf=CFrame.new(1.731201,4.133148,62.819805,-0.999808,-0.019578,0.001577,-0.011290,0.638517,0.769525,-0.016073,0.769359,-0.638615),fov=55.000000,dt=0.017239},
	{cf=CFrame.new(1.668396,4.128357,62.799332,-0.999811,-0.017846,-0.007831,-0.017684,0.661922,0.749364,-0.008190,0.749360,-0.662113),fov=55.000000,dt=0.016310},
	{cf=CFrame.new(1.605621,4.123566,62.778877,-0.999716,-0.016400,-0.017331,-0.023860,0.684696,0.728438,-0.000080,0.728645,-0.684893),fov=55.000000,dt=0.020237},
	{cf=CFrame.new(1.475159,4.071533,62.688770,-0.999261,-0.014457,-0.035640,-0.034750,0.736502,0.675542,0.016482,0.676281,-0.736460),fov=55.000000,dt=0.034268},
	{cf=CFrame.new(1.457123,3.895599,62.485485,-0.999400,-0.014673,-0.031407,-0.031360,0.768819,0.638698,0.014775,0.639299,-0.768817),fov=55.000000,dt=0.014582},
	{cf=CFrame.new(1.421112,3.543762,62.078865,-0.999633,-0.014486,-0.022904,-0.024837,0.827819,0.560445,0.010842,0.560808,-0.827875),fov=55.000000,dt=0.032300},
	{cf=CFrame.new(1.398590,3.323853,61.824753,-0.999749,-0.013947,-0.017594,-0.020960,0.860674,0.508724,0.008047,0.508965,-0.860750),fov=55.000000,dt=0.023513},
	{cf=CFrame.new(1.266113,4.058838,60.908169,-0.996654,0.074456,-0.033743,0.045036,0.844613,0.533479,0.068220,0.530174,-0.845140),fov=55.000000,dt=0.026447},
	{cf=CFrame.new(1.164459,4.720398,60.305656,-0.996242,0.074415,-0.044325,0.035768,0.819516,0.571939,0.078885,0.568205,-0.819098),fov=55.000000,dt=0.022770},
	{cf=CFrame.new(1.044159,5.441132,59.823257,-0.983299,-0.171277,-0.061556,-0.172303,0.767092,0.617965,-0.058624,0.618251,-0.783792),fov=55.000000,dt=0.037264},
	{cf=CFrame.new(0.950592,6.001740,59.448071,-0.931591,-0.353316,-0.085477,-0.320442,0.687175,0.652003,-0.171625,0.634791,-0.753384),fov=55.000000,dt=0.028467},
	{cf=CFrame.new(0.903839,6.437012,59.105358,-0.943655,-0.321179,-0.079759,-0.289757,0.685455,0.667976,-0.159868,0.653449,-0.739897),fov=55.000000,dt=0.032403},
	{cf=CFrame.new(0.877594,6.802094,58.792038,-0.976605,-0.206619,-0.059610,-0.191748,0.711190,0.676344,-0.097352,0.671951,-0.734170),fov=55.000000,dt=0.032866},
	{cf=CFrame.new(0.861237,7.030243,58.596214,-0.989969,-0.133405,-0.046547,-0.129137,0.720617,0.681201,-0.057333,0.680379,-0.730615),fov=55.000000,dt=0.024069},
	{cf=CFrame.new(0.831726,7.440948,58.243767,-0.997424,-0.055606,-0.045324,-0.071655,0.741721,0.666870,-0.003464,0.668400,-0.743795),fov=55.000000,dt=0.035355},
	{cf=CFrame.new(0.805542,7.806030,57.930462,-0.996264,-0.049844,-0.070530,-0.083149,0.774348,0.627273,0.023349,0.630794,-0.775600),fov=55.000000,dt=0.032044},
	{cf=CFrame.new(0.789154,8.034210,57.734657,-0.995150,-0.046876,-0.086490,-0.089675,0.793744,0.601605,0.040450,0.606443,-0.794098),fov=55.000000,dt=0.021864},
	{cf=CFrame.new(0.759674,8.444916,57.382210,-0.992381,-0.042786,-0.115542,-0.100112,0.826650,0.553739,0.071821,0.561088,-0.824636),fov=55.000000,dt=0.040015},
	{cf=CFrame.new(0.736755,8.764343,57.108063,-0.991179,-0.075047,-0.109240,-0.123403,0.823240,0.554119,0.048346,0.562712,-0.825239),fov=55.000000,dt=0.028471},
	{cf=CFrame.new(0.713806,9.083801,56.833939,-0.988318,-0.121657,-0.091802,-0.152337,0.806851,0.570776,0.004631,0.578093,-0.815958),fov=55.000000,dt=0.030758},
	{cf=CFrame.new(0.694153,9.357635,56.598942,-0.986932,-0.142648,-0.074949,-0.159537,0.799564,0.579003,-0.022667,0.583394,-0.811874),fov=55.000000,dt=0.020733},
	{cf=CFrame.new(0.677795,9.585785,56.403118,-0.990235,-0.127433,-0.056533,-0.136648,0.806906,0.574656,-0.027613,0.576770,-0.816441),fov=55.000000,dt=0.022072},
	{cf=CFrame.new(0.654877,9.905243,56.128975,-0.993912,-0.105772,-0.030860,-0.104519,0.816452,0.567875,-0.034870,0.567643,-0.822537),fov=55.000000,dt=0.027467},
	{cf=CFrame.new(0.641052,10.152313,55.921936,-0.998670,-0.051116,-0.006805,-0.045862,0.820080,0.570408,-0.023576,0.569962,-0.821334),fov=55.000000,dt=0.028858},
	{cf=CFrame.new(0.624817,10.502258,55.632954,-0.997787,0.058421,0.031783,0.066027,0.812875,0.578683,0.007972,0.579501,-0.814933),fov=55.000000,dt=0.034820},
	{cf=CFrame.new(0.619446,10.666595,55.514668,-0.996725,0.071186,0.038378,0.080127,0.804980,0.587866,0.010954,0.589016,-0.808048),fov=55.000000,dt=0.025457},
	{cf=CFrame.new(0.619568,10.713379,55.493675,-0.998403,0.046947,0.031433,0.056433,0.801783,0.594944,0.002728,0.595768,-0.803153),fov=55.000000,dt=0.014545},
	{cf=CFrame.new(0.619751,10.775726,55.465668,-0.999653,0.014705,0.021865,0.024930,0.796482,0.604149,-0.008531,0.604484,-0.796572),fov=55.000000,dt=0.015296},
	{cf=CFrame.new(0.619873,10.822510,55.444675,-0.999852,-0.009402,0.014460,0.001390,0.791729,0.610870,-0.017191,0.610800,-0.791599),fov=55.000000,dt=0.015920},
	{cf=CFrame.new(0.620239,10.962860,55.381695,-0.996665,-0.081126,-0.008896,-0.068587,0.773525,0.630044,-0.044231,0.628553,-0.776509),fov=55.000000,dt=0.035218},
	{cf=CFrame.new(0.620392,11.025238,55.353722,-0.993440,-0.112632,-0.019811,-0.099293,0.763555,0.638063,-0.056740,0.635844,-0.769730),fov=55.000000,dt=0.016879},
	{cf=CFrame.new(0.621155,11.056030,55.344711,-0.991727,-0.125602,-0.026514,-0.113435,0.760755,0.639050,-0.060095,0.636771,-0.768708),fov=55.000000,dt=0.013613},
	{cf=CFrame.new(0.623322,11.053009,55.360703,-0.992745,-0.116516,-0.029712,-0.109104,0.768964,0.629913,-0.050548,0.628584,-0.776098),fov=55.000000,dt=0.027797},
	{cf=CFrame.new(0.625458,11.050018,55.376717,-0.987862,-0.136208,-0.074684,-0.152530,0.759509,0.632362,-0.029409,0.636078,-0.771065),fov=55.000000,dt=0.022358},
	{cf=CFrame.new(0.627258,11.047516,55.390083,-0.981934,-0.152297,-0.112307,-0.188840,0.750704,0.633074,-0.012106,0.642845,-0.765901),fov=55.000000,dt=0.021127},
	{cf=CFrame.new(0.630493,11.043030,55.414097,-0.986834,-0.136247,-0.087161,-0.159564,0.731953,0.662408,-0.026453,0.667594,-0.744056),fov=55.000000,dt=0.037015},
	{cf=CFrame.new(0.632629,11.040039,55.430126,-0.987860,-0.119741,-0.098976,-0.155338,0.769762,0.619142,0.002051,0.627000,-0.779017),fov=55.000000,dt=0.027929},
	{cf=CFrame.new(0.628479,11.282990,55.300240,-0.999010,-0.023974,-0.037496,-0.042164,0.779493,0.624990,0.014244,0.625952,-0.779732),fov=55.000000,dt=0.038314},
	{cf=CFrame.new(-4.947144,10.463287,54.641426,-0.009686,-0.040602,-0.999129,-0.256560,0.965829,-0.036762,0.966480,0.255980,-0.019772),fov=55.000000,dt=0.021641},
	{cf=CFrame.new(-2.110504,11.509918,54.752071,-0.002153,-0.042390,-0.999100,-0.276501,0.960175,-0.040143,0.961012,0.276166,-0.013788),fov=55.000000,dt=0.048666},
	{cf=CFrame.new(-2.249084,11.644745,54.506935,0.004038,-0.050427,-0.998720,-0.395297,0.917303,-0.047915,0.918545,0.394984,-0.016229),fov=55.000000,dt=0.030471},
	{cf=CFrame.new(-2.334259,11.720123,54.365925,0.010034,-0.054146,-0.998483,-0.459860,0.886427,-0.052691,0.887936,0.459691,-0.016006),fov=55.000000,dt=0.014974},
	{cf=CFrame.new(-2.419403,11.795532,54.224880,0.007488,-0.059287,-0.998213,-0.427998,0.901994,-0.056782,0.903749,0.427659,-0.018621),fov=55.000000,dt=0.015297},
	{cf=CFrame.new(-2.483307,11.852081,54.119076,0.003667,-0.063271,-0.997990,-0.377846,0.923925,-0.059964,0.925862,0.377306,-0.020518),fov=55.000000,dt=0.015038},
	{cf=CFrame.new(-2.568481,11.927490,53.978065,-0.000431,-0.068094,-0.997679,-0.309173,0.948808,-0.064625,0.951006,0.308428,-0.021462),fov=55.000000,dt=0.014944},
	{cf=CFrame.new(-2.653625,12.002899,53.837021,-0.003351,-0.072487,-0.997364,-0.238788,0.968575,-0.069592,0.971066,0.237926,-0.020555),fov=55.000000,dt=0.016138},
	{cf=CFrame.new(-2.738800,12.078278,53.695957,-0.003554,-0.076891,-0.997034,-0.209706,0.974927,-0.074438,0.977759,0.208820,-0.019590),fov=55.000000,dt=0.017827},
	{cf=CFrame.new(-2.909119,12.229065,53.413902,0.000139,-0.086119,-0.996285,-0.239274,0.967342,-0.083651,0.970953,0.238397,-0.020472),fov=55.000000,dt=0.033963},
	{cf=CFrame.new(-2.994263,12.304474,53.272873,0.002196,-0.090673,-0.995879,-0.253954,0.963181,-0.088256,0.967214,0.253101,-0.020911),fov=55.000000,dt=0.014762},
	{cf=CFrame.new(-3.058136,12.361023,53.167084,0.003832,-0.094060,-0.995560,-0.264916,0.959900,-0.091710,0.964265,0.264091,-0.021240),fov=55.000000,dt=0.014114},
	{cf=CFrame.new(-3.164581,12.455261,52.990814,0.006731,-0.099646,-0.995001,-0.283084,0.954130,-0.097467,0.959072,0.282325,-0.021786),fov=55.000000,dt=0.020593},
	{cf=CFrame.new(-3.210846,12.533203,52.869785,0.023286,-0.106431,-0.994048,-0.285652,0.952156,-0.108637,0.958051,0.286482,-0.008230),fov=55.000000,dt=0.021456},
	{cf=CFrame.new(-3.215729,12.599945,52.786781,0.049108,-0.114126,-0.992252,-0.277291,0.952839,-0.123317,0.959531,0.281198,0.015145),fov=55.000000,dt=0.020593},
	{cf=CFrame.new(-3.220581,12.666687,52.703762,0.074877,-0.121874,-0.989718,-0.268612,0.953353,-0.137718,0.960334,0.276162,0.038648),fov=55.000000,dt=0.020471},
	{cf=CFrame.new(-3.225433,12.733398,52.620739,0.100576,-0.129665,-0.986445,-0.259626,0.953699,-0.151831,0.960458,0.271377,0.062255),fov=55.000000,dt=0.020091},
	{cf=CFrame.new(-3.229034,12.787933,52.535557,0.124850,-0.137791,-0.982562,-0.240182,0.956658,-0.164677,0.962666,0.256554,0.086344),fov=55.000000,dt=0.020051},
	{cf=CFrame.new(-3.231720,12.834045,52.448860,0.148132,-0.146474,-0.978061,-0.213490,0.960917,-0.176241,0.965650,0.234913,0.111072),fov=55.000000,dt=0.019321},
	{cf=CFrame.new(-3.233887,12.870972,52.379478,0.166693,-0.153726,-0.973952,-0.191980,0.963808,-0.184982,0.967139,0.217815,0.131147),fov=55.000000,dt=0.019890},
	{cf=CFrame.new(-3.201233,12.926178,52.305672,0.193626,-0.154012,-0.968912,-0.165116,0.968398,-0.186927,0.967082,0.196176,0.162077),fov=55.000000,dt=0.020653},
	{cf=CFrame.new(-3.019836,13.019592,52.286144,0.237410,-0.116815,-0.964361,-0.139998,0.978265,-0.152965,0.961269,0.171324,0.215896),fov=55.000000,dt=0.019296},
	{cf=CFrame.new(-2.838501,13.113037,52.266617,0.282264,-0.081131,-0.955901,-0.116704,0.986113,-0.118157,0.952212,0.144908,0.268876),fov=55.000000,dt=0.019519},
	{cf=CFrame.new(-2.693390,13.187775,52.250999,0.318735,-0.053781,-0.946317,-0.099450,0.990981,-0.089815,0.942613,0.122738,0.310512),fov=55.000000,dt=0.020265},
	{cf=CFrame.new(-2.512024,13.281189,52.231476,0.364885,-0.016717,-0.930903,-0.085347,0.995029,-0.051322,0.927133,0.098177,0.361644),fov=55.000000,dt=0.020636},
	{cf=CFrame.new(-2.330658,13.374603,52.211964,0.411212,0.019743,-0.911327,-0.074859,0.997120,-0.012177,0.908461,0.073229,0.411506),fov=55.000000,dt=0.020189},
	{cf=CFrame.new(-2.179321,13.444702,52.111172,0.456804,0.055410,-0.887841,-0.066186,0.997409,0.028195,0.887102,0.045883,0.459288),fov=55.000000,dt=0.019125},
	{cf=CFrame.new(-2.095520,13.471802,51.929523,0.492364,0.083806,-0.866346,-0.060450,0.996243,0.062016,0.868288,0.021836,0.495580),fov=55.000000,dt=0.022915},
	{cf=CFrame.new(-1.844055,13.553162,51.384674,0.596856,0.159764,-0.786282,-0.052256,0.985635,0.160603,0.800646,-0.054769,0.596631),fov=55.000000,dt=0.044327},
	{cf=CFrame.new(-1.760254,13.580261,51.203026,0.630452,0.181777,-0.754645,-0.052525,0.979955,0.192169,0.774450,-0.081516,0.627363),fov=55.000000,dt=0.017201},
	{cf=CFrame.new(-1.736145,13.532440,50.876835,0.661295,0.203149,-0.722095,-0.053795,0.972995,0.224470,0.748195,-0.109596,0.654365),fov=55.000000,dt=0.015866},
	{cf=CFrame.new(-1.774292,13.406433,50.399933,0.689444,0.223904,-0.688865,-0.056009,0.964656,0.257490,0.722171,-0.138942,0.677618),fov=55.000000,dt=0.015071},
	{cf=CFrame.new(-1.802948,13.311920,50.042244,0.710062,0.238283,-0.662597,-0.058606,0.957735,0.281616,0.701697,-0.161132,0.694016),fov=55.000000,dt=0.016268},
	{cf=CFrame.new(-1.841095,13.185944,49.565327,0.736781,0.255832,-0.625863,-0.063304,0.947688,0.312860,0.673162,-0.190889,0.714434),fov=55.000000,dt=0.017062},
	{cf=CFrame.new(-1.879242,13.059937,49.088409,0.762505,0.271491,-0.587265,-0.069393,0.936779,0.342970,0.643251,-0.220765,0.733139),fov=55.000000,dt=0.016472},
	{cf=CFrame.new(-1.926971,12.902466,48.492317,0.793064,0.288357,-0.536564,-0.078916,0.922070,0.378892,0.604006,-0.258142,0.754016),fov=55.000000,dt=0.018289},
	{cf=CFrame.new(-1.955597,12.807953,48.134605,0.810458,0.297016,-0.504916,-0.085624,0.912736,0.399476,0.579506,-0.280526,0.765167),fov=55.000000,dt=0.015698},
	{cf=CFrame.new(-1.993744,12.681946,47.657688,0.832443,0.306839,-0.461400,-0.095693,0.899779,0.425723,0.545787,-0.310238,0.778377),fov=55.000000,dt=0.015460},
	{cf=CFrame.new(-2.031921,12.555969,47.180790,0.852942,0.314689,-0.416489,-0.107004,0.886319,0.450544,0.510923,-0.339721,0.789651),fov=55.000000,dt=0.016248},
	{cf=CFrame.new(-2.049866,12.362183,46.722477,0.869586,0.317467,-0.378201,-0.114354,0.874580,0.471204,0.480359,-0.366503,0.796826),fov=55.000000,dt=0.015383},
	{cf=CFrame.new(-2.003571,11.953125,46.323170,0.878307,0.309464,-0.364431,-0.105993,0.869321,0.482749,0.466201,-0.385374,0.796332),fov=55.000000,dt=0.016858},
	{cf=CFrame.new(-1.957306,11.544037,45.923859,0.886820,0.301140,-0.350523,-0.097984,0.863804,0.494209,0.451610,-0.403928,0.795545),fov=55.000000,dt=0.019027},
	{cf=CFrame.new(-1.911011,11.134949,45.524536,0.895112,0.292500,-0.336481,-0.090333,0.858039,0.505579,0.436595,-0.422154,0.794463),fov=55.000000,dt=0.015792},
	{cf=CFrame.new(-1.864716,10.725861,45.125229,0.903173,0.283544,-0.322307,-0.083046,0.852036,0.516853,0.421168,-0.440042,0.793084),fov=55.000000,dt=0.016163},
	{cf=CFrame.new(-1.818451,10.316772,44.725906,0.910990,0.274278,-0.308008,-0.076127,0.845809,0.528026,0.405342,-0.457579,0.791404),fov=55.000000,dt=0.014793},
	{cf=CFrame.new(-1.772186,9.907715,44.326599,0.918553,0.264705,-0.293588,-0.069582,0.839368,0.539092,0.389128,-0.474756,0.789422),fov=55.000000,dt=0.016789},
	{cf=CFrame.new(-1.737457,9.600861,44.027107,0.924050,0.257325,-0.282694,-0.064920,0.834403,0.547318,0.376720,-0.487397,0.787736),fov=55.000000,dt=0.016070},
	{cf=CFrame.new(-1.694580,8.922028,43.470963,0.930751,0.247145,-0.269487,-0.057814,0.827192,0.558937,0.361056,-0.504651,0.784198),fov=55.000000,dt=0.015180},
	{cf=CFrame.new(-1.651733,8.240295,42.913185,0.937205,0.236674,-0.256188,-0.051083,0.819753,0.570435,0.345018,-0.521528,0.780367),fov=55.000000,dt=0.017134},
	{cf=CFrame.new(-1.608856,7.558594,42.355358,0.943408,0.225916,-0.242787,-0.044746,0.812101,0.581799,0.328605,-0.538009,0.776251),fov=55.000000,dt=0.018031},
	{cf=CFrame.new(-1.501740,5.854218,40.960796,0.957735,0.197795,-0.208861,-0.030655,0.792127,0.609586,0.286018,-0.577418,0.764711),fov=55.000000,dt=0.037087},
	{cf=CFrame.new(-1.458893,5.172485,40.403019,0.962965,0.186070,-0.195138,-0.025730,0.783834,0.620437,0.268400,-0.592438,0.759592),fov=55.000000,dt=0.016664},
	{cf=CFrame.new(-1.416046,4.490753,39.845192,0.967893,0.174079,-0.181332,-0.021216,0.775387,0.631130,0.250468,-0.607019,0.754185),fov=55.000000,dt=0.017160},
	{cf=CFrame.new(-1.373169,3.809052,39.287430,0.972509,0.161829,-0.167450,-0.017115,0.766799,0.641659,0.232240,-0.621153,0.748488),fov=55.000000,dt=0.015832},
	{cf=CFrame.new(-1.380035,3.357880,38.936337,0.975218,0.142181,-0.169515,-0.003224,0.775228,0.631674,0.221224,-0.615473,0.756475),fov=55.000000,dt=0.017414},
	{cf=CFrame.new(-1.529846,2.819824,38.590584,0.975866,0.067907,-0.207544,0.058125,0.835357,0.546625,0.210494,-0.545497,0.811251),fov=55.000000,dt=0.017686},
	{cf=CFrame.new(-1.649689,2.389404,38.313957,0.974255,0.003942,-0.225418,0.106043,0.874329,0.473607,0.198957,-0.485318,0.851401),fov=55.000000,dt=0.019285},
	{cf=CFrame.new(-1.799500,1.851349,37.968185,0.969631,-0.079231,-0.231385,0.164745,0.910828,0.378486,0.180764,-0.405112,0.896220),fov=55.000000,dt=0.018165},
	{cf=CFrame.new(-1.919373,1.420898,37.691582,0.963786,-0.146458,-0.222864,0.210948,0.929962,0.301116,0.163154,-0.337224,0.927180),fov=55.000000,dt=0.018004},
	{cf=CFrame.new(-1.950623,1.308685,37.619465,0.961668,-0.152936,-0.227610,0.223111,0.918948,0.325200,0.159427,-0.363517,0.917845),fov=55.000000,dt=0.017614},
	{cf=CFrame.new(-1.950623,1.308685,37.619465,0.961929,-0.134289,-0.238035,0.222901,0.889456,0.398978,0.158143,-0.436847,0.885526),fov=55.000000,dt=0.018550},
	{cf=CFrame.new(-1.950623,1.308685,37.619465,0.961008,-0.143175,-0.236570,0.224032,0.904621,0.362588,0.162092,-0.401450,0.901424),fov=55.000000,dt=0.015727},
	{cf=CFrame.new(-1.950623,1.308685,37.619465,0.960315,-0.152471,-0.233556,0.224838,0.918698,0.324719,0.165057,-0.364345,0.916521),fov=55.000000,dt=0.017425},
	{cf=CFrame.new(-1.950623,1.308685,37.619465,0.959867,-0.161829,-0.229061,0.225363,0.931202,0.286488,0.166940,-0.326612,0.930299),fov=55.000000,dt=0.017069},
	{cf=CFrame.new(-1.950623,1.308685,37.619465,0.959639,-0.173477,-0.221358,0.225731,0.944587,0.238330,0.167747,-0.278679,0.945622),fov=55.000000,dt=0.022159},
	{cf=CFrame.new(-1.950623,1.308685,37.619465,0.959685,-0.179031,-0.216689,0.225818,0.950122,0.215116,0.167368,-0.255376,0.952246),fov=55.000000,dt=0.019417},
	{cf=CFrame.new(-1.950623,1.308685,37.619465,0.959739,-0.175332,-0.219458,0.225722,0.946403,0.231020,0.167190,-0.271255,0.947876),fov=55.000000,dt=0.021012},
	{cf=CFrame.new(-1.950623,1.308685,37.619465,0.959831,-0.171614,-0.221980,0.225600,0.942415,0.246897,0.166826,-0.287058,0.943275),fov=55.000000,dt=0.020809},
	{cf=CFrame.new(-1.950623,1.308685,37.619465,0.959962,-0.167884,-0.224255,0.225449,0.938158,0.262741,0.166276,-0.302779,0.938444),fov=55.000000,dt=0.021749},
	{cf=CFrame.new(-1.950623,1.308685,37.619465,0.960132,-0.164146,-0.226283,0.225263,0.933632,0.278545,0.165543,-0.318413,0.933386),fov=55.000000,dt=0.020321},
	{cf=CFrame.new(-1.950623,1.308685,37.619465,0.960343,-0.160408,-0.228063,0.225037,0.928840,0.294304,0.164625,-0.333955,0.928102),fov=55.000000,dt=0.021556},
	{cf=CFrame.new(-1.950623,1.308685,37.619465,0.960484,-0.160861,-0.227148,0.224848,0.929440,0.292549,0.164060,-0.332062,0.928881),fov=55.000000,dt=0.020456},
	{cf=CFrame.new(-1.950623,1.308685,37.619465,0.960605,-0.162416,-0.225522,0.224673,0.931467,0.286166,0.163589,-0.325561,0.931263),fov=55.000000,dt=0.020049},
	{cf=CFrame.new(-1.950623,1.308685,37.619465,0.960706,-0.163656,-0.224191,0.224533,0.933056,0.281055,0.163186,-0.320350,0.933139),fov=55.000000,dt=0.018310},
	{cf=CFrame.new(-1.950623,1.308685,37.619465,0.960811,-0.164891,-0.222833,0.224392,0.934615,0.275942,0.162762,-0.315130,0.934988),fov=55.000000,dt=0.016136},
	{cf=CFrame.new(-1.950623,1.308685,37.619465,0.960947,-0.166428,-0.221097,0.224215,0.936522,0.269546,0.162202,-0.308592,0.937263),fov=55.000000,dt=0.019196},
	{cf=CFrame.new(-1.950623,1.308685,37.619465,0.961088,-0.167957,-0.219319,0.224038,0.938382,0.263146,0.161608,-0.302042,0.939497),fov=55.000000,dt=0.019760},
	{cf=CFrame.new(-1.950623,1.308685,37.619465,0.961217,-0.167729,-0.218932,0.223871,0.938132,0.264178,0.161077,-0.302945,0.939298),fov=55.000000,dt=0.021553},
	{cf=CFrame.new(-1.950623,1.308685,37.619465,0.961316,-0.167176,-0.218917,0.223738,0.937485,0.266576,0.160666,-0.305244,0.938623),fov=55.000000,dt=0.021427},
	{cf=CFrame.new(-1.950623,1.308685,37.619465,0.961467,-0.166348,-0.218883,0.223535,0.936504,0.270171,0.160043,-0.308689,0.937603),fov=55.000000,dt=0.023223},
	{cf=CFrame.new(-1.950623,1.308685,37.619465,0.961595,-0.165660,-0.218846,0.223363,0.935676,0.273165,0.159516,-0.311556,0.936744),fov=55.000000,dt=0.019665},
	{cf=CFrame.new(-1.950623,1.308685,37.619465,0.961724,-0.164973,-0.218799,0.223189,0.934839,0.276156,0.158984,-0.314419,0.935877),fov=55.000000,dt=0.020938},
	{cf=CFrame.new(-1.950623,1.308685,37.619465,0.961853,-0.164287,-0.218745,0.223012,0.933993,0.279145,0.158446,-0.317279,0.935003),fov=55.000000,dt=0.018888},
	{cf=CFrame.new(-0.641296,0.303467,34.689064,0.888259,-0.178901,0.423074,0.057373,0.957036,0.284235,-0.455747,-0.228201,0.860360),fov=55.000000,dt=0.016779},
	{cf=CFrame.new(3.532715,-2.902069,25.395542,-0.778121,0.270560,0.566857,0.069369,0.933968,-0.350559,-0.624273,-0.233455,-0.745508),fov=55.000000,dt=0.020823},
	{cf=CFrame.new(3.489258,-2.870972,25.617336,-0.791849,0.227255,0.566861,0.017762,0.936365,-0.350578,-0.610460,-0.267537,-0.745496),fov=55.000000,dt=0.022155},
	{cf=CFrame.new(3.454498,-2.846069,25.794779,-0.789309,0.235370,0.567092,0.027131,0.936075,-0.350753,-0.613397,-0.261467,-0.745238),fov=55.000000,dt=0.017127},
	{cf=CFrame.new(3.411011,-2.814972,26.016592,-0.748421,0.320622,0.580576,0.181879,0.941044,-0.285229,-0.637799,-0.107877,-0.762612),fov=55.000000,dt=0.023007},
	{cf=CFrame.new(3.375824,-2.789795,26.196213,-0.798272,0.124091,0.589376,-0.012246,0.975000,-0.221869,-0.602174,-0.184329,-0.776795),fov=55.000000,dt=0.019503},
	{cf=CFrame.new(3.375824,-2.789795,26.196213,-0.797523,0.137203,0.587481,-0.012583,0.969801,-0.243573,-0.603159,-0.201647,-0.771712),fov=55.000000,dt=0.018475},
	{cf=CFrame.new(3.375824,-2.789795,26.196213,-0.796545,0.153531,0.584760,-0.013054,0.962625,-0.270523,-0.604439,-0.223118,-0.764770),fov=55.000000,dt=0.019323},
	{cf=CFrame.new(3.375824,-2.789795,26.196213,-0.795102,0.176263,0.580297,-0.013813,0.951323,-0.307887,-0.606319,-0.252818,-0.753964),fov=55.000000,dt=0.028806},
	{cf=CFrame.new(3.375824,-2.789795,26.196213,-0.794019,0.192392,0.576645,-0.014430,0.942363,-0.334281,-0.607722,-0.273746,-0.745478),fov=55.000000,dt=0.021079},
	{cf=CFrame.new(3.375824,-2.789795,26.196213,-0.792894,0.208422,0.572609,-0.015113,0.932673,-0.360407,-0.609173,-0.294418,-0.736361),fov=55.000000,dt=0.022414},
	{cf=CFrame.new(3.375824,-2.789795,26.196213,-0.792023,0.204085,0.575369,-0.015673,0.935360,-0.353350,-0.610291,-0.288879,-0.737628),fov=55.000000,dt=0.024026},
	{cf=CFrame.new(3.375824,-2.789795,26.196213,-0.791372,0.196274,0.578972,-0.016076,0.940051,-0.340654,-0.611125,-0.278891,-0.740775),fov=55.000000,dt=0.023198},
	{cf=CFrame.new(3.375824,-2.789795,26.196213,-0.790430,0.185262,0.583866,-0.016622,0.946330,-0.322774,-0.612327,-0.264836,-0.744929),fov=55.000000,dt=0.024653},
	{cf=CFrame.new(3.375824,-2.789795,26.196213,-0.789597,0.175755,0.587918,-0.017073,0.951441,-0.307358,-0.613389,-0.252727,-0.748254),fov=55.000000,dt=0.024491},
	{cf=CFrame.new(3.375824,-2.789795,26.196213,-0.789061,0.168948,0.590627,-0.017355,0.954925,-0.296341,-0.614071,-0.244081,-0.750562),fov=55.000000,dt=0.025391},
	{cf=CFrame.new(3.375824,-2.789795,26.196213,-0.789828,0.174145,0.588087,-0.016991,0.952263,-0.304805,-0.613093,-0.250736,-0.749166),fov=55.000000,dt=0.024976},
	{cf=CFrame.new(3.375824,-2.789795,26.196213,-0.791893,0.188327,0.580895,-0.015944,0.944557,-0.327960,-0.610452,-0.268971,-0.744986),fov=55.000000,dt=0.038303},
	{cf=CFrame.new(3.375824,-2.789795,26.196213,-0.792627,0.193443,0.578207,-0.015546,0.941614,-0.336334,-0.609509,-0.275576,-0.743342),fov=55.000000,dt=0.018249},
	{cf=CFrame.new(3.375824,-2.789795,26.196213,-0.793353,0.198537,0.575479,-0.015140,0.938597,-0.344682,-0.608575,-0.282167,-0.741633),fov=55.000000,dt=0.016619},
	{cf=CFrame.new(3.375824,-2.789795,26.196213,-0.794251,0.203608,0.572459,-0.014618,0.935503,-0.353015,-0.607414,-0.288751,-0.740048),fov=55.000000,dt=0.021584},
	{cf=CFrame.new(3.375824,-2.789795,26.196213,-0.795164,0.203277,0.571309,-0.014087,0.935693,-0.352534,-0.606232,-0.288370,-0.741166),fov=55.000000,dt=0.021126},
	{cf=CFrame.new(3.375824,-2.789795,26.196213,-0.796075,0.202947,0.570157,-0.013555,0.935882,-0.352053,-0.605047,-0.287989,-0.742281),fov=55.000000,dt=0.017659},
	{cf=CFrame.new(3.375824,-2.789795,26.196213,-0.796802,0.202683,0.569234,-0.013131,0.936033,-0.351667,-0.604099,-0.287683,-0.743172),fov=55.000000,dt=0.018652},
	{cf=CFrame.new(3.375824,-2.789795,26.196213,-0.797528,0.202419,0.568310,-0.012707,0.936184,-0.351280,-0.603149,-0.287377,-0.744061),fov=55.000000,dt=0.016009},
	{cf=CFrame.new(3.375824,-2.789795,26.196213,-0.798253,0.202156,0.567385,-0.012284,0.936335,-0.350893,-0.602198,-0.287071,-0.744949),fov=55.000000,dt=0.014604},
	{cf=CFrame.new(1.965668,3.284698,29.677170,0.189675,-0.441075,0.877199,-0.643242,0.619165,0.450416,-0.741798,-0.649684,-0.166278),fov=55.000000,dt=0.017506},
	{cf=CFrame.new(0.395996,8.835358,32.875965,0.995974,0.008625,-0.089236,0.087840,0.105180,0.990566,0.017930,-0.994416,0.103999),fov=55.000000,dt=0.019914},
	{cf=CFrame.new(0.129578,6.288818,31.471497,0.999684,0.002676,-0.025029,0.025108,-0.034989,0.999072,0.001797,-0.999385,-0.035045),fov=55.000000,dt=0.031744},
	{cf=CFrame.new(-0.108704,4.010925,30.215172,0.999629,-0.003743,-0.026985,0.026736,-0.055445,0.998104,-0.005232,-0.998455,-0.055325),fov=55.000000,dt=0.038832},
	{cf=CFrame.new(-0.108704,4.010895,30.215172,0.999372,0.001264,-0.035429,0.034787,-0.227518,0.973152,-0.006831,-0.973774,-0.227419),fov=55.000000,dt=0.033039},
	{cf=CFrame.new(-0.108704,4.010895,30.215172,0.999320,0.003563,-0.036729,0.036799,-0.170272,0.984710,-0.002745,-0.985391,-0.170288),fov=55.000000,dt=0.019553},
	{cf=CFrame.new(-0.108704,4.010895,30.215172,0.999341,0.003639,-0.036135,0.036318,-0.100780,0.994245,-0.000024,-0.994903,-0.100846),fov=55.000000,dt=0.025572},
	{cf=CFrame.new(-0.108704,4.010895,30.215172,0.999433,0.001644,-0.033644,0.033684,-0.042563,0.998526,0.000209,-0.999093,-0.042595),fov=55.000000,dt=0.022772},
	{cf=CFrame.new(-0.108704,4.010925,30.215172,0.999573,-0.002047,-0.029171,0.029200,0.015637,0.999451,-0.001589,-0.999876,0.015690),fov=55.000000,dt=0.021047},
	{cf=CFrame.new(-0.108704,4.010925,30.215172,0.999745,-0.008460,-0.020991,0.021635,0.085080,0.996139,-0.006641,-0.996339,0.085241),fov=55.000000,dt=0.022058},
	{cf=CFrame.new(-0.108704,4.010925,30.215172,0.999685,-0.006875,-0.024170,0.024524,0.057052,0.998070,-0.005483,-0.998348,0.057203),fov=55.000000,dt=0.024358},
	{cf=CFrame.new(-0.108704,4.010925,30.215172,0.999634,-0.005802,-0.026436,0.026618,0.033846,0.999072,-0.004902,-0.999411,0.033988),fov=55.000000,dt=0.015257},
	{cf=CFrame.new(-0.108704,4.010925,30.215172,0.999585,-0.004972,-0.028379,0.028431,0.010591,0.999540,-0.004669,-0.999932,0.010728),fov=55.000000,dt=0.015230},
	{cf=CFrame.new(-0.108704,4.010925,30.215172,0.999530,-0.004294,-0.030366,0.030281,-0.018516,0.999370,-0.004854,-0.999820,-0.018377),fov=55.000000,dt=0.024318},
	{cf=CFrame.new(-0.108704,4.010925,30.215172,0.999484,-0.004035,-0.031879,0.031651,-0.047634,0.998363,-0.005547,-0.998857,-0.047482),fov=55.000000,dt=0.020758},
	{cf=CFrame.new(-0.108704,4.010925,30.215172,0.999455,-0.004143,-0.032761,0.032385,-0.070914,0.996957,-0.006454,-0.997475,-0.070741),fov=55.000000,dt=0.016540},
	{cf=CFrame.new(-0.108704,4.010925,30.215172,0.999461,-0.004344,-0.032550,0.032180,-0.068062,0.997162,-0.006547,-0.997672,-0.067885),fov=55.000000,dt=0.015668},
	{cf=CFrame.new(-0.108704,4.010925,30.215172,0.999485,-0.004651,-0.031779,0.031489,-0.052828,0.998107,-0.006321,-0.998593,-0.052655),fov=55.000000,dt=0.019286},
	{cf=CFrame.new(-0.108704,4.010925,30.215172,0.999511,-0.005076,-0.030877,0.030665,-0.037590,0.998823,-0.006231,-0.999281,-0.037416),fov=55.000000,dt=0.019560},
	{cf=CFrame.new(-0.108704,4.010925,30.215172,0.999534,-0.005500,-0.030061,0.029912,-0.025400,0.999230,-0.006259,-0.999663,-0.025224),fov=55.000000,dt=0.020224},
	{cf=CFrame.new(-0.108704,4.010925,30.215172,0.999564,-0.006130,-0.028920,0.028857,-0.010166,0.999532,-0.006421,-0.999930,-0.009985),fov=55.000000,dt=0.019242},
	{cf=CFrame.new(-0.108704,4.010925,30.215172,0.999590,-0.006300,-0.027947,0.027901,-0.007201,0.999585,-0.006499,-0.999955,-0.007023),fov=55.000000,dt=0.020973},
	{cf=CFrame.new(-0.108704,4.010925,30.215172,0.999609,-0.006149,-0.027305,0.027232,-0.011666,0.999561,-0.006465,-0.999914,-0.011494),fov=55.000000,dt=0.018087},
	{cf=CFrame.new(-0.108704,4.010925,30.215172,0.999627,-0.006011,-0.026653,0.026553,-0.016130,0.999517,-0.006438,-0.999853,-0.015964),fov=55.000000,dt=0.016390},
	{cf=CFrame.new(-0.108704,4.010925,30.215172,0.999650,-0.005860,-0.025821,0.025688,-0.021707,0.999434,-0.006417,-0.999748,-0.021549),fov=55.000000,dt=0.020209},
	{cf=CFrame.new(-0.108704,4.010925,30.215172,0.999668,-0.005755,-0.025142,0.024983,-0.026168,0.999345,-0.006409,-0.999642,-0.026015),fov=55.000000,dt=0.016065},
	{cf=CFrame.new(-0.108704,4.010925,30.215172,0.999686,-0.005663,-0.024452,0.024268,-0.030627,0.999236,-0.006408,-0.999516,-0.030480),fov=55.000000,dt=0.014479},
	{cf=CFrame.new(1.021362,-0.017792,25.793432,-0.610526,0.556870,-0.563166,0.591862,0.793291,0.142788,0.526269,-0.246141,-0.813915),fov=55.000000,dt=0.015862},
	{cf=CFrame.new(1.289734,-1.596008,23.781254,-0.994572,0.078769,-0.067996,0.089269,0.981643,-0.168547,0.053472,-0.173702,-0.983346),fov=55.000000,dt=0.016022},
	{cf=CFrame.new(1.105286,-1.782379,23.196560,-0.996866,0.059636,-0.051999,0.072740,0.949338,-0.305722,0.031133,-0.308546,-0.950700),fov=55.000000,dt=0.017304},
	{cf=CFrame.new(0.782532,-2.108551,22.173304,-0.999017,0.035524,-0.026533,0.043515,0.900344,-0.432997,0.008507,-0.433726,-0.901005),fov=55.000000,dt=0.030054},
	{cf=CFrame.new(0.459747,-2.434723,21.150038,-0.999572,0.021201,-0.020208,0.026220,0.955181,-0.294860,0.013051,-0.295264,-0.955327),fov=55.000000,dt=0.027040},
	{cf=CFrame.new(0.183075,-2.714294,20.272863,-0.999829,0.008253,-0.016566,0.010966,0.985197,-0.171074,0.014909,-0.171226,-0.985120),fov=55.000000,dt=0.029046},
	{cf=CFrame.new(-0.049957,-2.949799,18.401758,-0.997422,-0.014830,-0.070217,0.016607,0.904160,-0.426871,0.069818,-0.426936,-0.901583),fov=55.000000,dt=0.069295},
	{cf=CFrame.new(-0.049957,-2.949799,17.677603,-0.994765,0.032102,-0.097028,0.075481,0.870838,-0.485740,0.068902,-0.490520,-0.868702),fov=55.000000,dt=0.025052},
	{cf=CFrame.new(-0.049957,-2.949799,16.643097,-0.988174,0.111161,-0.105623,0.145614,0.896145,-0.419190,0.048056,-0.429613,-0.901734),fov=55.000000,dt=0.039521},
	{cf=CFrame.new(-0.049957,-2.949799,16.229357,-0.990023,0.093986,-0.104987,0.127282,0.916132,-0.380133,0.060455,-0.389704,-0.918954),fov=55.000000,dt=0.018029},
	{cf=CFrame.new(-0.049988,-2.949799,15.815634,-0.991541,0.076080,-0.105163,0.107771,0.934102,-0.340352,0.072339,-0.348806,-0.934400),fov=55.000000,dt=0.015587},
	{cf=CFrame.new(-0.049957,-2.949799,15.401842,-0.996009,0.040180,-0.079709,0.064525,0.941116,-0.331868,0.061681,-0.335687,-0.939953),fov=55.000000,dt=0.016475},
	{cf=CFrame.new(-0.049957,-2.949799,14.988052,-0.998524,0.003591,-0.054202,0.020923,0.946250,-0.322758,0.050129,-0.323416,-0.944929),fov=55.000000,dt=0.017716},
	{cf=CFrame.new(-0.049957,-2.949799,14.574265,-0.999567,-0.005602,-0.028918,0.003724,0.949837,-0.312724,0.029219,-0.312696,-0.949404),fov=55.000000,dt=0.017221},
	{cf=CFrame.new(-0.049957,-2.949799,14.057053,-0.999852,-0.017024,0.002589,-0.017018,0.953919,-0.299581,0.002631,-0.299581,-0.954068),fov=55.000000,dt=0.019476},
	{cf=CFrame.new(-0.049957,-2.949799,13.229490,-0.998367,-0.027936,0.049851,-0.041060,0.957411,-0.285794,-0.039744,-0.287374,-0.956994),fov=55.000000,dt=0.035843},
	{cf=CFrame.new(-0.049988,-2.949799,12.194984,-0.996157,0.035812,0.079938,0.005783,0.937501,-0.347934,-0.087403,-0.346135,-0.934105),fov=55.000000,dt=0.041019},
	{cf=CFrame.new(-0.049957,-2.949799,11.057038,-0.993616,-0.013576,0.112004,-0.059119,0.908184,-0.414375,-0.096095,-0.418351,-0.903189),fov=55.000000,dt=0.044923},
	{cf=CFrame.new(-0.049957,-2.949799,10.643282,-0.993072,-0.026690,0.114444,-0.074340,0.896920,-0.435899,-0.091013,-0.441387,-0.892690),fov=55.000000,dt=0.020999},
	{cf=CFrame.new(-0.049957,-2.949799,9.712361,-0.994729,-0.035652,0.096153,-0.077704,0.873915,-0.479827,-0.066923,-0.484769,-0.872079),fov=55.000000,dt=0.032039},
	{cf=CFrame.new(-0.049988,-2.949799,9.298589,-0.996014,-0.014970,0.087935,-0.057044,0.864781,-0.498899,-0.068576,-0.501927,-0.862188),fov=55.000000,dt=0.017745},
	{cf=CFrame.new(-0.049957,-2.949799,8.884783,-0.996762,0.014451,0.079114,-0.028682,0.855159,-0.517572,-0.075134,-0.518165,-0.851975),fov=55.000000,dt=0.017697},
	{cf=CFrame.new(-0.049957,-2.949799,8.264065,-0.996105,0.059320,0.065248,0.014908,0.842550,-0.538412,-0.086913,-0.535342,-0.840153),fov=55.000000,dt=0.023062},
	{cf=CFrame.new(-0.049957,-2.949799,7.746852,-0.993243,0.101800,0.055728,0.057380,0.848144,-0.526650,-0.100878,-0.519894,-0.848255),fov=55.000000,dt=0.021937},
	{cf=CFrame.new(-0.049957,-2.949799,7.126138,-0.987225,0.152815,0.045110,0.108494,0.852061,-0.512076,-0.116689,-0.500640,-0.857755),fov=55.000000,dt=0.025703},
	{cf=CFrame.new(-0.049988,-2.949799,6.505404,-0.982557,0.182577,0.035338,0.141225,0.856203,-0.496963,-0.120991,-0.483304,-0.867052),fov=55.000000,dt=0.021933},
	{cf=CFrame.new(-0.049957,-2.949799,5.884686,-0.985399,0.168330,0.025581,0.135423,0.865934,-0.481476,-0.103199,-0.470981,-0.876087),fov=55.000000,dt=0.024989},
	{cf=CFrame.new(-0.049957,-2.949799,5.263953,-0.987919,0.154195,0.015544,0.129290,0.875325,-0.465929,-0.085450,-0.458290,-0.884686),fov=55.000000,dt=0.025212},
	{cf=CFrame.new(-0.049988,-2.949799,4.643253,-0.991693,0.128069,0.012049,0.108180,0.881018,-0.460548,-0.069598,-0.455418,-0.887554),fov=55.000000,dt=0.026683},
	{cf=CFrame.new(-0.049988,-2.949799,3.712317,-0.996781,0.079268,0.012048,0.064832,0.885260,-0.460556,-0.047172,-0.458292,-0.887549),fov=55.000000,dt=0.053423},
	{cf=CFrame.new(-0.049957,-2.949799,2.574402,-0.997962,0.062662,0.012047,0.050084,0.886195,-0.460598,-0.039538,-0.459056,-0.887527),fov=55.000000,dt=0.034257},
	{cf=CFrame.new(-0.049957,-2.949799,1.850246,-0.997962,0.062662,0.012047,0.050084,0.886195,-0.460598,-0.039538,-0.459056,-0.887527),fov=55.000000,dt=0.025093},
	{cf=CFrame.new(-0.069427,-2.949402,1.655412,-0.998350,0.055784,0.013646,0.042104,0.872566,-0.486678,-0.039056,-0.485300,-0.873475),fov=55.000000,dt=0.024613},
	{cf=CFrame.new(-0.098969,-2.948792,1.524767,-0.998830,0.045470,0.016456,0.030049,0.850271,-0.525487,-0.037886,-0.524377,-0.850643),fov=55.000000,dt=0.023605},
	{cf=CFrame.new(-0.123596,-2.948303,1.415925,-0.999131,0.037021,0.019142,0.020093,0.830273,-0.556995,-0.036513,-0.556127,-0.830295),fov=55.000000,dt=0.020086},
	{cf=CFrame.new(-0.158081,-2.947632,1.263512,-0.999402,0.025437,0.023413,0.006315,0.800163,-0.599750,-0.033990,-0.599244,-0.799845),fov=55.000000,dt=0.028360},
	{cf=CFrame.new(-0.187622,-2.947021,1.132868,-0.999497,0.015759,0.027538,-0.005318,0.772454,-0.635048,-0.031280,-0.634875,-0.771981),fov=55.000000,dt=0.027681},
	{cf=CFrame.new(-0.218384,-2.943207,0.996092,-0.999659,0.009300,0.024402,-0.008753,0.761052,-0.648632,-0.024603,-0.648624,-0.760711),fov=55.000000,dt=0.026855},
	{cf=CFrame.new(-0.240356,-2.936218,0.897248,-0.999886,0.009410,0.011841,-0.000131,0.777495,-0.628889,-0.015124,-0.628818,-0.777405),fov=55.000000,dt=0.027179},
	{cf=CFrame.new(-0.265961,-2.928040,0.781960,-0.999946,0.009951,-0.002851,0.009647,0.796006,-0.605211,-0.003753,-0.605207,-0.796060),fov=55.000000,dt=0.029863},
	{cf=CFrame.new(-0.291565,-2.919891,0.666671,-0.999786,0.010937,-0.017569,0.019109,0.813775,-0.580865,0.007944,-0.581077,-0.813810),fov=55.000000,dt=0.028314},
	{cf=CFrame.new(-0.313538,-2.912872,0.567818,-0.999471,0.011958,-0.030256,0.026959,0.824984,-0.564513,0.018210,-0.565030,-0.824869),fov=55.000000,dt=0.021738},
	{cf=CFrame.new(-0.342804,-2.903595,0.436056,-0.998793,0.012062,-0.047607,0.037394,0.815188,-0.577989,0.031837,-0.579072,-0.814655),fov=55.000000,dt=0.036576},
	{cf=CFrame.new(-0.368439,-2.895416,0.320735,-0.997958,0.011909,-0.062755,0.046694,0.806408,-0.589513,0.043586,-0.591239,-0.805317),fov=55.000000,dt=0.028510},
	{cf=CFrame.new(-0.386688,-2.889618,0.238386,-0.997223,0.011660,-0.073550,0.053429,0.800021,-0.597588,0.051874,-0.599859,-0.798423),fov=55.000000,dt=0.020601},
	{cf=CFrame.new(-0.404999,-2.883759,0.156050,-0.996374,0.011295,-0.084323,0.060242,0.793538,-0.605531,0.060074,-0.608416,-0.791341),fov=55.000000,dt=0.018023},
	{cf=CFrame.new(-0.414368,-2.883240,0.123362,-0.997087,0.012108,-0.075304,0.054994,0.798248,-0.599814,0.052848,-0.602208,-0.796589),fov=55.000000,dt=0.016775},
	{cf=CFrame.new(-0.418213,-2.887024,0.125658,-0.998773,0.013639,-0.047603,0.038790,0.813054,-0.580895,0.030781,-0.582029,-0.812585),fov=55.000000,dt=0.018914},
	{cf=CFrame.new(-0.422028,-2.890839,0.127920,-0.999700,0.014478,-0.019772,0.023082,0.827333,-0.561238,0.008232,-0.561525,-0.827419),fov=55.000000,dt=0.017587},
	{cf=CFrame.new(-0.426788,-2.895599,0.130770,-0.999780,0.014552,0.015143,0.004178,0.844418,-0.535669,-0.020582,-0.535487,-0.844292),fov=55.000000,dt=0.021964},
	{cf=CFrame.new(-0.478394,-2.899902,0.121979,-0.981719,-0.001391,0.190333,-0.077398,0.916483,-0.392515,-0.173891,-0.400071,-0.899836),fov=55.000000,dt=0.019562},
	{cf=CFrame.new(-0.210022,-1.652954,1.286888,0.104854,0.013555,0.994395,-0.268128,0.963264,0.015142,-0.957660,-0.268213,0.104637),fov=55.000000,dt=0.026534},
	{cf=CFrame.new(0.063385,-0.359314,2.508783,0.998617,0.018800,-0.049094,-0.006073,0.968870,0.247495,0.052219,-0.246855,0.967645),fov=55.000000,dt=0.027682},
	{cf=CFrame.new(0.060913,-0.229675,2.699818,0.998665,0.017489,-0.048598,-0.004640,0.967505,0.252812,0.051441,-0.252249,0.966294),fov=55.000000,dt=0.019912},
	{cf=CFrame.new(0.058411,-0.100067,2.890856,0.998712,0.016172,-0.048085,-0.003216,0.966107,0.258120,0.050630,-0.257633,0.964915),fov=55.000000,dt=0.019369},
	{cf=CFrame.new(0.056427,0.003662,3.043709,0.998749,0.015115,-0.047663,-0.002083,0.964967,0.262360,0.049959,-0.261933,0.963792),fov=55.000000,dt=0.016055},
	{cf=CFrame.new(0.054474,0.107361,3.196534,0.998785,0.014054,-0.047229,-0.000955,0.963808,0.266594,0.049267,-0.266225,0.962651),fov=55.000000,dt=0.015818},
	{cf=CFrame.new(0.052460,0.211090,3.349380,0.998821,0.012989,-0.046784,0.000167,0.962630,0.270822,0.048554,-0.270510,0.961492),fov=55.000000,dt=0.016512},
	{cf=CFrame.new(0.050964,0.288879,3.464031,0.998847,0.012188,-0.046444,0.001005,0.961732,0.273989,0.048006,-0.273720,0.960611),fov=55.000000,dt=0.014706},
	{cf=CFrame.new(0.048981,0.392578,3.616863,0.998881,0.011117,-0.045980,0.002117,0.960519,0.278206,0.047258,-0.277992,0.959420),fov=55.000000,dt=0.016569},
	{cf=CFrame.new(0.044830,0.472412,3.746456,0.998910,0.010050,-0.045574,0.003234,0.959284,0.282422,0.046557,-0.282262,0.958207),fov=55.000000,dt=0.016499},
	{cf=CFrame.new(0.038330,0.527069,3.851557,0.998936,0.008988,-0.045229,0.004359,0.958029,0.286639,0.045907,-0.286532,0.956970),fov=55.000000,dt=0.015825},
	{cf=CFrame.new(0.031860,0.581696,3.956647,0.998961,0.007922,-0.044873,0.005477,0.956753,0.290850,0.045237,-0.290794,0.955716),fov=55.000000,dt=0.015155},
	{cf=CFrame.new(0.025360,0.636383,4.061726,0.998986,0.006853,-0.044506,0.006591,0.955458,0.295054,0.044546,-0.295048,0.954444),fov=55.000000,dt=0.017011},
	{cf=CFrame.new(0.018860,0.691010,4.166811,0.999009,0.005780,-0.044129,0.007698,0.954143,0.299251,0.043835,-0.299294,0.953153),fov=55.000000,dt=0.017547},
	{cf=CFrame.new(0.012390,0.745667,4.271912,0.999032,0.004704,-0.043740,0.008799,0.952809,0.303442,0.043103,-0.303533,0.951846),fov=55.000000,dt=0.015210},
	{cf=CFrame.new(0.002625,0.827667,4.429575,0.999065,0.003082,-0.043137,0.010440,0.950772,0.309715,0.041968,-0.309876,0.949850),fov=55.000000,dt=0.025536},
	{cf=CFrame.new(-0.005493,0.895966,4.560930,0.999090,0.001723,-0.042614,0.011796,0.949041,0.314930,0.040986,-0.315147,0.948158),fov=55.000000,dt=0.021289},
	{cf=CFrame.new(-0.013641,0.964294,4.692287,0.999114,0.000359,-0.042076,0.013142,0.947281,0.320135,0.039972,-0.320404,0.946437),fov=55.000000,dt=0.021998},
	{cf=CFrame.new(-0.018250,1.018555,4.784588,0.999114,0.000293,-0.042090,0.013213,0.947244,0.320240,0.039963,-0.320512,0.946401),fov=55.000000,dt=0.021867},
	{cf=CFrame.new(-0.020966,1.071930,4.862698,0.999093,0.001302,-0.042570,0.012233,0.948646,0.316101,0.040796,-0.316335,0.947770),fov=55.000000,dt=0.023610},
	{cf=CFrame.new(-0.023193,1.116425,4.927799,0.999074,0.002139,-0.042962,0.011411,0.949800,0.312648,0.041474,-0.312849,0.948897),fov=55.000000,dt=0.021793},
	{cf=CFrame.new(-0.025024,1.152008,4.979864,0.999060,0.002806,-0.043270,0.010751,0.950715,0.309882,0.042007,-0.310055,0.949790),fov=55.000000,dt=0.017469},
	{cf=CFrame.new(-0.027740,1.205414,5.057957,0.999036,0.003804,-0.043723,0.009755,0.952070,0.305726,0.042791,-0.305858,0.951115),fov=55.000000,dt=0.022292},
	{cf=CFrame.new(-0.029510,1.240997,5.110035,0.999021,0.004468,-0.044020,0.009087,0.952963,0.302952,0.043303,-0.303055,0.951989),fov=55.000000,dt=0.019514},
	{cf=CFrame.new(-0.029144,1.278839,5.169773,0.999000,0.005295,-0.044396,0.008252,0.954066,0.299481,0.043942,-0.299548,0.953069),fov=55.000000,dt=0.017744},
	{cf=CFrame.new(-0.019897,1.286407,5.199226,0.998981,0.005962,-0.044735,0.007588,0.954939,0.296703,0.044488,-0.296740,0.953921),fov=55.000000,dt=0.015540},
	{cf=CFrame.new(-0.010651,1.293976,5.228678,0.998962,0.006626,-0.045071,0.006921,0.955804,0.293923,0.045026,-0.293930,0.954766),fov=55.000000,dt=0.019033},
	{cf=CFrame.new(0.000946,1.303436,5.265511,0.998937,0.007454,-0.045482,0.006084,0.956873,0.290443,0.045686,-0.290411,0.955811),fov=55.000000,dt=0.022302},
	{cf=CFrame.new(0.012512,1.312897,5.302332,0.998912,0.008279,-0.045886,0.005243,0.957928,0.286959,0.046331,-0.286887,0.956843),fov=55.000000,dt=0.021455},
	{cf=CFrame.new(0.024078,1.322357,5.339134,0.998887,0.009101,-0.046283,0.004397,0.958971,0.283470,0.046964,-0.283358,0.957864),fov=55.000000,dt=0.020810},
	{cf=CFrame.new(0.037994,1.333710,5.383335,0.998856,0.010084,-0.046749,0.003377,0.960205,0.279277,0.047705,-0.279116,0.959072),fov=55.000000,dt=0.022073},
	{cf=CFrame.new(0.049500,1.343170,5.420172,0.998884,0.010148,-0.046123,0.002865,0.961816,0.273680,0.047139,-0.273507,0.960714),fov=55.000000,dt=0.022562},
	{cf=CFrame.new(0.061096,1.352631,5.456974,0.998951,0.009691,-0.044757,0.002596,0.963800,0.266612,0.045721,-0.266448,0.962764),fov=55.000000,dt=0.023112},
	{cf=CFrame.new(0.069763,1.354767,5.481737,0.999017,0.009188,-0.043372,0.002319,0.966121,0.258082,0.044274,-0.257928,0.965149),fov=55.000000,dt=0.022779},
	{cf=CFrame.new(0.067383,1.337646,5.466015,0.999055,0.008769,-0.042569,0.002130,0.968382,0.249461,0.043410,-0.249316,0.967449),fov=55.000000,dt=0.022311},
	{cf=CFrame.new(0.065826,1.326233,5.455530,0.999082,0.008490,-0.041998,0.002004,0.969847,0.243706,0.042801,-0.243567,0.968939),fov=55.000000,dt=0.017649},
	{cf=CFrame.new(0.064270,1.314819,5.445059,0.999109,0.008211,-0.041400,0.001878,0.971277,0.237945,0.042164,-0.237811,0.970396),fov=55.000000,dt=0.016126},
	{cf=CFrame.new(0.062683,1.303406,5.434572,0.999137,0.007932,-0.040773,0.001753,0.972672,0.232178,0.041500,-0.232049,0.971818),fov=55.000000,dt=0.016823},
	{cf=CFrame.new(0.061096,1.292023,5.424088,0.999166,0.007654,-0.040117,0.001629,0.974032,0.226405,0.040808,-0.226282,0.973207),fov=55.000000,dt=0.018360},
	{cf=CFrame.new(0.059540,1.280609,5.413616,0.999195,0.007377,-0.039433,0.001506,0.975357,0.220627,0.040089,-0.220509,0.974561),fov=55.000000,dt=0.017125},
	{cf=CFrame.new(0.057953,1.269196,5.403147,0.999225,0.007102,-0.038720,0.001384,0.976647,0.214844,0.039342,-0.214731,0.975881),fov=55.000000,dt=0.017616},
	{cf=CFrame.new(0.056030,1.254913,5.390026,0.999263,0.006760,-0.037790,0.001234,0.978211,0.207608,0.038370,-0.207502,0.977482),fov=55.000000,dt=0.018748},
	{cf=CFrame.new(0.054474,1.243500,5.379541,0.999294,0.006488,-0.037014,0.001117,0.979423,0.201814,0.037562,-0.201713,0.978724),fov=55.000000,dt=0.016067},
	{cf=CFrame.new(0.052917,1.232117,5.369070,0.999325,0.006218,-0.036210,0.001001,0.980600,0.196016,0.036726,-0.195920,0.979932),fov=55.428570,dt=0.015691},
	{cf=CFrame.new(0.051331,1.220703,5.358599,0.999356,0.005951,-0.035378,0.000888,0.981742,0.190215,0.035864,-0.190124,0.981105),fov=55.857143,dt=0.016967},
	{cf=CFrame.new(0.049774,1.209290,5.348114,0.999388,0.005686,-0.034517,0.000778,0.982849,0.184410,0.034973,-0.184324,0.982243),fov=56.285713,dt=0.016029},
	{cf=CFrame.new(0.048553,1.200714,5.340261,0.999412,0.005489,-0.033852,0.000697,0.983657,0.180053,0.034287,-0.179971,0.983074),fov=56.285713,dt=0.016674},
	{cf=CFrame.new(0.047028,1.189331,5.329758,0.999444,0.005229,-0.032942,0.000591,0.984703,0.174243,0.033349,-0.174165,0.984152),fov=56.714287,dt=0.015587},
	{cf=CFrame.new(0.045471,1.177917,5.319288,0.999475,0.004972,-0.032003,0.000489,0.985713,0.168429,0.032384,-0.168357,0.985194),fov=57.142853,dt=0.016646},
	{cf=CFrame.new(0.043884,1.166504,5.308786,0.999507,0.004719,-0.031037,0.000391,0.986689,0.162614,0.031391,-0.162546,0.986202),fov=57.571430,dt=0.016875},
	{cf=CFrame.new(0.042297,1.155090,5.298317,0.999539,0.004470,-0.030043,0.000296,0.987631,0.156796,0.030372,-0.156733,0.987174),fov=57.999996,dt=0.016879},
	{cf=CFrame.new(0.040771,1.143677,5.287846,0.999570,0.004224,-0.029020,0.000206,0.988537,0.150977,0.029325,-0.150918,0.988111),fov=58.428574,dt=0.016160},
	{cf=CFrame.new(0.039185,1.132263,5.277344,0.999601,0.003983,-0.027968,0.000119,0.989409,0.145156,0.028250,-0.145102,0.989013),fov=58.857147,dt=0.017307},
	{cf=CFrame.new(0.037231,1.118011,5.264273,0.999639,0.003687,-0.026616,0.000018,0.990449,0.137879,0.026870,-0.137830,0.990091),fov=59.714283,dt=0.018152},
	{cf=CFrame.new(0.035645,1.106598,5.253786,0.999669,0.003456,-0.025501,-0.000059,0.991242,0.132056,0.025734,-0.132011,0.990914),fov=60.142857,dt=0.016149},
	{cf=CFrame.new(0.034088,1.095184,5.243284,0.999698,0.003230,-0.024360,-0.000130,0.992000,0.126233,0.024573,-0.126192,0.991702),fov=60.571434,dt=0.016180},
	{cf=CFrame.new(0.032898,1.086639,5.235432,0.999720,0.003064,-0.023485,-0.000179,0.992547,0.121865,0.023684,-0.121827,0.992269),fov=60.571434,dt=0.016846},
	{cf=CFrame.new(0.031342,1.075226,5.224960,0.999748,0.002848,-0.022295,-0.000241,0.993244,0.116042,0.022475,-0.116007,0.992994),fov=61.000000,dt=0.015914},
	{cf=CFrame.new(0.029785,1.063812,5.214476,0.999775,0.002636,-0.021076,-0.000297,0.993907,0.110219,0.021238,-0.110188,0.993684),fov=61.428570,dt=0.017062},
	{cf=CFrame.new(0.028198,1.052399,5.203989,0.999801,0.002431,-0.019830,-0.000348,0.994536,0.104397,0.019975,-0.104370,0.994338),fov=61.857143,dt=0.016292},
	{cf=CFrame.new(0.026245,1.038147,5.190886,0.999831,0.002183,-0.018234,-0.000402,0.995272,0.097122,0.018360,-0.097098,0.995106),fov=62.714287,dt=0.017563},
	{cf=CFrame.new(0.024689,1.026733,5.180399,0.999855,0.001992,-0.016926,-0.000438,0.995823,0.091303,0.017037,-0.091282,0.995679),fov=63.142857,dt=0.018119},
	{cf=CFrame.new(0.023132,1.015320,5.169945,0.999877,0.001807,-0.015590,-0.000468,0.996339,0.085485,0.015687,-0.085467,0.996218),fov=63.571430,dt=0.016802},
	{cf=CFrame.new(0.021576,1.003906,5.159443,0.999898,0.001630,-0.014227,-0.000491,0.996821,0.079670,0.014311,-0.079655,0.996720),fov=64.000000,dt=0.016338},
	{cf=CFrame.new(0.019989,0.992493,5.148972,0.999917,0.001459,-0.012837,-0.000507,0.997269,0.073857,0.012909,-0.073844,0.997186),fov=64.428566,dt=0.015757},
	{cf=CFrame.new(0.018036,0.978241,5.135853,0.999938,0.001256,-0.011059,-0.000517,0.997780,0.066595,0.011118,-0.066585,0.997719),fov=64.857140,dt=0.020617},
	{cf=CFrame.new(0.016052,0.963989,5.122765,0.999957,0.001065,-0.009240,-0.000515,0.998238,0.059337,0.009287,-0.059330,0.998195),fov=65.285713,dt=0.021539},
	{cf=CFrame.new(0.014130,0.949707,5.109661,0.999972,0.000886,-0.007378,-0.000501,0.998643,0.052085,0.007414,-0.052080,0.998615),fov=65.714287,dt=0.022708},
	{cf=CFrame.new(0.012146,0.935455,5.096558,0.999985,0.000720,-0.005475,-0.000474,0.998994,0.044840,0.005501,-0.044836,0.998979),fov=66.571426,dt=0.021153},
	{cf=CFrame.new(0.010223,0.921204,5.083454,0.999994,0.000567,-0.003528,-0.000434,0.999293,0.037600,0.003547,-0.037598,0.999287),fov=67.000000,dt=0.020804},
	{cf=CFrame.new(0.008240,0.906921,5.070366,0.999999,0.000428,-0.001540,-0.000381,0.999539,0.030368,0.001552,-0.030367,0.999538),fov=67.428574,dt=0.030265},
	{cf=CFrame.new(0.002747,0.867004,5.033672,0.999990,0.000112,0.004520,-0.000158,0.999949,0.010160,-0.004518,-0.010161,0.999938),fov=69.142860,dt=0.058022},
	{cf=CFrame.new(-0.164795,1.386414,18.695580,1.000000,0.000005,-0.000448,-0.000000,0.999949,0.010160,0.000448,-0.010160,0.999948),fov=70.000000,dt=0.073097},
	{cf=CFrame.new(-0.149506,1.411957,18.690441,1.000000,0.000005,-0.000448,-0.000000,0.999949,0.010160,0.000448,-0.010160,0.999948),fov=70.000000,dt=0.058292},
	{cf=CFrame.new(-0.135986,1.432312,18.686260,1.000000,0.000004,-0.000448,0.000000,0.999949,0.010160,0.000448,-0.010160,0.999948),fov=70.000000,dt=0.051459},
	{cf=CFrame.new(-0.123993,1.449005,18.683235,1.000000,0.000004,-0.000448,0.000000,0.999949,0.010160,0.000448,-0.010160,0.999948),fov=70.000000,dt=0.099035},
	{cf=CFrame.new(-0.113464,1.461426,18.682377,1.000000,0.000004,-0.000448,0.000000,0.999949,0.010160,0.000448,-0.010160,0.999948),fov=70.000000,dt=0.055674},
	{cf=CFrame.new(-0.104156,1.470459,18.683548,1.000000,0.000004,-0.000448,0.000000,0.999949,0.010160,0.000448,-0.010160,0.999948),fov=70.000000,dt=0.041455},
	{cf=CFrame.new(-0.095978,1.478363,18.685482,1.000000,0.000004,-0.000448,0.000000,0.999949,0.010160,0.000448,-0.010160,0.999948),fov=70.000000,dt=0.027525},
	{cf=CFrame.new(-0.088776,1.485504,18.687748,1.000000,0.000005,-0.000448,0.000000,0.999949,0.010160,0.000448,-0.010160,0.999948),fov=70.000000,dt=0.028852},
	{cf=CFrame.new(-0.082520,1.491882,18.690281,1.000000,0.000005,-0.000448,0.000000,0.999949,0.010160,0.000448,-0.010160,0.999948),fov=70.000000,dt=0.030757},
	{cf=CFrame.new(-0.077026,1.497620,18.692818,1.000000,0.000005,-0.000448,0.000000,0.999949,0.010160,0.000448,-0.010160,0.999948),fov=70.000000,dt=0.033565},
	{cf=CFrame.new(-0.072296,1.502747,18.695282,1.000000,0.000005,-0.000448,0.000000,0.999949,0.010160,0.000448,-0.010160,0.999948),fov=70.000000,dt=0.019274},
	{cf=CFrame.new(-0.068176,1.507355,18.697540,1.000000,0.000005,-0.000448,0.000000,0.999949,0.010160,0.000448,-0.010160,0.999948),fov=70.000000,dt=0.017887},
	{cf=CFrame.new(-0.064575,1.511505,18.699589,1.000000,0.000005,-0.000448,0.000000,0.999949,0.010160,0.000448,-0.010160,0.999948),fov=70.000000,dt=0.017323},
}

local accumulated = 0
local index = 1
local smoothRootCF = root.CFrame

RunService:BindToRenderStep('FollowCinematic', Enum.RenderPriority.Camera.Value + 1, function(dt)

	accumulated += dt

	smoothRootCF = root.CFrame

	while frames[index] and accumulated >= frames[index].dt do

		accumulated -= frames[index].dt

		local f = frames[index]

		camera.CFrame = smoothRootCF * f.cf
		camera.FieldOfView = f.fov

		index += 1

	end

	if not frames[index] then
		RunService:UnbindFromRenderStep('FollowCinematic')
		camera.CameraType = Enum.CameraType.Custom
	end

end)
